id,name,skill_level,skill_number,consume_mp,consume_hp,consume_item_id,consume_amount,reuse_delay,buff_duration,target,target_to,damage_value,damage_dice,damage_dice_count,probability_value,probability_dice,probability_max,attr,type,lawful,ranged,area,through,skill_id,name_id,action_id,cast_gfx,cast_gfx2,sys_msg_id_happen,sys_msg_id_stop,sys_msg_id_fail,can_cast_with_invis,ignores_counter_magic,is_buff,impl
1,ヒール,1,0,4,0,0,0,10,0,buff,3,2,4,0,0,0,-1,4,16,0,-1,0,0,1,$1436,19,744,-1,77,0,280,1,1,0,\N
2,ライト,1,1,4,0,0,0,10,3600,none,0,0,0,0,0,0,-1,16,2,0,0,0,0,2,$1437,19,2510,-1,0,0,0,1,1,1,L1Light
3,シールド,1,2,8,0,0,0,10,1800,none,0,0,0,0,0,0,-1,0,2,0,0,0,0,4,$1438,19,221,-1,0,0,0,1,1,1,\N
4,エネルギー ボルト,1,3,3,0,0,0,10,0,attack,3,8,10,1,0,0,-1,16,64,0,10,0,0,8,$1439,18,167,-1,0,0,0,0,0,0,\N
5,テレポート,1,4,10,0,0,0,10,0,none,0,0,0,0,0,0,-1,0,128,0,0,0,0,16,$1440,19,169,-1,0,0,0,1,1,0,\N
6,アイス ダガー,1,5,4,0,0,0,10,0,attack,3,10,10,1,0,0,-1,4,64,0,10,0,0,32,$1966,18,1797,-1,0,0,0,0,0,0,\N
7,ウィンド カッター,1,6,4,0,0,0,10,0,attack,3,10,10,1,0,0,-1,8,64,0,10,0,0,64,$1967,18,1799,-1,0,0,0,0,0,0,\N
8,ホーリー ウェポン,1,7,10,0,0,0,0,1200,buff,3,0,0,0,0,0,-1,0,2,0,-1,0,0,128,$1977,19,2165,-1,0,0,0,1,1,0,\N
9,キュア ポイズン,2,0,15,0,0,0,0,0,buff,3,0,0,0,0,0,-1,0,2,0,-1,0,0,1,$1441,19,871,-1,211,0,280,1,1,0,\N
10,チル タッチ,2,1,8,0,0,0,0,0,attack,3,10,10,2,0,0,-1,4,64,-2,3,0,0,2,$1442,18,252,-1,0,0,0,0,0,0,\N
11,カーズ ポイズン,2,2,10,0,40318,1,0,30,buff,3,0,0,0,0,12,99,4,4,-10,1,0,0,4,$1443,19,10705,-1,0,0,280,0,0,0,\N
12,エンチャント ウェポン,2,3,20,0,0,0,0,1800,none,0,0,0,0,0,0,-1,2,2,0,0,0,0,8,$1444,19,747,-1,0,0,0,1,1,0,\N
13,ディテクション,2,4,15,0,0,0,500,0,none,3,0,0,0,0,0,-1,0,2,0,0,-1,0,16,$1445,19,749,-1,0,0,0,1,1,0,\N
14,ディクリース ウェイト,2,5,10,50,0,0,0,1800,none,0,0,0,0,0,0,-1,0,2,0,0,0,0,32,$1978,19,2170,-1,0,0,0,1,1,1,L1MarkerSkill
15,ファイアー アロー,2,6,6,0,0,0,0,0,attack,3,10,10,2,0,0,-1,2,64,0,10,0,0,64,$1968,18,1583,-1,0,0,0,0,0,0,\N
16,スタラック,2,7,6,0,0,0,0,0,attack,3,10,10,2,0,0,-1,1,64,0,10,0,0,128,$1969,18,1801,-1,0,0,0,0,0,0,\N
17,ライトニング,3,0,20,0,0,0,1000,0,attack,3,0,10,4,0,0,-1,8,64,0,6,0,0,1,$1446,18,170,-1,0,0,0,0,0,0,\N
18,ターン アンデッド,3,1,20,0,0,0,0,0,attack,2,0,0,0,0,7,98,1,4,0,10,0,0,2,$1970,19,754,-1,0,0,280,0,0,0,\N
19,エキストラ ヒール,3,2,15,0,0,0,0,0,buff,3,4,8,0,0,0,-1,4,16,0,-1,0,0,4,$1448,19,829,-1,77,0,280,1,1,0,\N
20,カーズ ブラインド,3,3,20,0,0,0,500,16,buff,3,0,0,0,0,11,99,0,4,-10,1,0,0,8,$1449,19,10703,-1,0,0,280,0,0,0,\N
21,ブレスド アーマー,3,4,20,0,0,0,0,1800,none,0,0,0,0,0,0,-1,0,2,0,0,0,0,16,$1450,19,748,-1,0,0,0,1,1,0,\N
22,フローズン クラウド,3,5,20,0,0,0,300,0,attack,3,0,4,8,0,0,-1,4,64,0,6,3,0,32,$1447,18,6012,-1,0,0,0,0,0,0,\N
23,ウィーク エレメンタル,3,6,8,0,0,0,0,0,buff,2,0,0,0,0,0,-1,0,128,0,-1,0,0,64,$1979,19,2510,-1,0,0,280,0,0,0,\N
24,none,3,7,0,0,0,0,0,0,none,0,0,0,0,0,0,-1,0,0,0,0,0,0,128,,19,189,-1,0,0,0,0,0,0,\N
25,ファイアー ボール,4,0,20,0,0,0,1000,0,attack,3,0,9,5,0,0,-1,2,64,0,6,3,0,1,$1451,18,171,-1,0,0,0,0,0,0,\N
26,フィジカル エンチャント：DEX,4,1,50,0,0,0,0,1200,buff,4,0,0,0,0,0,-1,8,2,0,-1,0,0,2,$1452,19,750,-1,294,0,280,1,1,1,\N
27,ウェポン ブレイク,4,2,32,0,40318,1,3000,0,buff,3,0,0,0,0,10,90,2,4,-10,4,0,0,4,$1453,19,172,-1,0,0,280,0,0,0,\N
28,バンパイアリック タッチ,4,3,12,0,0,0,100,0,attack,3,15,10,3,0,0,-1,4,64,-5,4,0,0,8,$1454,18,236,-1,0,0,0,0,0,0,\N
29,スロー,4,4,20,0,40318,1,1000,64,buff,3,0,0,0,0,12,99,8,1,0,-1,0,0,16,$1455,19,752,-1,277,0,280,0,0,0,\N
30,アース ジェイル,4,5,24,0,0,0,400,0,attack,3,0,8,5,0,0,-1,1,64,0,8,3,0,32,$1971,18,1805,-1,0,0,0,0,0,0,\N
31,カウンター マジック,4,6,20,0,40318,1,0,16,none,0,0,0,0,0,0,-1,0,2,0,0,0,0,64,$1980,19,10701,10702,0,0,0,1,1,0,\N
32,メディテーション,4,7,5,30,0,0,0,640,none,0,0,0,0,0,0,-1,0,2,0,0,0,0,128,$1981,19,2173,-1,0,0,0,1,1,1,L1MarkerSkill
33,カーズ パラライズ,5,0,80,0,40318,2,5000,4,buff,3,0,0,0,0,8,80,1,4,-500,1,0,0,1,$1456,19,10704,-1,0,0,280,0,0,0,\N
34,コール ライトニング,5,1,18,0,0,0,1000,0,attack,3,40,8,5,0,0,-1,8,64,0,6,0,0,2,$1457,18,10,-1,0,0,0,0,0,0,\N
35,グレーター ヒール,5,2,20,0,0,0,200,0,buff,3,10,8,0,0,0,-1,4,16,0,-1,0,0,4,$1458,19,830,-1,77,0,280,1,1,0,\N
36,テイミング モンスター,5,3,30,20,40318,1,0,3600,buff,2,0,0,0,0,6,45,0,1,0,-1,0,0,8,$1459,19,228,-1,0,324,280,0,0,0,\N
37,リムーブ カーズ,5,4,20,0,0,0,0,0,buff,3,0,0,0,0,0,-1,8,2,0,-1,0,0,16,$1460,19,227,-1,155,0,280,1,1,0,\N
38,コーン オブ コールド,5,5,18,0,0,0,400,0,attack,3,40,6,5,0,0,-1,4,64,0,6,0,0,32,$1972,18,1809,-1,0,0,0,0,0,0,\N
39,マナ ドレイン,5,6,1,50,0,0,400,0,buff,3,0,0,0,0,12,99,0,1,0,4,0,0,64,$1982,19,2171,-1,690,0,280,0,0,0,\N
40,ダークネス,5,7,15,0,40318,1,0,32,buff,3,0,0,0,0,15,99,0,1,-10,3,0,0,128,$1983,19,2175,-1,0,0,280,0,0,0,\N
41,クリエイト ゾンビ,6,0,5,80,40318,1,0,0,buff,2,0,0,0,0,0,-1,1,32,-10,-1,0,0,1,$1461,19,226,-1,0,0,280,0,0,0,\N
42,フィジカル エンチャント：STR,6,1,50,0,0,0,0,1200,buff,4,0,0,0,0,0,-1,2,2,0,-1,0,0,2,$1462,19,6342,-1,292,0,280,1,1,1,\N
43,ヘイスト,6,2,40,0,0,0,0,1200,buff,3,0,0,0,0,0,-1,8,2,0,-1,0,0,4,$1463,19,755,-1,184,185,280,1,1,1,\N
44,キャンセレーション,6,3,40,0,40318,2,0,0,buff,3,0,0,0,0,12,80,8,1,0,-1,0,0,8,$1464,19,870,-1,0,0,280,1,1,0,\N
45,イラプション,6,4,20,0,0,0,400,0,attack,3,50,3,5,0,0,-1,1,64,0,8,0,0,16,$1465,18,129,-1,0,0,0,0,0,0,\N
46,サン バースト,6,5,20,0,0,0,500,0,attack,3,40,5,16,0,0,-1,2,64,0,3,0,0,32,$1973,18,1811,-1,0,0,0,0,0,0,\N
47,ウィークネス,6,6,10,0,40318,1,500,64,buff,3,0,0,0,0,15,99,0,4,-10,3,0,0,64,$1984,19,2228,-1,0,0,280,0,0,1,L1Weakness
48,ブレス ウェポン,6,7,20,0,0,0,0,1200,buff,3,0,0,0,0,0,-1,0,2,0,-1,0,0,128,$1985,19,2176,-1,0,0,0,1,1,0,\N
49,ヒール オール,7,0,50,30,0,0,500,0,none,20,10,8,0,0,0,-1,4,16,0,0,-1,0,1,$1466,19,759,832,0,0,0,1,1,0,\N
50,アイス ランス,7,1,36,0,0,0,1000,16,attack,3,50,5,6,0,9,35,4,64,0,6,0,0,2,$1467,18,756,-1,0,0,0,0,0,0,\N
51,サモン モンスター,7,2,30,30,40318,3,1000,0,none,0,0,0,0,0,0,-1,1,128,-10,0,0,0,4,$1468,19,2510,-1,0,0,0,0,0,0,\N
52,ホーリー ウォーク,7,3,15,0,0,0,0,64,none,0,0,0,0,0,0,-1,8,2,0,0,0,0,8,$1469,19,3936,-1,0,0,0,1,1,1,\N
53,トルネード,7,4,40,0,0,0,1000,0,none,3,20,10,5,0,0,-1,8,64,0,0,4,0,16,$1470,18,758,-1,0,0,0,0,0,0,\N
54,グレーター ヘイスト,7,5,60,0,0,0,0,2400,none,0,0,0,0,0,0,-1,8,2,0,0,0,0,32,$1976,19,3104,-1,184,185,0,1,1,1,\N
55,バーサーカー,7,6,40,0,0,0,0,320,buff,12,0,0,0,0,0,-1,0,2,0,-1,0,0,64,$1986,19,3943,-1,0,0,280,1,1,1,L1Berserkers
56,ディジーズ,7,7,10,0,40318,1,0,64,buff,3,0,0,0,0,13,99,0,4,-10,3,0,0,128,$1987,19,2230,-1,0,0,280,0,0,1,L1Disease
57,フル ヒール,8,0,48,0,0,0,500,0,buff,3,12,12,0,0,0,-1,12,16,0,-1,0,0,1,$1471,19,831,-1,77,0,280,1,1,0,\N
58,ファイアー ウォール,8,1,60,0,0,0,0,10,attack,3,41,0,0,0,0,-1,2,64,0,8,0,0,2,$1472,18,168,-1,0,0,0,0,0,0,\N
59,ブリザード,8,2,60,10,0,0,1500,0,none,3,3,10,3,0,0,-1,4,64,-10,0,10,0,4,$1473,18,757,-1,0,0,0,0,0,0,\N
60,インビジビリティ,8,3,15,0,40318,1,0,0,none,0,0,0,0,0,0,-1,0,2,0,0,0,0,8,$1474,19,-1,-1,0,0,0,1,1,0,\N
61,リザレクション,8,4,50,0,0,0,0,0,buff,3,0,0,0,0,0,-1,0,32,0,-1,0,0,16,$1475,19,3944,-1,0,0,280,1,1,0,\N
62,アース クエイク,8,5,40,0,0,0,500,0,none,3,40,10,6,0,0,-1,1,64,0,0,3,0,32,$1974,18,1812,-1,0,0,0,0,0,0,\N
63,ライフ ストリーム,8,6,20,0,40318,1,0,320,buff,32,0,0,0,0,0,-1,0,2,0,-1,3,0,64,$1988,19,2231,-1,0,0,0,1,1,0,\N
64,サイレンス,8,7,20,0,40318,1,0,16,buff,3,0,0,0,0,13,99,0,1,0,3,0,0,128,$1989,19,2177,-1,0,0,280,0,0,1,L1MarkerSkill
65,ライトニング ストーム,9,0,48,0,0,0,500,0,attack,3,35,10,5,0,0,-1,8,64,0,10,3,0,1,$1476,18,3924,-1,0,0,0,0,0,0,\N
66,フォグ オブ スリーピング,9,1,40,0,40318,1,1500,32,buff,3,0,0,0,0,8,95,4,4,-50,10,3,0,2,$1477,19,760,-1,0,0,280,0,0,0,\N
67,シェイプ チェンジ,9,2,80,0,40318,1,0,7200,buff,1,0,0,0,0,0,-1,0,2,0,-1,0,0,4,$1478,19,230,-1,0,0,280,1,1,1,\N
68,イミューン トゥ ハーム,9,3,30,0,40318,2,1500,32,buff,4,0,0,0,0,0,-1,0,2,0,-1,0,0,8,$1479,19,228,-1,314,315,280,1,1,0,\N
69,マス テレポート,9,4,60,0,40318,1,0,0,none,4,0,0,0,0,0,-1,0,128,0,0,2,0,16,$1480,19,2236,-1,0,0,0,1,1,0,\N
70,ファイアー ストーム,9,5,48,0,0,0,400,0,none,3,30,15,8,0,0,-1,2,64,0,0,3,0,32,$1975,18,1819,-1,0,0,0,0,0,0,\N
71,ディケイ ポーション,9,6,20,0,40318,2,500,16,buff,3,0,0,0,0,10,95,0,1,0,3,0,0,64,$1990,19,2232,-1,0,0,280,0,0,1,L1MarkerSkill
72,カウンター ディテクション,9,7,30,0,0,0,0,0,none,3,30,10,4,0,0,-1,0,64,0,0,-1,0,128,$1991,19,3934,-1,0,0,0,1,1,0,\N
73,クリエイト マジカル ウェポン,10,0,200,0,40318,10,0,0,none,0,0,0,0,0,0,-1,2,0,0,0,0,0,1,$1481,19,763,-1,685,0,0,1,1,0,\N
74,メテオ ストライク,10,1,60,0,0,0,1500,0,attack,3,80,15,10,0,0,-1,2,64,0,10,3,0,2,$1482,18,762,-1,0,0,0,0,0,0,\N
75,グレーター リザレクション,10,2,100,0,40318,1,0,0,buff,3,0,0,0,0,0,-1,0,32,0,-1,0,0,4,$1483,19,3944,-1,0,0,280,1,1,0,\N
76,マス スロー,10,3,20,0,40318,2,3000,64,buff,3,0,0,0,0,9,99,1,1,0,-1,3,0,8,$1484,19,3932,-1,0,0,280,0,0,0,\N
77,ディスインテグレート,10,4,70,0,0,0,5000,0,attack,3,125,18,9,0,0,-1,16,64,1,10,0,0,16,$1485,18,1815,-1,0,0,0,0,0,0,\N
78,アブソルート バリア,10,5,30,0,40318,2,12000,12,none,0,0,0,0,0,0,-1,0,2,0,0,0,0,32,$1992,19,2234,-1,0,0,0,1,1,1,L1AbsoluteBarrier
79,アドバンスド スピリッツ,10,6,20,0,0,0,0,1800,buff,1,0,0,0,0,0,-1,0,2,0,-1,0,0,64,$1993,19,3935,-1,0,0,280,1,1,0,\N
80,フリージング ブリザード,10,7,60,0,0,0,2000,32,none,3,3,10,3,0,5,50,4,64,-10,0,10,0,128,$1994,18,3933,-1,0,0,0,0,0,0,\N
81,none,7,0,0,0,0,0,0,0,none,0,0,0,0,0,0,-1,0,0,0,0,0,0,0,,19,-1,-1,0,0,0,0,0,0,\N
82,none,7,0,0,0,0,0,0,0,none,0,0,0,0,0,0,-1,0,0,0,0,0,0,10,,19,-1,-1,0,0,0,0,0,0,\N
83,none,7,0,0,0,0,0,0,0,none,0,0,0,0,0,0,-1,0,0,0,0,0,0,3,,19,-1,-1,0,0,0,0,0,0,\N
84,none,7,0,0,0,0,0,0,0,none,0,0,0,0,0,0,-1,0,0,0,0,0,0,0,,19,-1,-1,0,0,0,0,0,0,\N
85,none,7,0,0,0,0,0,0,900,none,0,0,0,0,0,0,-1,0,0,0,0,0,0,0,,19,2059,-1,0,0,0,0,0,0,\N
86,none,7,0,0,0,0,0,0,30,none,0,0,0,0,0,0,-1,0,0,0,0,0,0,0,,19,760,-1,0,0,0,0,0,0,\N
87,ショック スタン,11,6,15,0,0,0,1500,6,buff,3,0,0,0,50,0,99,0,1,0,1,0,0,64,,19,4434,-1,0,0,280,0,1,0,\N
88,リダクション アーマー,11,7,7,50,0,0,3000,192,none,0,0,0,0,0,0,-1,0,2,0,0,0,0,128,,19,4824,-1,0,0,0,1,1,0,\N
89,バウンス アタック,12,0,10,60,0,0,5000,64,none,0,0,0,0,0,0,-1,0,2,0,0,0,0,1,,19,4648,-1,0,0,0,1,1,0,\N
90,ソリッド キャリッジ,12,1,10,100,0,0,3000,64,none,0,0,0,0,0,0,-1,0,2,0,0,0,0,2,,19,5831,-1,0,0,0,1,1,0,\N
91,カウンター バリア,12,2,10,100,0,0,0,64,none,0,0,0,0,25,0,-1,0,2,0,0,0,0,4,,19,10709,-1,0,0,0,1,1,0,\N
92,none,7,0,0,0,0,0,0,1200,none,0,0,0,0,0,0,-1,0,0,0,0,0,0,0,,19,5906,-1,0,0,0,0,0,0,\N
93,none,7,0,0,0,0,0,0,1200,none,0,0,0,0,0,0,-1,0,0,0,0,0,0,0,,19,5907,-1,0,0,0,0,0,0,\N
94,none,7,0,0,0,0,0,0,1200,none,0,0,0,0,0,0,-1,0,0,0,0,0,0,0,,19,5908,-1,0,0,0,0,0,0,\N
95,none,7,0,0,0,0,0,0,1200,none,0,0,0,0,0,0,-1,0,0,0,0,0,0,0,,19,5909,-1,0,0,0,0,0,0,\N
96,none,7,0,0,0,0,0,0,1200,none,0,0,0,0,0,0,-1,0,0,0,0,0,0,0,,19,5910,-1,0,0,0,0,0,0,\N
97,ブラインド ハイディング,13,0,10,0,0,0,10000,32,none,0,0,0,0,0,0,-1,0,2,0,0,0,0,1,$2504,19,2941,-1,0,0,0,1,1,0,\N
98,エンチャント ベノム,13,1,10,1,40321,1,0,320,none,0,0,0,0,0,0,-1,0,2,0,0,0,0,2,$2505,19,2942,-1,814,827,0,1,1,0,\N
99,シャドウ アーマー,13,2,12,0,0,0,0,960,none,0,0,0,0,0,0,-1,0,2,0,0,0,0,4,$2506,19,2943,-1,0,0,0,1,1,1,\N
100,ブリング ストーン,13,3,5,0,0,0,0,0,none,0,0,0,0,0,0,-1,0,2,0,0,0,0,8,$2507,19,2944,-1,0,0,0,1,1,0,\N
101,ムービング アクセレーション,13,4,10,0,0,0,0,960,none,0,0,0,0,0,0,-1,0,2,0,0,0,0,16,$2508,19,2945,-1,0,0,0,1,1,1,\N
102,バーニング スピリッツ,13,5,20,0,0,0,3000,300,none,0,0,0,0,0,0,-1,0,2,0,0,0,0,32,$2509,19,2946,-1,0,0,0,1,1,0,\N
103,シャドウ スリープ,13,6,20,0,40321,1,1000,3,buff,3,0,0,0,40,0,99,0,1,-10,3,0,0,64,$2510,19,9218,-1,0,0,280,0,0,0,\N
104,ベノム レジスト,13,7,20,0,0,0,0,320,none,0,0,0,0,0,0,-1,0,2,0,0,0,0,128,$2511,19,2948,-1,0,0,0,1,1,1,L1MarkerSkill
105,ダブル ブレイク,14,0,20,0,40321,1,0,192,none,0,0,0,0,0,0,-1,0,2,0,0,0,0,1,$2512,19,2949,-1,823,829,0,1,1,0,\N
106,アンキャニー ドッジ,14,1,20,0,0,0,0,192,none,0,0,0,0,0,0,-1,0,2,0,0,0,0,2,$2513,19,2950,-1,0,0,0,1,1,0,\N
107,シャドウ ファング,14,2,20,0,40321,1,0,192,none,0,0,0,0,0,0,-1,0,2,0,0,0,0,4,$2514,19,2951,-1,0,0,0,1,1,0,\N
108,ファイナル バーン,14,3,1,1,0,0,0,0,attack,3,0,0,0,0,0,-1,0,64,0,1,0,0,8,$2515,18,2952,-1,0,0,0,0,0,0,\N
109,ドレス マイティー,14,4,10,0,0,0,0,960,none,0,0,0,0,0,0,-1,0,2,0,0,0,0,16,,19,3909,-1,292,293,0,1,1,1,\N
110,ドレス デクスタリティー,14,5,10,0,0,0,0,960,none,0,0,0,0,0,0,-1,0,2,0,0,0,0,32,,19,3910,-1,294,295,0,1,1,1,\N
111,ドレス イベイジョン,14,6,15,0,0,0,0,32,none,0,0,0,0,0,0,-1,0,2,0,0,0,0,64,,19,3911,-1,0,0,0,1,1,1,L1MarkerSkill
112,アーマー ブレイク,14,7,40,30,40321,2,4000,8,buff,1,0,0,0,33,40,99,0,1,0,1,0,0,128,,19,3400,-1,0,0,0,0,0,1,\N
113,トゥルーターゲット,15,0,1,0,0,0,0,0,buff,3,0,0,0,0,0,-1,0,2,0,15,0,0,1,$1995,19,1765,-1,0,0,0,1,1,0,\N
114,グローイング オーラ,15,1,25,0,0,0,0,640,none,8,0,0,0,0,0,-1,0,2,0,0,-1,0,2,$1996,19,-1,-1,0,0,0,1,1,1,\N
115,シャイニング シールド,15,2,25,0,0,0,0,640,none,0,0,0,0,0,0,-1,0,2,0,0,0,0,4,$1977,19,-1,-1,0,0,0,1,1,1,\N
116,コールクラン,15,3,30,0,0,0,0,0,buff,0,0,0,0,0,0,-1,0,2,0,0,0,0,8,,19,-1,-1,0,0,280,1,1,0,\N
117,ブレイブ オーラ,15,4,25,0,0,0,0,640,none,8,0,0,0,0,0,-1,0,2,0,0,-1,0,16,$3178,19,-1,-1,0,0,0,1,1,1,\N
118,ラン クラン,15,5,30,0,0,0,0,0,buff,0,0,0,0,0,0,-1,0,2,0,0,0,0,32,,19,-1,-1,0,0,280,1,1,0,\N
119,ディバイン サクリファイス,15,6,50,30,0,0,500,0,none,20,10,8,0,0,0,-1,4,16,0,0,-1,0,64,ディバイン サクリファイス,19,2279,-1,0,0,0,1,1,0,\N
120,アヴァター,15,7,30,30,40318,3,1000,0,none,0,0,0,0,0,0,-1,1,128,-10,0,0,0,128,アヴァター,19,2280,-1,0,0,0,0,0,0,\N
121,none,11,0,0,0,0,0,0,0,none,0,0,0,0,0,0,-1,0,0,0,0,0,0,1,,19,-1,-1,0,0,0,0,0,0,\N
123,none,11,0,0,0,0,0,0,0,none,0,0,0,0,0,0,-1,0,0,0,0,0,0,2,,19,-1,-1,0,0,0,0,0,0,\N
124,none,11,0,0,0,0,0,0,0,none,0,0,0,0,0,0,-1,0,0,0,0,0,0,4,,19,-1,-1,0,0,0,0,0,0,\N
125,none,11,0,0,0,0,0,0,0,none,0,0,0,0,0,0,-1,0,0,0,0,0,0,8,,19,-1,-1,0,0,0,0,0,0,\N
126,none,11,0,0,0,0,0,0,0,none,0,0,0,0,0,0,-1,0,0,0,0,0,0,16,,19,-1,-1,0,0,0,0,0,0,\N
127,none,11,0,0,0,0,0,0,0,none,0,0,0,0,0,0,-1,0,0,0,0,0,0,32,,19,-1,-1,0,0,0,0,0,0,\N
128,none,11,0,0,0,0,0,0,0,none,0,0,0,0,0,0,-1,0,0,0,0,0,0,64,,19,-1,-1,0,0,0,0,0,0,\N
129,レジスト マジック,17,0,5,0,40319,1,0,1200,none,0,0,0,0,0,0,-1,0,2,0,0,0,0,1,,19,2186,-1,0,719,0,1,1,0,\N
130,ボディ トゥ マインド,17,1,0,8,0,0,400,0,none,0,0,0,0,0,0,-1,0,2,0,0,0,0,2,,19,2179,-1,702,0,0,1,1,0,\N
131,テレポート トゥ マザー,17,2,10,0,0,0,0,0,none,0,0,0,0,0,0,-1,0,128,0,0,0,0,4,,19,169,-1,0,0,0,1,1,0,\N
132,トリプル アロー,17,3,15,0,0,0,400,0,attack,3,0,0,0,0,0,-1,0,64,0,-1,0,0,8,,18,-1,-1,0,0,0,0,1,0,\N
133,エレメンタル フォールダウン,17,4,10,0,0,0,0,32,buff,3,0,0,0,33,30,-1,0,1,0,10,0,0,16,,19,4396,-1,0,0,280,1,0,1,L1ElementalFallDown
134,カウンター ミラー,17,5,10,0,40319,1,0,16,none,0,0,0,0,0,0,99,0,2,0,0,0,0,32,,19,4395,-1,0,0,280,1,1,1,L1MarkerSkill
135,none,11,0,0,0,0,0,0,0,none,0,0,0,0,0,0,-1,0,0,0,0,0,0,128,,19,-1,-1,0,0,0,0,0,0,\N
136,none,11,0,0,0,0,0,0,0,none,0,0,0,0,0,0,-1,0,0,0,0,0,0,128,,19,-1,-1,0,0,0,0,0,0,\N
137,クリアー マインド,18,0,10,0,40319,1,0,1200,none,0,0,0,0,0,0,-1,0,2,0,0,0,0,1,,19,2180,-1,0,722,0,1,1,0,\N
138,レジスト エレメント,18,1,10,0,40319,1,0,1200,none,0,0,0,0,0,0,-1,0,2,0,0,0,0,2,,19,2184,-1,0,721,0,1,1,0,\N
139,none,11,0,0,0,0,0,0,0,none,0,0,0,0,0,0,-1,0,0,0,0,0,0,4,,19,-1,-1,0,0,0,0,0,0,\N
140,none,11,0,0,0,0,0,0,0,none,0,0,0,0,0,0,-1,0,0,0,0,0,0,8,,19,-1,-1,0,0,0,0,0,0,\N
141,none,11,0,0,0,0,0,0,0,none,0,0,0,0,0,0,-1,0,0,0,0,0,0,16,,19,-1,-1,0,0,0,0,0,0,\N
142,none,11,0,0,0,0,0,0,0,none,0,0,0,0,0,0,-1,0,0,0,0,0,0,32,,19,-1,-1,0,0,0,0,0,0,\N
143,none,11,0,0,0,0,0,0,0,none,0,0,0,0,0,0,-1,0,0,0,0,0,0,64,,19,-1,-1,0,0,0,0,0,0,\N
144,none,11,0,0,0,0,0,0,0,none,0,0,0,0,0,0,-1,0,0,0,0,0,0,128,,19,-1,-1,0,0,0,0,0,0,\N
145,リターン トゥ ネイチャー,19,0,30,0,40319,2,0,0,buff,16,0,0,0,50,30,90,0,1,0,-1,0,0,1,,19,2245,-1,0,0,280,0,0,0,\N
146,ブラッディ ソウル,19,1,0,50,0,0,1200,0,none,0,0,0,0,0,0,-1,0,2,0,0,0,0,2,,19,2178,-1,0,0,0,1,1,0,\N
147,エレメンタル プロテクション,19,2,6,0,40319,1,0,64,none,0,0,0,0,0,0,-1,0,2,0,0,0,0,4,,19,2285,-1,0,0,0,1,1,0,\N
148,ファイアー ウェポン,19,3,15,0,0,0,0,960,buff,1,0,0,0,0,0,-1,2,2,0,-1,0,0,8,,19,2182,-1,0,723,280,1,1,1,\N
149,ウィンド ショット,19,4,15,0,0,0,0,960,buff,1,0,0,0,0,0,-1,8,2,0,-1,0,0,16,,19,2246,-1,0,724,280,1,1,1,\N
150,ウィンド ウォーク,19,5,15,0,0,0,0,960,none,0,0,0,0,0,0,-1,8,2,0,0,0,0,32,,19,2247,-1,0,0,0,1,1,1,\N
151,アース スキン,19,6,15,0,0,0,0,960,buff,1,0,0,0,0,0,-1,1,2,0,-1,0,0,64,,19,2249,-1,0,725,280,1,1,1,\N
152,エンタングル,19,7,20,0,40319,1,0,64,buff,3,0,0,0,33,30,-1,1,1,0,10,0,0,128,,19,2250,-1,711,0,280,0,0,0,\N
153,イレース マジック,20,0,18,0,40319,1,0,32,buff,3,0,0,0,33,30,99,0,1,0,8,0,0,1,,19,2181,-1,0,0,280,0,0,1,L1MarkerSkill
154,レッサー エレメンタル,20,1,20,0,40319,2,0,0,none,0,0,0,0,0,0,-1,0,128,0,0,0,0,2,,19,2510,-1,0,0,0,0,0,0,\N
155,ファイアー ブレス,20,2,40,0,0,0,0,960,none,8,0,0,0,0,0,-1,2,2,0,0,-1,0,4,,19,2286,-1,0,723,0,1,1,1,\N
156,ストーム アイ,20,3,40,0,0,0,0,960,none,8,0,0,0,0,0,-1,8,2,0,0,-1,0,8,,19,2288,-1,0,724,0,1,1,1,\N
157,アース バインド,20,4,18,0,40319,2,0,12,buff,3,0,0,0,33,30,-1,1,1,0,8,0,0,16,,19,2251,-1,0,0,280,0,0,0,\N
158,ネイチャーズ タッチ,20,5,20,0,0,0,0,320,buff,1,0,0,0,0,0,-1,4,2,0,15,0,0,32,,19,2243,-1,0,0,280,1,1,1,L1NaturesTouch
159,アース ブレス,20,6,40,0,0,0,0,960,none,8,0,0,0,0,0,-1,1,2,0,0,-1,0,64,,19,2287,-1,0,725,0,1,1,1,\N
160,アクア プロテクター,20,7,30,0,0,0,0,960,buff,1,0,0,0,0,0,-1,4,2,0,8,0,0,128,,19,5829,-1,0,0,0,0,0,0,\N
161,エリア サイレンス,21,0,40,0,40319,8,9000,16,none,3,0,0,0,33,30,90,0,1,0,0,15,1,1,,19,2241,-1,0,0,0,0,1,0,\N
162,グレーター エレメンタル,21,1,20,0,40319,4,0,0,none,0,0,0,0,0,0,-1,0,128,0,0,0,0,2,,19,2510,-1,0,0,0,0,0,0,\N
163,バーニング ウェポン,21,2,30,0,0,0,0,960,none,0,0,0,0,0,0,-1,2,2,0,0,0,0,4,,19,2242,-1,0,723,280,1,1,1,\N
164,ネイチャーズ ブレッシング,21,3,30,0,0,0,0,0,none,8,10,12,0,0,0,-1,4,16,0,0,-1,0,8,,19,2244,-1,0,0,0,1,1,0,\N
165,コール オブ ネイチャー,21,4,50,0,40319,1,0,0,buff,3,0,0,0,0,0,-1,4,32,0,8,0,0,16,,19,2245,-1,0,0,280,1,1,0,\N
166,ストーム ショット,21,5,30,0,0,0,0,960,none,0,0,0,0,0,0,-1,8,2,0,0,0,0,32,,19,2248,-1,0,724,280,1,1,1,\N
167,ウィンド シャックル,21,6,15,0,40319,1,0,16,buff,3,0,0,0,33,30,99,8,1,0,8,0,0,64,,19,1799,-1,1001,0,280,0,0,1,L1WindShackle
168,アイアン スキン,21,7,30,0,0,0,0,960,none,0,0,0,0,0,0,-1,1,2,0,0,0,0,128,,19,2252,-1,714,725,280,1,1,1,\N
169,エキゾチック バイタライズ,22,0,30,0,40319,1,0,960,none,0,0,0,0,0,0,-1,1,2,0,0,0,0,1,,19,4400,-1,0,0,0,1,1,0,\N
170,ウォーター ライフ,22,1,1,0,40319,1,0,64,buff,1,0,0,0,0,0,-1,4,2,0,15,0,0,2,,19,4401,-1,0,0,280,1,1,0,\N
171,エレメンタル ファイアー,22,2,20,0,40319,1,0,320,none,0,0,0,0,0,0,-1,2,2,0,0,0,0,4,,19,4402,-1,0,0,0,1,1,1,L1MarkerSkill
172,ストーム ウォーク,22,3,10,0,0,0,0,0,none,0,0,0,0,0,0,-1,8,128,0,0,0,0,8,,19,-1,-1,0,0,0,0,0,0,\N
173,ポルート ウォーター,22,4,20,0,40319,1,0,64,buff,3,0,0,0,33,50,90,4,1,0,3,0,0,16,,19,5830,-1,0,0,280,0,0,1,L1MarkerSkill
174,ストライカー ゲイル,22,5,15,0,40319,3,0,64,buff,3,0,0,0,33,30,99,8,1,0,6,0,0,32,,19,5826,-1,0,0,280,0,0,1,L1MarkerSkill
175,ソウル オブ フレイム,22,6,30,0,40319,3,0,64,none,0,0,0,0,0,0,-1,2,2,0,0,0,0,64,,19,5833,-1,0,0,0,1,1,1,L1MarkerSkill
176,アディショナル ファイアー,22,7,30,0,40319,1,0,960,none,0,0,0,0,0,0,-1,2,2,0,0,0,0,128,,19,5825,-1,0,0,0,1,1,1,L1MarkerSkill
177,none,23,0,0,0,0,0,0,0,none,0,0,0,0,0,0,-1,0,0,0,0,0,0,1,,0,-1,-1,0,0,0,0,0,0,\N
178,none,23,1,0,0,0,0,0,0,none,0,0,0,0,0,0,-1,0,0,0,0,0,0,2,,0,-1,-1,0,0,0,0,0,0,\N
179,none,23,2,0,0,0,0,0,0,none,0,0,0,0,0,0,-1,0,0,0,0,0,0,4,,0,-1,-1,0,0,0,0,0,0,\N
180,none,23,3,0,0,0,0,0,0,none,0,0,0,0,0,0,-1,0,0,0,0,0,0,8,,0,-1,-1,0,0,0,0,0,0,\N
181,ドラゴン スキン,23,4,0,12,0,0,0,1800,none,0,0,0,0,0,0,-1,0,2,0,0,0,0,16,$5920,19,6531,-1,0,0,0,1,1,1,L1MarkerSkill
182,バーニング スラッシュ,23,5,0,6,0,0,0,60,none,0,0,0,0,0,0,-1,2,2,0,0,0,0,32,$5921,19,6590,-1,0,0,0,0,0,0,\N
183,ガード ブレイク,23,6,0,20,0,0,0,32,buff,3,0,0,0,0,26,40,0,1,0,3,0,0,64,$5922,19,6508,-1,0,0,280,0,0,1,L1GuardBrake
184,マグマ ブレス,23,7,10,0,0,0,0,0,attack,3,45,0,0,0,0,-1,2,64,0,5,0,0,128,$5923,18,6516,-1,0,0,0,0,0,0,\N
185,覚醒[アンタラス],24,0,20,10,49157,1,0,600,none,3,0,0,0,0,0,-1,0,2,0,0,0,0,1,$5924,19,6975,-1,0,0,0,1,1,0,\N
186,ブラッドラスト,24,1,0,30,49157,1,0,300,none,0,0,0,0,0,0,-1,0,2,0,0,0,0,2,$5925,19,6523,-1,0,0,0,0,0,1,\N
187,フォー スレイヤー,24,2,0,16,0,0,0,0,attack,3,0,0,0,0,0,-1,0,64,0,2,0,0,4,$5926,18,-1,-1,0,0,0,0,1,0,\N
188,フィアー,24,3,0,12,0,0,0,16,buff,3,0,0,0,0,26,30,0,1,0,5,0,0,8,$5927,19,6586,-1,0,0,280,0,0,0,\N
189,マグマ アロー,24,4,5,0,0,0,0,0,attack,3,10,10,2,0,0,-1,2,64,0,10,0,0,16,$5928,18,1583,-1,0,0,0,0,0,0,\N
190,覚醒[パプリオン],24,5,30,20,49157,1,0,600,none,3,0,0,0,0,0,-1,0,2,0,0,0,0,32,$5929,19,6976,-1,0,0,0,1,1,0,\N
191,モータル ボディ,24,6,0,50,0,0,0,300,none,0,0,0,0,0,0,-1,0,2,0,0,0,0,64,$5930,19,6519,-1,0,0,0,0,0,1,L1MarkerSkill
192,サンダー グラップ,24,7,0,35,0,0,0,4,attack,3,40,8,5,50,0,50,8,64,0,8,0,0,128,$5931,18,6512,-1,0,0,0,0,0,0,\N
193,ホラー オブ デス,25,0,0,20,0,0,0,32,buff,3,0,0,0,0,26,40,0,1,0,5,0,0,1,$5932,19,6588,-1,0,0,280,0,0,1,L1HorrorOfDeath
194,アイ オブ ドラゴン,25,1,15,0,0,0,500,0,none,3,0,0,0,0,0,-1,0,2,0,0,-1,0,16,$5993,19,749,-1,0,0,0,1,1,0,\N
195,覚醒[ヴァラカス],25,2,50,30,49157,1,0,600,none,3,0,0,0,0,0,-1,0,2,0,0,0,0,4,$5934,19,6922,-1,0,0,0,1,1,0,\N
196,none,25,3,0,0,0,0,0,0,none,0,0,0,0,0,0,-1,0,0,0,0,0,0,8,,0,-1,-1,0,0,0,0,0,0,\N
197,none,25,4,0,0,0,0,0,0,none,0,0,0,0,0,0,-1,0,0,0,0,0,0,16,,0,-1,-1,0,0,0,0,0,0,\N
198,none,25,5,0,0,0,0,0,0,none,0,0,0,0,0,0,-1,0,0,0,0,0,0,32,,0,-1,-1,0,0,0,0,0,0,\N
199,none,25,6,0,0,0,0,0,0,none,0,0,0,0,0,0,-1,0,0,0,0,0,0,64,,0,-1,-1,0,0,0,0,0,0,\N
200,none,25,7,0,0,0,0,0,0,none,0,0,0,0,0,0,-1,0,0,0,0,0,0,128,,0,-1,-1,0,0,0,0,0,0,\N
201,ミラー イメージ,26,0,10,0,0,0,0,1200,none,0,0,0,0,0,0,-1,0,2,0,0,0,0,1,$5935,19,6813,-1,0,0,0,1,1,0,\N
202,コンフュージョン,26,1,15,10,0,0,0,2,attack,3,2.2,0,0,25,0,30,0,64,0,3,0,0,2,$5936,19,6525,-1,0,0,0,0,0,0,\N
203,スマッシュ エネルギー,26,2,5,0,0,0,0,0,attack,3,10,10,1,0,0,-1,0,64,0,10,0,0,4,$5937,18,6526,-1,0,0,0,0,0,0,\N
204,イリュージョン[オーガ],26,3,20,0,0,0,0,64,buff,1,0,0,0,0,0,-1,0,2,0,3,0,0,8,$5938,19,6578,-1,0,0,0,1,1,0,L1IllusionOgre
205,キューブ[イグニション],26,4,30,0,49156,1,0,20,none,32,10,0,0,0,0,-1,0,2,0,0,3,0,16,$5939,19,6708,6709,0,0,0,0,0,0,\N
206,コンセントレーション,26,5,30,4,0,0,0,600,buff,1,0,0,0,0,0,-1,0,2,0,3,0,0,32,$5940,19,6527,-1,0,0,280,0,0,1,L1MarkerSkill
207,マインド ブレイク,26,6,20,15,0,0,0,0,attack,3,3.8,0,0,0,0,100,0,64,0,5,0,0,64,$5941,19,6553,-1,0,0,0,0,0,0,\N
208,ボーン ブレイク,26,7,30,0,0,0,0,2,attack,3,10,0,0,45,0,50,0,64,0,3,0,0,128,$5942,19,7020,-1,0,0,0,0,1,0,\N
209,イリュージョン[リッチ],27,0,20,0,0,0,0,64,buff,1,0,0,0,0,0,-1,0,2,0,3,0,0,1,$5943,19,6577,-1,0,0,280,1,1,0,\N
210,キューブ[クエイク],27,1,35,0,49156,1,0,20,none,32,0,0,0,0,0,-1,0,2,0,0,3,0,2,$5944,19,6714,6715,0,0,0,0,0,0,\N
211,ペイシェンス,27,2,25,0,0,0,0,600,buff,3,0,0,0,0,0,-1,0,2,0,3,0,0,4,$5945,19,6507,-1,0,0,0,1,1,1,L1MarkerSkill
212,ファンタズム,27,3,30,25,0,0,0,5,buff,3,0,0,0,30,0,50,0,4,0,3,0,0,8,$5946,19,6530,-1,0,0,280,0,0,0,\N
213,アイズ ブレイカー,27,4,15,0,0,0,500,0,none,3,0,0,0,0,0,-1,0,2,0,0,-1,0,16,$5947,19,9272,-1,0,0,0,1,1,0,\N
214,イリュージョン[ダイア ゴーレム],27,5,40,0,0,0,0,64,buff,1,0,0,0,0,0,-1,0,2,0,3,0,0,32,$5948,19,6576,-1,0,0,0,1,1,0,\N
215,キューブ[ショック],27,6,55,0,49156,1,0,20,none,32,0,0,0,0,0,-1,0,2,0,0,3,0,64,$5949,19,6720,6721,0,0,0,0,0,0,\N
216,インサイト,27,7,60,0,0,0,0,600,buff,3,0,0,0,0,0,-1,0,2,0,3,0,0,128,$5950,19,6505,-1,0,0,280,1,1,1,L1Insight
217,パニック,28,0,30,30,0,0,0,64,buff,3,0,0,0,0,0,-1,0,2,0,3,0,0,1,$5951,19,6506,-1,0,0,0,0,0,1,L1Panic
218,ジョイ オブ ペイン,28,1,40,0,0,0,0,2,attack,3,0,0,0,0,0,-1,0,64,0,3,0,0,2,$5952,19,6528,-1,0,0,0,0,0,0,\N
219,イリュージョン[アバター],28,2,50,0,0,0,0,64,buff,1,0,0,0,0,0,-1,0,2,0,3,0,0,4,$5953,19,6575,-1,0,0,0,1,1,0,\N
220,キューブ[バランス],28,3,55,0,49156,2,0,20,none,32,0,0,0,0,0,-1,0,2,0,0,3,0,8,$5954,19,6727,6727,0,0,0,0,0,0,\N
500,範囲スタン(対人PetSummon、3~5秒\, 範囲はAreaで指定),0,0,0,0,0,0,0,6,buff,3,0,0,0,50,0,-1,0,1,0,1,8,0,64,,19,4434,-1,0,0,280,0,1,0
501,範囲キャンセレーション,0,0,40,0,0,0,0,6,buff,3,0,0,0,50,0,-1,0,1,0,4,4,0,64,,19,870,-1,0,0,280,1,1,0,\N
502,範囲毒(汎用),0,0,0,0,0,0,0,0,none,3,50,5,5,0,0,-1,0,64,0,0,-1,1,0,,0,-1,-1,0,0,280,0,0,0,\N
503,範囲ウィンドシャックル,0,0,25,0,0,0,20000,16,buff,3,0,0,0,33,30,99,8,1,0,-1,-1,0,0,,19,7993,-1,1001,0,280,0,0,1,L1WindShackle
701,極寒のキーリンク(マインド ブレイク),0,0,0,0,0,0,0,0,attack,3,3.8,0,0,0,0,-1,0,64,0,5,0,0,0,,0,6553,-1,0,0,0,0,0,0,\N
702,極寒のチェーンソード(アイスイラプション),0,0,0,0,0,0,0,0,attack,3,50,10,8,0,0,-1,5,64,0,9,0,0,0,,0,3685,-1,0,0,0,0,0,0,\N
703,アイスクイーンスタッフ(コーン オブ コールド),0,0,0,0,0,0,400,0,attack,3,40,6,5,0,0,-1,4,64,0,6,0,0,0,,0,1810,-1,0,0,0,0,0,0,\N
704,サンド イラプション,0,0,50,0,0,0,800,0,attack,3,50,3,5,0,0,-1,1,64,0,8,0,0,0,,18,10145,-1,0,0,0,0,0,0,\N
705,サンドワーム(ワンキル攻撃),0,0,0,0,0,0,30000,0,attack,3,2500,10,10,80,50,-1,1,64,0,1,0,0,0,,18,10186,-1,0,0,0,0,1,0,\N
706,サンドワーム(範囲ワンキル攻撃),0,0,0,0,0,0,30000,0,attack,3,2500,10,10,80,50,-1,1,64,0,10,10,0,0,,19,10188,-1,0,0,0,0,1,0,\N
707,エルジャベ(エリア サイレンス),0,0,40,0,0,0,20000,16,none,3,0,0,0,0,0,-1,0,4,0,-1,-1,1,0,,18,2241,-1,0,0,280,0,0,0,\N
708,エルジャベ(範囲ワンキル),0,0,0,0,0,0,10000,0,attack,3,2000,10,10,80,50,-1,1,64,0,0,-1,0,0,,0,-1,-1,0,0,0,0,1,0,\N
709,エルジャベ(範囲強打),0,0,0,0,0,0,10000,0,attack,3,500,10,10,50,30,-1,1,64,0,0,3,0,0,,0,-1,-1,0,0,0,0,1,0,\N
710,エルジャベ(召還),0,0,0,0,0,0,30000,0,none,3,0,0,0,0,0,-1,0,1,0,0,0,1,0,,0,-1,-1,0,0,0,0,0,0,\N
711,エルジャベ(サンド イラプション),0,0,50,0,0,0,400,0,attack,3,50,3,5,50,30,-1,1,64,0,8,0,1,0,,0,10145,-1,0,0,0,0,0,0,\N
712,エルジャベ(範囲毒),0,0,0,0,0,0,30000,30,none,3,200,10,20,50,30,-1,0,64,0,0,5,1,0,,0,-1,-1,0,0,280,0,0,0,\N
713,エルジャベ(Recall),0,0,5,0,0,0,5000,0,buff,3,0,0,0,0,0,-1,0,128,0,10,0,0,0,,0,2235,-1,0,0,0,0,0,0,\N
3000,フローティングアイステーキ,0,0,0,0,0,0,0,920,none,0,0,0,0,0,0,-1,0,0,0,0,0,0,0,,0,-1,-1,0,0,0,0,1,1,L1DishBuff
3001,ベアーステーキ,0,0,0,0,0,0,0,920,none,0,0,0,0,0,0,-1,0,0,0,0,0,0,0,,0,-1,-1,0,0,0,0,1,1,L1DishBuff
3002,ナッツ餅,0,0,0,0,0,0,0,920,none,0,0,0,0,0,0,-1,0,0,0,0,0,0,0,,0,-1,-1,0,0,0,0,1,1,L1DishBuff
3003,蟻脚のチーズ焼き,0,0,0,0,0,0,0,920,none,0,0,0,0,0,0,-1,0,0,0,0,0,0,0,,0,-1,-1,0,0,0,0,1,1,L1DishBuff
3004,フルーツサラダ,0,0,0,0,0,0,0,920,none,0,0,0,0,0,0,-1,0,0,0,0,0,0,0,,0,-1,-1,0,0,0,0,1,1,L1DishBuff
3005,フルーツ甘酢あんかけ,0,0,0,0,0,0,0,920,none,0,0,0,0,0,0,-1,0,0,0,0,0,0,0,,0,-1,-1,0,0,0,0,1,1,L1DishBuff
3006,猪肉の串焼き,0,0,0,0,0,0,0,920,none,0,0,0,0,0,0,-1,0,0,0,0,0,0,0,,0,-1,-1,0,0,0,0,1,1,L1DishBuff
3007,キノコスープ,0,0,0,0,0,0,0,920,none,0,0,0,0,0,0,-1,0,0,0,0,0,0,0,,0,-1,-1,0,0,0,0,1,0,L1DishBuff
3008,幻想のフローティングアイステーキ,0,0,0,0,0,0,0,920,none,0,0,0,0,0,0,-1,0,0,0,0,0,0,0,,0,-1,-1,0,0,0,0,1,1,L1DishBuff
3009,幻想のベアーステーキ,0,0,0,0,0,0,0,920,none,0,0,0,0,0,0,-1,0,0,0,0,0,0,0,,0,-1,-1,0,0,0,0,1,1,L1DishBuff
3010,幻想のナッツ餅,0,0,0,0,0,0,0,920,none,0,0,0,0,0,0,-1,0,0,0,0,0,0,0,,0,-1,-1,0,0,0,0,1,1,L1DishBuff
3011,幻想の蟻脚のチーズ焼き,0,0,0,0,0,0,0,920,none,0,0,0,0,0,0,-1,0,0,0,0,0,0,0,,0,-1,-1,0,0,0,0,1,1,L1DishBuff
3012,幻想のフルーツサラダ,0,0,0,0,0,0,0,920,none,0,0,0,0,0,0,-1,0,0,0,0,0,0,0,,0,-1,-1,0,0,0,0,1,1,L1DishBuff
3013,幻想のフルーツ甘酢あんかけ,0,0,0,0,0,0,0,920,none,0,0,0,0,0,0,-1,0,0,0,0,0,0,0,,0,-1,-1,0,0,0,0,1,1,L1DishBuff
3014,幻想の猪肉の串焼き,0,0,0,0,0,0,0,920,none,0,0,0,0,0,0,-1,0,0,0,0,0,0,0,,0,-1,-1,0,0,0,0,1,1,L1DishBuff
3015,幻想のキノコスープ,0,0,0,0,0,0,0,920,none,0,0,0,0,0,0,-1,0,0,0,0,0,0,0,,0,-1,-1,0,0,0,0,1,0,L1DishBuff
3016,キャビアカナッペ,0,0,0,0,0,0,0,920,none,0,0,0,0,0,0,-1,0,0,0,0,0,0,0,,0,-1,-1,0,0,0,0,1,1,L1DishBuff
3017,アリゲーターステーキ,0,0,0,0,0,0,0,920,none,0,0,0,0,0,0,-1,0,0,0,0,0,0,0,,0,-1,-1,0,0,0,0,1,1,L1DishBuff
3018,タートルドラゴンの菓子,0,0,0,0,0,0,0,920,none,0,0,0,0,0,0,-1,0,0,0,0,0,0,0,,0,-1,-1,0,0,0,0,1,1,L1DishBuff
3019,キウィパロット焼き,0,0,0,0,0,0,0,920,none,0,0,0,0,0,0,-1,0,0,0,0,0,0,0,,0,-1,-1,0,0,0,0,1,1,L1DishBuff
3020,スコーピオン焼き,0,0,0,0,0,0,0,920,none,0,0,0,0,0,0,-1,0,0,0,0,0,0,0,,0,-1,-1,0,0,0,0,1,1,L1DishBuff
3021,イレッカドムシチュー,0,0,0,0,0,0,0,920,none,0,0,0,0,0,0,-1,0,0,0,0,0,0,0,,0,-1,-1,0,0,0,0,1,1,L1DishBuff
3022,クモ脚の串焼き,0,0,0,0,0,0,0,920,none,0,0,0,0,0,0,-1,0,0,0,0,0,0,0,,0,-1,-1,0,0,0,0,1,1,L1DishBuff
3023,クラブスープ,0,0,0,0,0,0,0,920,none,0,0,0,0,0,0,-1,0,0,0,0,0,0,0,,0,-1,-1,0,0,0,0,1,0,L1DishBuff
3024,幻想のキャビアカナッペ,0,0,0,0,0,0,0,920,none,0,0,0,0,0,0,-1,0,0,0,0,0,0,0,,0,-1,-1,0,0,0,0,1,1,L1DishBuff
3025,幻想のアリゲーターステーキ,0,0,0,0,0,0,0,920,none,0,0,0,0,0,0,-1,0,0,0,0,0,0,0,,0,-1,-1,0,0,0,0,1,1,L1DishBuff
3026,幻想のタートルドラゴンの菓子,0,0,0,0,0,0,0,920,none,0,0,0,0,0,0,-1,0,0,0,0,0,0,0,,0,-1,-1,0,0,0,0,1,1,L1DishBuff
3027,幻想のキウィパロット焼き,0,0,0,0,0,0,0,920,none,0,0,0,0,0,0,-1,0,0,0,0,0,0,0,,0,-1,-1,0,0,0,0,1,1,L1DishBuff
3028,幻想のスコーピオン焼き,0,0,0,0,0,0,0,920,none,0,0,0,0,0,0,-1,0,0,0,0,0,0,0,,0,-1,-1,0,0,0,0,1,1,L1DishBuff
3029,幻想のイレッカドムシチュー,0,0,0,0,0,0,0,920,none,0,0,0,0,0,0,-1,0,0,0,0,0,0,0,,0,-1,-1,0,0,0,0,1,1,L1DishBuff
3030,幻想のクモ脚の串焼き,0,0,0,0,0,0,0,920,none,0,0,0,0,0,0,-1,0,0,0,0,0,0,0,,0,-1,-1,0,0,0,0,1,1,L1DishBuff
3031,幻想のクラブスープ,0,0,0,0,0,0,0,920,none,0,0,0,0,0,0,-1,0,0,0,0,0,0,0,,0,-1,-1,0,0,0,0,1,0,L1DishBuff
3032,クラスタシアンのハサミ焼き,0,0,0,0,0,0,0,920,none,0,0,0,0,0,0,-1,0,0,0,0,0,0,0,,0,-1,-1,0,0,0,0,1,1,L1DishBuff
3033,グリフォン焼き,0,0,0,0,0,0,0,920,none,0,0,0,0,0,0,-1,0,0,0,0,0,0,0,,0,-1,-1,0,0,0,0,1,1,L1DishBuff
3034,コカトリスステーキ,0,0,0,0,0,0,0,920,none,0,0,0,0,0,0,-1,0,0,0,0,0,0,0,,0,-1,-1,0,0,0,0,1,1,L1DishBuff
3035,タートルドラゴン焼き,0,0,0,0,0,0,0,920,none,0,0,0,0,0,0,-1,0,0,0,0,0,0,0,,0,-1,-1,0,0,0,0,1,1,L1DishBuff
3036,レッサードラゴンの手羽先,0,0,0,0,0,0,0,920,none,0,0,0,0,0,0,-1,0,0,0,0,0,0,0,,0,-1,-1,0,0,0,0,1,1,L1DishBuff
3037,ドレイク焼き,0,0,0,0,0,0,0,920,none,0,0,0,0,0,0,-1,0,0,0,0,0,0,0,,0,-1,-1,0,0,0,0,1,1,L1DishBuff
3038,深海魚のシチュー,0,0,0,0,0,0,0,920,none,0,0,0,0,0,0,-1,0,0,0,0,0,0,0,,0,-1,-1,0,0,0,0,1,1,L1DishBuff
3039,バシリスクの卵スープ,0,0,0,0,0,0,0,920,none,0,0,0,0,0,0,-1,0,0,0,0,0,0,0,,0,-1,-1,0,0,0,0,1,0,L1DishBuff
3040,幻想のクラスタシアンのハサミ焼き,0,0,0,0,0,0,0,920,none,0,0,0,0,0,0,-1,0,0,0,0,0,0,0,,0,-1,-1,0,0,0,0,1,1,L1DishBuff
3041,幻想のグリフォン焼き,0,0,0,0,0,0,0,920,none,0,0,0,0,0,0,-1,0,0,0,0,0,0,0,,0,-1,-1,0,0,0,0,1,1,L1DishBuff
3042,幻想のコカトリスステーキ,0,0,0,0,0,0,0,920,none,0,0,0,0,0,0,-1,0,0,0,0,0,0,0,,0,-1,-1,0,0,0,0,1,1,L1DishBuff
3043,幻想のタートルドラゴン焼き,0,0,0,0,0,0,0,920,none,0,0,0,0,0,0,-1,0,0,0,0,0,0,0,,0,-1,-1,0,0,0,0,1,1,L1DishBuff
3044,幻想のレッサードラゴンの手羽先,0,0,0,0,0,0,0,920,none,0,0,0,0,0,0,-1,0,0,0,0,0,0,0,,0,-1,-1,0,0,0,0,1,1,L1DishBuff
3045,幻想のドレイク焼き,0,0,0,0,0,0,0,920,none,0,0,0,0,0,0,-1,0,0,0,0,0,0,0,,0,-1,-1,0,0,0,0,1,1,L1DishBuff
3046,幻想の深海魚のシチュー,0,0,0,0,0,0,0,920,none,0,0,0,0,0,0,-1,0,0,0,0,0,0,0,,0,-1,-1,0,0,0,0,1,1,L1DishBuff
3047,幻想のバシリスクの卵スープ,0,0,0,0,0,0,0,920,none,0,0,0,0,0,0,-1,0,0,0,0,0,0,0,,0,-1,-1,0,0,0,0,1,0,L1DishBuff
3048,象牙の塔の妙薬,0,0,0,0,0,0,0,920,none,0,0,0,0,0,0,-1,0,0,0,0,0,0,0,,0,-1,-1,0,0,0,0,1,0,L1DishBuff
3049,力強い和牛ステーキ,0,0,0,0,0,0,0,1800,none,0,0,0,0,0,0,-1,0,0,0,0,0,0,0,,0,-1,-1,0,0,0,0,1,0,L1DishBuff
3050,素早い鮭の煮付,0,0,0,0,0,0,0,1800,none,0,0,0,0,0,0,-1,0,0,0,0,0,0,0,,0,-1,-1,0,0,0,0,1,0,L1DishBuff
3051,賢い七面鳥焼き,0,0,0,0,0,0,0,1800,none,0,0,0,0,0,0,-1,0,0,0,0,0,0,0,,0,-1,-1,0,0,0,0,1,0,L1DishBuff
3052,修練の鶏スープ,0,0,0,0,0,0,0,1800,none,0,0,0,0,0,0,-1,0,0,0,0,0,0,0,,0,-1,-1,0,0,0,0,1,0,L1DishBuff
4015,パプリオンデスヒール,0,0,50,0,0,0,0,12,buff,3,0,0,0,50,50,-1,0,1,0,4,8,0,64,,51,7780,-1,0,0,280,0,0,0,\N
4016,パプリオンリデュースヒール,0,0,50,0,0,0,0,12,buff,3,0,0,0,33,50,-1,4,1,0,4,8,0,16,,51,7782,-1,0,0,280,0,0,1,L1MarkerSkill
4017,パプリオンデスポーション,0,0,50,0,0,0,0,12,buff,3,0,0,0,50,50,-1,0,1,0,4,8,0,64,,51,7781,-1,0,0,280,0,0,0,\N
4018,パプリオン(毒ブレス),0,0,0,0,0,0,0,0,attack,3,100,5,5,50,0,-1,0,64,0,4,8,0,0,,18,-1,-1,0,0,0,0,0,0,\N
4019,パプリオン範囲,0,0,0,0,0,0,0,0,attack,3,100,5,5,50,0,-1,4,64,0,4,8,0,0,,20,-1,-1,0,0,0,0,0,0,\N
6000,カーツ ソード (コールライトニング),0,0,0,0,0,0,0,0,attack,3,0,0,0,0,0,-1,8,64,0,0,0,0,0,,1,10,-1,0,0,0,0,0,0,\N
6001,デスナイト フレイムブレード (サンバースト),0,0,0,0,0,0,0,0,attack,3,0,0,0,0,0,-1,1,64,0,0,0,0,0,,1,1811,-1,0,0,0,0,0,0,\N
6002,ロンドゥ デュアルブレード (アースジェイル),0,0,0,0,0,0,0,0,attack,3,0,0,0,0,0,-1,2,64,0,0,0,0,0,,1,1805,-1,0,0,0,0,0,0,\N
6003,アイスクイーン スタッフ (コーンオブコールド),0,0,0,0,0,0,0,0,attack,3,0,0,0,0,0,-1,4,64,0,0,0,0,0,,1,1810,-1,0,0,0,0,0,0,\N
6004,バルログのツーハンド ソード (メテオ),0,0,0,0,0,0,0,0,attack,3,0,0,0,0,0,-1,2,64,0,0,2,0,0,,1,762,-1,0,0,0,0,0,0,\N
6005,ルナ ロングボウ (),0,0,0,0,0,0,0,0,attack,3,0,0,0,0,0,-1,0,64,0,0,0,0,0,,1,6288,-1,0,0,0,0,0,0,\N
6006,ハロウィン パンプキン ロングソード,0,0,0,0,0,0,0,0,attack,3,0,0,0,0,0,-1,1,64,0,0,0,0,0,,1,2750,-1,0,0,0,0,0,0,\N
7849,パンプキン シャックル,0,0,0,0,0,0,0,4,buff,3,0,0,0,0,0,-1,8,64,0,0,0,0,0,,0,7849,-1,1001,0,280,0,0,1,L1WindShackle
10000,ゾンビロード(広範囲魔法),0,0,5,0,0,0,0,0,none,3,100,10,10,0,0,-1,0,64,0,0,6,0,0,,18,2806,-1,0,0,0,0,0,0,\N
10001,シアー(魔法),0,0,5,0,0,0,0,0,none,3,100,10,10,0,0,-1,0,64,0,0,15,0,0,,18,2775,-1,0,0,0,0,0,0,\N
10002,アイスクイーン(ブリザード),0,0,5,0,0,0,0,0,none,3,100,10,10,0,0,-1,4,64,0,0,6,0,0,,18,2261,-1,0,0,0,0,0,0,\N
10003,zenith queen spell e first,0,0,5,0,0,0,0,0,none,3,100,10,10,0,0,-1,0,64,0,0,6,0,0,,18,2809,-1,0,0,0,0,0,0,\N
10004,ゼニスクイーン(広範囲魔法),0,0,5,0,0,0,0,0,none,3,100,10,10,0,0,-1,0,64,0,0,6,0,0,,18,2810,-1,0,0,0,0,0,0,\N
10005,vampire spell e,0,0,5,0,0,0,0,0,none,3,100,10,10,0,0,-1,0,64,0,0,6,0,0,,18,2759,-1,0,0,0,0,0,0,\N
10006,バンパイア(魔法),0,0,5,0,0,0,0,0,none,3,100,10,10,0,0,-1,0,64,0,0,6,0,0,,19,2760,-1,0,0,0,0,0,0,\N
10007,vampire spellnd e second,0,0,5,0,0,0,0,0,none,3,100,10,10,0,0,-1,0,64,0,0,6,0,0,,18,2761,-1,0,0,0,0,0,0,\N
10008,レッサードラゴン(炎),0,0,5,0,0,0,0,0,attack,3,200,10,10,0,0,-1,2,64,0,2,2,0,0,,18,2510,-1,0,0,0,0,0,0,\N
10009,ボーンドラゴン(炎),0,0,5,0,0,0,0,0,attack,3,200,10,10,0,0,-1,4,64,0,2,2,0,0,,18,2510,-1,0,0,0,0,0,0,\N
10010,リッチ(広範囲魔法),0,0,5,0,0,0,0,0,none,3,100,10,10,0,0,-1,0,64,0,0,3,0,0,,18,2510,-1,0,0,0,0,0,0,\N
10011,medusa e,0,0,5,0,0,0,0,0,none,3,100,10,10,0,0,-1,0,64,0,0,6,0,0,,18,2537,-1,0,0,0,0,0,0,\N
10012,グリムリーパー(広範囲魔法),0,0,5,0,0,0,0,0,none,3,100,10,10,0,0,-1,0,64,0,0,-1,0,0,,18,3393,-1,0,0,0,0,0,0,\N
10013,super grimreaper sickle e screen,0,0,5,0,0,0,0,0,none,3,100,10,10,0,0,-1,0,64,0,0,6,0,0,,18,3396,-1,0,0,0,0,0,0,\N
10014,イフリート(槍投げ),0,0,5,0,0,0,0,0,attack,3,100,10,10,0,0,-1,2,64,0,6,2,0,0,,18,1776,-1,0,0,0,0,0,0,\N
10015,basilisk s blast,0,0,5,0,0,0,0,0,attack,3,100,10,10,0,0,-1,0,64,0,6,0,0,0,,18,1043,-1,0,0,0,0,0,0,\N
10016,windcutter bomb,0,0,5,0,0,0,0,0,attack,3,100,10,10,0,0,-1,8,64,0,6,2,0,0,,18,1800,-1,0,0,0,0,0,0,\N
10017,icedagger bomb,0,0,5,0,0,0,0,0,attack,3,100,10,10,0,0,-1,4,64,0,6,2,0,0,,18,1798,-1,0,0,0,0,0,0,\N
10018,フェニックス(遠距離火炎),0,0,5,0,0,0,0,0,attack,3,100,10,10,0,0,-1,2,64,0,8,3,0,0,,18,1794,-1,0,0,0,0,0,0,\N
10019,エンシェントジャイアント(アースクエイク),0,0,5,0,0,0,0,0,none,3,100,10,10,0,0,-1,1,64,0,0,-1,0,0,,18,2483,-1,0,0,0,0,0,0,\N
10020,地の大精霊(遠距離魔法),0,0,5,0,0,0,0,0,attack,3,100,10,10,0,0,-1,1,64,0,8,0,0,0,,19,2750,-1,0,0,0,0,0,0,\N
10021,火の大精霊(ファイアーボール),0,0,5,0,0,0,0,0,attack,3,100,10,10,0,0,-1,2,64,0,8,0,0,0,,19,2748,-1,0,0,0,0,0,0,\N
10022,水の大精霊(遠距離魔法),0,0,5,0,0,0,0,0,attack,3,100,10,10,0,0,-1,4,64,0,8,0,0,0,,18,2739,-1,0,0,0,0,0,0,\N
10023,spirit of water boss spear,0,0,5,0,0,0,0,0,attack,3,100,10,10,0,0,-1,4,64,0,8,0,0,0,,18,2740,-1,0,0,0,0,0,0,\N
10024,デーモン(広範囲魔法),0,0,5,0,0,0,0,0,none,3,100,10,10,0,0,-1,2,64,0,0,6,0,0,,30,2510,-1,0,0,0,0,0,0,\N
10025,堕落(広範囲魔法),0,0,5,0,0,0,0,0,none,3,100,10,10,0,0,-1,0,64,0,0,4,0,0,,18,4326,-1,0,0,0,0,0,0,\N
10026,リンドビオル(安息),0,0,5,0,0,0,0,0,attack,3,1500,10,50,0,0,-1,8,64,0,20,0,1,0,,30,4166,-1,0,0,0,0,1,0,\N
10027,アンタラス(安息),0,0,5,0,0,0,0,0,attack,3,1500,10,50,0,0,-1,1,64,0,20,0,1,0,,30,4156,-1,0,0,0,0,1,0,\N
10028,ヴァラカス(安息),0,0,5,0,0,0,0,0,attack,3,1500,10,50,0,0,-1,2,64,0,20,0,1,0,,30,4160,-1,0,0,0,0,1,0,\N
10029,パプリオン(安息),0,0,5,0,0,0,0,0,attack,3,1500,10,50,0,0,-1,4,64,0,20,0,1,0,,30,4163,-1,0,0,0,0,1,0,\N
10030,サキュバス(単体魔法),0,0,20,0,0,0,0,0,attack,3,40,10,3,0,0,-1,4,64,0,-1,0,0,0,,18,1115,-1,0,0,0,0,0,0,\N
10031,succubus g magic,0,0,20,0,0,0,0,0,attack,3,80,20,2,0,0,-1,0,64,0,-1,0,0,0,,18,1119,-1,0,0,0,0,0,0,\N
10032,zenith queen spell e venom,0,0,5,0,0,0,0,0,none,3,100,10,10,0,0,-1,0,64,0,0,6,0,0,,18,2819,-1,0,0,0,0,0,0,\N
10033,Imp Magic,0,0,5,0,0,0,0,0,attack,3,10,10,1,0,0,-1,0,64,0,-1,0,0,0,,18,1161,-1,0,0,0,0,0,0,\N
10034,Bomb Flower E,0,0,0,0,0,0,0,0,attack,3,10,8,6,0,0,-1,2,64,0,10,0,0,0,,18,1991,-1,0,0,0,0,0,0,\N
10035,ライア(アイスイラプション),0,0,32,0,0,0,0,0,attack,3,50,10,8,0,0,-1,5,64,0,9,0,0,0,,18,3685,-1,0,0,0,0,0,0,\N
10036,マンボラビットV(範囲),0,0,5,0,0,0,0,0,none,3,100,10,10,0,0,-1,0,64,0,0,4,0,0,,19,2510,-1,0,0,0,0,0,0,\N
10037,マンボラビットE(範囲),0,0,5,0,0,0,0,0,none,3,100,10,10,0,0,-1,0,64,0,0,4,0,0,,30,2510,-1,0,0,0,0,0,0,\N
10038,深淵の主(広範囲魔法),0,0,5,0,0,0,0,0,none,3,100,10,10,0,0,-1,2,64,0,0,4,0,0,,30,2510,-1,0,0,0,0,0,0,\N
10039,アリオク(特殊),0,0,5,0,0,0,0,0,none,3,100,10,10,0,0,-1,0,64,0,0,4,0,0,,19,2510,-1,0,0,0,0,0,0,\N
10040,Ariorc attack Ii E,0,0,5,0,0,0,0,0,none,3,100,10,10,0,0,-1,0,64,0,0,4,0,0,,18,4374,-1,0,0,0,0,0,0,\N
10041,Ariorc attack Iii E,0,0,5,0,0,0,0,0,none,3,100,10,10,0,0,-1,0,64,0,0,4,0,0,,18,4375,-1,0,0,0,0,0,0,\N
10042,レッサーデーモン(火炎魔方陣),0,0,5,0,0,0,0,0,none,3,50,10,8,0,0,-1,2,64,0,0,2,0,0,,18,2527,-1,0,0,0,0,0,0,\N
10043,ダークフォレスト(範囲魔法),0,0,5,0,0,0,0,0,none,3,50,10,8,0,0,-1,0,64,0,0,4,0,0,,18,3363,-1,0,0,0,0,0,0,\N
10044,ブラックウィザード(単体魔法),0,0,5,0,0,0,0,0,attack,3,50,10,8,0,0,-1,0,64,0,6,0,0,0,,18,3700,-1,0,0,0,0,0,0,\N
10045,Dire Bat L E Screen,0,0,5,0,0,0,0,0,attack,3,50,10,8,0,0,-1,0,64,0,6,0,0,0,,18,3417,-1,0,0,0,0,0,0,\N
10046,Blue Tale Laser,0,0,5,0,0,0,0,0,attack,3,50,10,8,0,0,-1,0,64,0,6,0,0,0,,18,4080,-1,0,0,0,0,0,0,\N
10047,コラプトプリースト(単体魔法),0,0,5,0,0,0,0,0,attack,3,50,10,8,0,0,-1,0,64,0,6,0,0,0,,18,3700,-1,0,0,0,0,0,0,\N
10048,Seadancer M A,0,0,5,0,0,0,0,0,attack,3,50,10,8,0,0,-1,0,64,0,9,0,0,0,,18,1606,-1,0,0,0,0,0,0,\N
10049,Seadancer M B,0,0,5,0,0,0,0,0,attack,3,50,10,8,0,0,-1,0,64,0,9,0,0,0,,18,1608,-1,0,0,0,0,0,0,\N
10050,パプリオン(アイスブレス),0,0,5,0,0,0,0,0,attack,3,200,10,8,0,0,-1,4,64,0,4,6,0,0,,18,2510,-1,0,0,0,0,0,0,\N
10051,パプリオン(泡),0,0,5,0,0,0,0,0,none,3,250,10,12,0,0,-1,4,64,0,0,15,0,0,,19,2510,-1,0,0,0,0,0,0,\N
10052,ヴァラカス(メテオ),0,0,5,0,0,0,0,0,none,3,250,10,12,0,0,-1,2,64,0,0,6,0,0,,18,2510,-1,0,0,0,0,0,0,\N
10053,リンドビオル(電撃),0,0,5,0,0,0,0,0,none,3,250,10,12,0,0,-1,8,64,0,0,6,0,0,,18,2510,-1,0,0,0,0,0,0,\N
10054,アンタラス(ブレス),0,0,5,0,0,0,0,0,none,3,250,10,12,0,0,-1,1,64,0,0,15,0,0,,19,2510,-1,0,0,0,0,0,0,\N
10055,Burst,0,0,5,0,0,0,0,0,none,3,100,10,10,0,0,-1,2,64,0,0,2,0,0,,18,243,-1,0,0,0,0,0,0,\N
10056,デスナイト(アースクエイク),0,0,5,0,0,0,0,0,none,3,100,10,10,0,0,-1,2,64,0,0,4,0,0,,19,245,-1,0,0,0,0,0,0,\N
10057,Recall,0,0,5,0,0,0,10000,0,buff,3,0,0,0,0,0,-1,0,128,0,10,0,0,0,,19,2235,-1,0,0,0,0,0,0,\N
10058,死の司祭サキュバス(単体魔法),0,0,5,0,0,0,0,0,attack,3,50,8,5,0,0,-1,0,64,0,8,0,0,0,,18,4696,-1,0,0,0,0,0,0,\N
10059,死の司祭ベレス(単体魔法),0,0,5,0,0,0,0,0,attack,3,70,8,5,0,0,-1,0,64,0,6,0,0,0,,18,4655,-1,0,0,0,0,0,0,\N
10060,死の司祭デーモン(単体魔法),0,0,5,0,0,0,0,0,attack,3,30,8,5,0,0,-1,0,64,0,6,0,0,0,,18,4579,-1,0,0,0,0,0,0,\N
10061,リッチ(遠距離魔法),0,0,5,0,0,0,0,0,attack,3,100,10,10,0,0,-1,0,64,0,8,3,0,0,,30,2546,-1,0,0,0,0,0,0,\N
10062,グリムリーパー(遠距離魔法),0,0,5,0,0,0,0,0,attack,3,100,10,10,0,0,-1,0,64,0,6,3,0,0,,18,3396,-1,0,0,0,0,0,0,\N
10063,ヤヒ(広範囲魔法),0,0,5,0,0,0,0,0,none,3,100,10,10,0,0,-1,0,64,0,0,10,0,0,,18,2510,-1,0,0,0,0,0,0,\N
10064,ヤヒ(遠距離魔法),0,0,5,0,0,0,0,0,attack,3,100,10,10,0,0,-1,0,64,0,8,3,0,0,,18,2510,-1,0,0,0,0,0,0,\N
10065,パーズ(8セル遠距離特殊攻撃),0,0,0,0,0,0,0,0,attack,3,50,8,5,0,0,-1,8,64,0,8,0,0,0,,18,5663,-1,0,0,0,0,0,0,\N
10066,パーサズ(8セル遠距離特殊攻撃),0,0,0,0,0,0,0,0,attack,3,50,8,8,0,0,-1,8,64,0,8,0,0,0,,18,5469,-1,0,0,0,0,0,0,\N
10067,ディアンガス(炎),0,0,0,0,0,0,0,0,attack,3,50,10,10,0,0,-1,2,64,0,5,5,0,0,,18,2510,-1,0,0,0,0,0,0,\N
10068,アンガス(炎),0,0,0,0,0,0,0,0,attack,3,100,10,10,0,0,-1,2,64,0,5,5,0,0,,18,2510,-1,0,0,0,0,0,0,\N
10069,バルログ(広範囲魔法),0,0,5,0,0,0,0,0,none,3,100,10,10,0,0,-1,2,64,0,0,15,0,0,,18,2510,-1,0,0,0,0,0,0,\N
10070,バルログ(全範囲魔法),0,0,5,0,0,0,0,0,none,3,200,10,10,0,0,-1,2,64,0,0,15,0,0,,18,2510,-1,0,0,0,0,0,0,\N
10071,Freeze,0,0,5,0,0,0,0,8,buff,3,0,0,0,0,8,-1,1,1,0,-1,0,0,0,,19,4184,-1,0,0,0,0,0,0,\N
10072,溺死した魂(2セル遠距離特殊攻撃),0,0,0,0,0,0,0,0,attack,3,10,5,5,0,0,-1,0,64,0,2,0,0,0,,18,2510,-1,0,0,0,0,0,0,\N
10073,溺死した魂(6セル遠距離魔法攻撃),0,0,5,0,0,0,0,0,attack,3,10,5,5,0,0,-1,0,64,0,6,0,0,0,,18,5415,-1,0,0,0,0,0,0,\N
10074,スケルトンイール(6セル遠距離攻撃),0,0,5,0,0,0,0,0,attack,3,50,5,5,0,0,-1,0,64,0,6,0,0,0,,18,5410,-1,0,0,0,0,0,0,\N
10075,大王イカ(広範囲魔法),0,0,5,0,0,0,0,0,none,3,100,10,10,0,0,-1,4,64,0,0,7,0,0,,18,5550,-1,0,0,0,0,0,0,\N
10076,バトルタイガー(遠距離魔法),0,0,10,0,0,0,0,0,attack,3,10,5,5,0,0,-1,0,64,0,6,0,0,0,,18,5131,-1,0,0,0,0,0,0,\N
10077,紀州犬(遠距離魔法),0,0,10,0,0,0,0,0,attack,3,6,5,5,0,0,-1,0,64,0,6,0,0,0,,18,4584,-1,0,0,0,0,0,0,\N
10078,スピリッドの召喚物(遠距離特殊攻撃),0,0,0,0,0,0,0,0,attack,3,10,5,5,0,0,-1,0,64,0,6,0,0,0,,18,4406,-1,0,0,0,0,0,0,\N
10079,スピリッド(遠距離特殊攻撃),0,0,0,0,0,0,0,0,attack,3,100,10,10,0,0,-1,0,64,0,6,0,0,0,,18,4406,-1,0,0,0,0,0,0,\N
10080,ハイリザードマン(6セル遠距離攻撃),0,0,0,0,0,0,0,0,attack,3,40,10,3,0,0,-1,0,64,0,6,0,0,0,,30,4238,-1,0,0,0,0,0,0,\N
10081,カーズドダークエルフナイト(遠距離特殊攻撃),0,0,0,0,0,0,0,0,attack,3,10,5,5,0,0,-1,0,64,0,6,7,0,0,,18,5633,-1,0,0,0,0,0,0,\N
10082,カーズドダークエルフナイト(範囲特殊攻撃),0,0,0,0,0,0,0,0,none,3,50,10,10,0,0,-1,0,64,0,0,3,0,0,,18,5643,-1,0,0,0,0,0,0,\N
10083,旅団長ダークパンサー(遠距離特殊攻撃),0,0,0,0,0,0,0,0,attack,3,50,10,10,0,0,-1,0,64,0,6,0,0,0,,18,4629,-1,0,0,0,0,0,0,\N
10084,旅団長ダークパンサー(範囲特殊攻撃),0,0,0,0,0,0,0,0,none,3,100,10,10,0,0,-1,0,64,0,0,3,0,0,,30,2510,-1,0,0,0,0,0,0,\N
10085,カーズドダークエルフメイジ(単体魔法),0,0,10,0,0,0,0,0,attack,3,10,5,5,0,0,-1,0,64,0,8,0,0,0,,18,5521,-1,0,0,0,0,0,0,\N
10086,血の降霊術師(遠距離特殊攻撃),0,0,0,0,0,0,0,0,attack,3,10,10,10,0,0,-1,0,64,0,8,0,0,0,,1,4673,-1,0,0,0,0,0,0,\N
10087,血の降霊術師(範囲特殊攻撃),0,0,0,0,0,0,0,0,none,3,50,10,10,0,0,-1,0,64,0,0,7,0,0,,30,4676,-1,0,0,0,0,0,0,\N
10088,ダークロード(遠距離特殊攻撃),0,0,0,0,0,0,0,0,attack,3,10,10,10,0,0,-1,0,64,0,8,0,0,0,,1,4660,-1,0,0,0,0,0,0,\N
10089,ダークロード(範囲特殊攻撃),0,0,0,0,0,0,0,0,none,3,50,10,10,0,0,-1,0,64,0,0,7,0,0,,18,4663,-1,0,0,0,0,0,0,\N
10090,ジャイアントガードアント(アースクエイク),0,0,5,0,0,0,0,0,none,3,100,10,10,0,0,-1,1,64,0,0,-1,0,0,,18,1812,-1,0,0,0,0,0,0,\N
10091,ダークエレメンタリスト(3セル範囲攻撃),0,0,0,0,0,0,0,0,none,3,10,8,4,0,0,-1,0,64,0,0,3,0,0,,18,3363,-1,0,0,0,0,0,0,\N
10092,ブラックウィザード(遠距離魔法),0,0,10,0,0,0,0,0,attack,3,100,10,10,0,0,-1,0,64,0,6,0,0,0,,18,3705,-1,0,0,0,0,0,0,\N
10093,ダークフォレスト(遠距離攻撃),0,0,0,0,0,0,0,0,attack,3,10,10,3,0,0,-1,1,64,0,6,2,0,0,,18,3762,-1,0,0,0,0,0,0,\N
10094,ディープフラワー(遠距離攻撃),0,0,0,0,0,0,0,0,attack,3,10,10,1,0,0,-1,1,64,0,6,0,0,0,,18,3572,-1,0,0,0,0,0,0,\N
10095,ブラックエント(範囲魔法攻撃),0,0,0,0,0,0,0,0,none,3,50,10,10,0,0,-1,8,64,0,0,2,0,0,,30,2510,-1,0,0,0,0,0,0,\N
10096,シーダンサー(10セル遠距離特殊攻撃),0,0,0,0,0,0,0,0,attack,3,10,5,5,0,0,-1,4,64,0,10,0,0,0,,18,1606,-1,0,0,0,0,0,0,\N
10097,シーダンサー(8セル遠距離特殊攻撃),0,0,0,0,0,0,0,0,attack,3,10,5,5,0,0,-1,4,64,0,10,0,0,0,,18,1608,-1,0,0,0,0,0,0,\N
10098,カープ(イラプション),0,0,10,0,0,0,0,0,attack,3,20,10,6,0,0,-1,1,64,0,10,0,0,0,,18,5847,-1,0,0,0,0,0,0,\N
10099,ジャイアント ワーム(範囲魔法攻撃),0,0,10,0,0,0,0,0,none,3,50,10,10,0,0,-1,8,64,0,0,7,0,0,,18,5789,-1,0,0,0,0,0,0,\N
10100,呪われた巫女サエル(範囲魔法攻撃),0,0,10,0,0,0,0,0,attack,3,50,10,10,0,0,-1,8,64,0,2,2,0,0,,18,5449,-1,0,0,0,0,0,0,\N
10101,カーズ パラライズ(mob),0,0,0,0,0,0,5000,10,buff,3,0,0,0,0,8,-1,1,4,0,3,0,0,0,$1456,18,746,-1,0,0,280,0,0,0,\N
10102,長老随行員(クロレンス型)(8セル遠距離特殊攻撃),0,0,0,0,0,0,0,0,attack,3,20,5,10,0,0,-1,0,64,0,8,0,0,0,,18,5570,-1,0,0,0,0,0,0,\N
10103,神官長バウンティ(長老随行員バウンティ型)(8セル遠距離特殊攻撃),0,0,0,0,0,0,0,0,attack,3,20,5,10,0,0,-1,0,64,0,8,0,0,0,,18,4840,-1,0,0,0,0,0,0,\N
10104,副祭祀長カサンドラ(神官長カイト)(8セル遠距離特殊攻撃),0,0,0,0,0,0,0,0,attack,3,10,10,10,0,0,-1,0,64,0,8,0,0,0,,18,4706,-1,0,0,0,0,0,0,\N
10105,魔法団長カルミエル(8セル遠距離特殊攻撃),0,0,0,0,0,0,0,0,attack,3,10,10,10,0,0,-1,0,64,0,8,0,0,0,,18,4846,-1,0,0,0,0,0,0,\N
10106,師団長シンクレア(8セル遠距離特殊攻撃),0,0,0,0,0,0,0,0,attack,3,10,10,10,0,0,-1,0,64,0,8,0,0,0,,18,4834,-1,0,0,0,0,0,0,\N
10107,師団長シンクレア(メテオストライク),0,0,0,0,0,0,0,0,none,3,50,15,8,0,0,-1,2,64,0,3,3,0,0,,19,4836,-1,0,0,0,0,0,0,\N
10108,大法官バロード(8セル遠距離特殊攻撃),0,0,0,0,0,0,0,0,attack,3,30,10,10,0,0,-1,0,64,0,8,0,0,0,,18,5474,-1,0,0,0,0,0,0,\N
10109,大法官バロード(5セル範囲特殊攻撃),0,0,0,0,0,0,0,0,none,3,100,10,10,0,0,-1,0,64,0,5,2,0,0,,19,2510,-1,0,0,0,0,0,0,\N
10110,大法官ラミアス(5セル範囲特殊攻撃),0,0,0,0,0,0,0,0,none,3,100,10,10,0,0,-1,2,64,0,5,2,0,0,,19,2510,-1,0,0,0,0,0,0,\N
10111,大法官ティアメス(8セル遠距離特殊攻撃),0,0,0,0,0,0,0,0,attack,3,30,10,10,0,0,-1,2,64,0,8,0,0,0,,18,5281,-1,0,0,0,0,0,0,\N
10112,大法官ティアメス(広範囲),0,0,0,0,0,0,0,0,none,3,50,15,8,0,0,-1,2,64,0,0,15,0,0,,19,4539,-1,0,0,0,0,0,0,\N
10113,大法官イデア(8セル特殊攻撃),0,0,0,0,0,0,0,0,attack,3,30,10,10,0,0,-1,0,64,0,8,0,0,0,,30,5301,-1,0,0,0,0,0,0,\N
10114,大法官エンディアス(5セル範囲特殊攻撃),0,0,0,0,0,0,0,0,none,3,100,10,10,0,0,-1,0,64,0,5,2,0,0,,18,2510,-1,0,0,0,0,0,0,\N
10115,大法官バロメス(7セル範囲特殊攻撃),0,0,0,0,0,0,0,0,none,3,80,10,10,0,0,-1,0,64,0,7,3,0,0,,18,2510,-1,0,0,0,0,0,0,\N
10116,大法官ビアタス(5セル範囲特殊攻撃),0,0,0,0,0,0,0,0,none,3,100,10,10,0,0,-1,0,64,0,5,2,0,0,,18,2510,-1,0,0,0,0,0,0,\N
10117,大法官ケイナ(5セル範囲特殊攻撃),0,0,0,0,0,0,0,0,none,3,100,10,10,0,0,-1,0,64,0,5,2,0,0,,18,5376,-1,0,0,0,0,0,0,\N
10118,カーズドダークエルフ(範囲ショックスタン),0,0,0,0,0,0,0,6,buff,3,0,0,0,50,0,-1,0,1,0,5,3,0,0,,19,4434,-1,0,0,280,0,0,0,\N
10119,カーズドダークエルフファイター(6セル遠距離特殊攻撃),0,0,0,0,0,0,0,0,attack,3,10,5,5,0,0,-1,0,64,0,6,3,0,0,,19,5561,-1,0,0,0,0,0,0,\N
10120,カーズドダークエルフメイジ(10セル遠距離特殊攻撃),0,0,0,0,0,0,0,0,attack,3,10,5,5,0,0,-1,0,64,0,10,0,0,0,,30,5524,-1,0,0,0,0,0,0,\N
10121,カーズドダークエルフナイト(6セル遠距離特殊攻撃),0,0,0,0,0,0,0,0,attack,3,10,5,5,0,0,-1,0,64,0,6,0,0,0,,18,5631,-1,0,0,0,0,0,0,\N
10122,カーズドダークエルフナイト(7セル特殊範囲攻撃),0,0,0,0,0,0,0,0,none,3,10,5,5,0,0,-1,0,64,0,7,3,0,0,,19,5637,-1,0,0,0,0,0,0,\N
10123,カーズドダークエルフナイト(4セル範囲攻撃),0,0,0,0,0,0,0,0,attack,3,20,5,5,0,0,-1,0,64,0,0,3,0,0,,18,5631,-1,0,0,0,0,0,0,\N
10124,オーテュ(8セル遠距離特殊攻撃),0,0,0,0,0,0,0,0,attack,3,20,10,5,0,0,-1,0,64,0,8,0,0,0,,18,5445,-1,0,0,0,0,0,0,\N
10125,テューポン(5セル範囲特殊攻撃),0,0,0,0,0,0,0,0,none,3,20,5,5,0,0,-1,0,64,0,0,2,0,0,,18,5261,-1,0,0,0,0,0,0,\N
10126,ギルタス(砂嵐),0,0,0,0,0,0,0,0,attack,3,200,10,15,0,0,-1,0,64,0,15,3,0,0,,25,5651,-1,0,0,0,0,0,0,\N
10127,ギルタス(アースクエイク),0,0,0,0,0,0,0,0,none,3,200,10,20,0,0,-1,0,64,0,0,15,0,0,,18,5616,-1,0,0,0,0,0,0,\N
10128,ギルタス(アイスブレス),0,0,0,0,0,0,0,0,attack,3,200,10,20,0,0,-1,0,64,0,6,3,0,0,,12,2510,-1,0,0,0,0,0,0,\N
10129,ギルタス(毒霧),0,0,0,0,0,0,0,0,none,3,200,10,20,0,0,-1,0,64,0,0,15,1,0,,19,5638,-1,0,0,0,0,0,0,\N
10130,ギルタス(ブルーバリア),0,0,0,0,0,0,0,8,none,0,200,10,20,0,0,-1,0,2,0,0,5,1,0,,0,5626,-1,0,0,0,0,0,0,\N
10131,テーベ オベリスク(トルネード),7,4,10,0,0,0,1000,0,none,3,20,10,5,0,0,-1,8,64,0,0,3,0,0,,18,2510,-1,0,0,0,0,0,0,\N
10132,テーベ スフィンクス(範囲魔法),0,0,10,0,0,0,1000,0,none,3,50,10,8,0,0,-1,8,64,0,0,3,0,0,,18,6703,-1,0,0,0,0,0,0,\N
10133,コーンオブコールド(act-30),0,0,20,0,0,0,0,0,attack,3,30,10,3,0,0,-1,4,64,0,6,0,0,32,,30,1809,-1,0,0,0,0,0,0,\N
10134,イレッカドム(広範囲電撃攻撃),0,0,0,0,0,0,0,0,none,3,10,10,10,0,0,-1,0,64,0,2,2,0,0,,18,2510,-1,0,0,0,0,0,0,\N
10135,ハイ リザードマン(6セル遠距離特殊攻撃),0,0,4,0,0,0,0,0,attack,3,10,8,5,0,0,-1,0,64,0,6,0,0,0,,30,1606,-1,0,0,0,0,0,0,\N
10136,ファイアーボール(act30),0,0,20,0,0,0,0,0,attack,3,4,8,3,0,0,-1,2,64,0,6,3,0,0,,30,171,-1,0,0,0,0,0,0,\N
10137,テーベ ニ ホス(6セル遠距離特殊攻撃),0,0,10,0,0,0,0,0,attack,3,25,10,5,0,0,-1,2,64,0,6,0,0,0,,18,6668,-1,0,0,0,0,0,0,\N
10138,テーベ ホルス(6セル遠距離特殊攻撃),0,0,10,0,0,0,0,0,attack,3,100,20,5,0,0,-1,2,64,0,6,0,0,0,,18,6572,-1,0,0,0,0,0,0,\N
10139,テーベ アヌビス(6セル遠距離特殊攻撃),0,0,10,0,0,0,0,0,attack,3,100,20,5,0,0,-1,2,64,0,6,0,0,0,,18,6598,-1,0,0,0,0,0,0,\N
10140,テーベ ホルス(4セル範囲特殊攻撃),0,0,0,0,0,0,0,0,none,3,80,10,10,0,0,-1,2,64,0,4,3,0,0,,19,2510,-1,0,0,0,0,0,0,\N
10141,テーベ アヌビス(4セル範囲特殊攻撃),0,0,0,0,0,0,0,0,none,3,80,10,10,0,0,-1,1,64,0,4,3,0,0,,19,2510,-1,0,0,0,0,0,0,\N
10142,ケルベロス(炎),0,0,0,0,0,0,0,0,attack,2,10,8,5,0,0,-1,2,64,0,2,2,0,0,,30,2510,-1,0,0,0,0,0,0,\N
10143,ホーンケルベロスの炎,0,0,0,0,0,0,0,0,attack,2,10,8,3,0,0,-1,2,64,0,2,2,0,0,,18,1783,-1,0,0,0,0,0,0,\N
10144,ホーンケルベロスの炎(大空洞),0,0,0,0,0,0,0,0,attack,2,10,8,3,0,0,-1,2,64,0,2,2,0,0,,1,1783,-1,0,0,0,0,0,0,\N
10145,ハイネ ガード(10セル遠距離攻撃),0,0,0,0,0,0,0,0,attack,3,8,5,3,0,0,-1,0,64,0,10,0,0,0,,18,1662,-1,0,0,0,0,0,0,\N
10146,チェイサー(テーベ武器),0,0,0,0,0,0,0,0,attack,3,10,15,5,0,0,-1,1,64,0,1,0,0,1,$1436,18,7025,-1,0,0,0,0,0,0,\N
10147,チェイサー(ククルカン武器),0,0,0,0,0,0,0,0,attack,3,10,15,5,0,0,-1,4,64,0,1,0,0,1,$1436,18,7179,-1,0,0,0,0,0,0,\N
10148,落石(ハロウィン武器),0,0,0,0,0,0,0,0,attack,3,10,10,2,0,0,-1,1,64,0,1,0,0,1,$1436,18,2750,-1,0,0,0,0,0,0,\N
10149,フローズン クラウド(フリージングランサー用),0,0,0,0,0,0,0,0,attack,3,10,15,5,0,0,-1,4,64,0,1,0,0,1,$1436,18,1804,-1,0,0,0,0,0,0,\N
10150,サファイア キーリンク,0,0,0,0,0,0,0,0,attack,3,16,5,2,0,0,-1,1,64,0,1,0,0,1,$1436,18,7025,-1,0,0,0,0,0,0,\N
10151,ダークストーン キーリンク,0,0,0,0,0,0,0,0,attack,3,14,5,2,0,0,-1,1,64,0,1,0,0,1,$1436,18,7025,-1,0,0,0,0,0,0,\N
10152,スーパーモンキー(遠距離魔法),0,0,10,0,0,0,0,0,attack,3,10,5,5,0,0,-1,0,64,0,6,0,0,0,,18,7288,-1,0,0,0,0,0,0,\N
10153,シェルマン(8セル遠距離特殊攻撃),0,0,0,0,0,0,0,0,attack,3,50,10,5,0,0,-1,0,64,0,8,0,0,0,,1,5773,-1,0,0,0,0,0,0,\N
10154,シェルマン(12セル遠距離特殊攻撃),0,0,0,0,0,0,0,0,attack,3,50,10,5,0,0,-1,4,64,0,12,0,0,0,,18,5771,-1,0,0,0,0,0,0,\N
10155,ジャイアント ヒドラ(8セル遠距離特殊攻撃),0,0,0,0,0,0,0,0,attack,3,30,10,5,0,0,-1,4,64,0,8,0,0,0,,18,5806,-1,0,0,0,0,0,0,\N
10156,パーサズ(緑トルネード),0,0,10,0,0,0,0,0,none,3,20,10,5,0,0,-1,8,64,0,0,4,0,0,,18,5893,-1,0,0,0,0,0,0,\N
10157,デーモンの分身(6セル遠距離特殊攻撃),0,0,10,0,0,0,0,0,attack,3,30,10,5,0,0,-1,0,64,0,6,0,0,0,,18,4848,-1,0,0,0,0,0,0,\N
10158,バルログの分身(4セル範囲特殊攻撃),0,0,10,0,0,0,0,0,none,3,30,10,5,0,0,-1,0,64,0,0,4,0,0,,18,5902,-1,0,0,0,0,0,0,\N
10159,ハーディンの分身(6セル遠距離魔法),0,0,10,0,0,0,0,0,attack,0,30,10,10,0,0,-1,0,0,0,6,0,0,0,,18,7467,-1,0,0,0,0,0,0,\N
10160,ハーディンの分身(4セル範囲魔法),0,0,10,0,0,0,0,0,none,0,20,10,10,0,0,-1,0,0,0,0,4,0,0,,19,7468,-1,0,0,0,0,0,0,\N
10161,イビルリバース,0,0,0,0,0,0,0,0,attack,3,0,2,3,0,0,-1,4,64,0,1,0,0,1,,18,8150,-1,0,0,0,0,0,0,\N
10162,ゴールド ドラゴン(近距離魔法),0,0,20,0,0,0,0,0,attack,3,7,4,4,0,0,-1,2,64,0,2,0,0,0,,18,6398,-1,0,0,0,0,0,0,\N
10163,ゴールド ドラゴン(遠距離魔法),0,0,45,0,0,0,0,0,attack,3,7,4,4,0,0,-1,2,64,0,6,0,0,0,,18,171,-1,0,0,0,0,0,0,\N
11001,紅蓮(火炎魔方陣),0,0,5,0,0,0,0,0,none,3,20,3,3,0,0,-1,2,64,0,0,2,0,0,,18,2527,-1,0,0,0,0,0,0,\N
11002,ファイアー ボール(最果てMOB),0,0,5,0,0,0,0,0,attack,3,20,3,3,0,0,-1,2,64,0,6,3,0,0,,18,171,-1,0,0,0,0,0,0,\N
11003,業火(炎),0,0,5,0,0,0,0,0,attack,3,20,3,3,0,0,-1,2,64,0,2,2,0,0,,18,2510,-1,0,0,0,0,0,0,\N
11004,爆炎(広範囲魔法),0,0,5,0,0,0,0,0,none,3,20,3,3,0,0,-1,2,64,0,0,6,0,0,,30,2510,-1,0,0,0,0,0,0,\N
11005,灼熱(槍投げ),0,0,5,0,0,0,0,0,attack,3,20,3,3,0,0,-1,2,64,0,6,2,0,0,,18,1776,-1,0,0,0,0,0,0,\N
11006,焦熱(アースクエイク),0,0,5,0,0,0,0,0,none,3,20,3,3,0,0,-1,2,64,0,0,4,0,0,,19,245,-1,0,0,0,0,0,0,\N
11007,炎帝(遠距離火炎),0,0,5,0,0,0,0,0,attack,3,40,5,5,0,0,-1,2,64,0,8,3,0,0,,18,1794,-1,0,0,0,0,0,0,\N
11008,サン バースト(最果て),0,0,5,0,0,0,0,0,attack,3,20,3,3,0,0,-1,2,64,0,3,0,0,0,,18,1811,-1,0,0,0,0,0,0,\N
11009,邪炎(広範囲魔法),0,0,5,0,0,0,0,0,none,3,20,3,3,0,0,-1,2,64,0,0,3,0,0,,18,2552,-1,0,0,0,0,0,0,\N
45545,ブラックエルダー(範囲),0,0,50,0,0,0,0,1500,attack,3,100,7,7,0,0,-1,8,64,0,4,4,0,0,,18,7977,5193,0,0,0,0,0,0,\N
45546,ブラックエルダー(ディケイポーション),0,0,50,0,0,0,500,16,none,3,0,0,0,0,10,-1,0,1,0,3,0,0,0,,19,2232,5010,0,0,280,0,0,1,L1MarkerSkill
90518,ゼブ レクイ雄 フリージングブレス,0,0,0,0,0,0,0,0,attack,3,100,10,5,0,0,-1,4,64,0,0,5,0,0,,30,-1,-1,0,0,0,0,0,0,\N
90519,ゼブ レクイ雌 地割れ,0,0,0,0,0,0,0,0,attack,3,100,10,10,0,0,-1,1,64,0,0,-1,0,0,,19,-1,-1,0,0,0,0,0,0,\N
91202,アンタラス(メテオ),0,0,0,0,0,0,0,0,attack,3,1000,10,10,0,0,-1,1,64,0,0,10,0,0,,30,-1,-1,0,0,0,0,1,0,\N
91420,ファウスト(範囲),0,0,50,0,0,0,5000,0,attack,3,50,5,5,0,0,-1,1,64,0,4,4,0,0,,18,5010,-1,0,0,0,0,0,0,\N
91432,子フェニックス(遠距離火炎),0,0,5,0,0,0,0,0,attack,3,100,10,10,0,0,-1,2,64,0,6,2,0,0,,18,8179,-1,0,0,0,0,0,0,\N
91598,落下衝撃(風竜),0,0,50,0,0,0,1500,0,attack,3,100,100,10,0,0,-1,8,64,0,-1,-1,0,0,,11,7985,-1,0,0,0,0,1,0,\N
91599,真の力(風竜),0,0,100,0,0,0,0,0,attack,3,500,10,50,0,0,-1,8,64,0,-1,-1,1,0,,30,-1,-1,0,0,0,0,0,0,\N
91600,スモールイラプション(風竜),0,0,50,0,0,0,400,0,attack,3,100,10,5,0,0,-1,8,64,0,-1,0,1,0,,0,7980,-1,0,0,0,0,1,0,\N
91601,イラプション(風竜),0,0,80,0,0,0,400,0,attack,3,150,10,5,0,0,-1,8,64,0,-1,0,1,0,,0,10145,-1,0,0,0,0,1,0,\N
91602,範囲矢(風竜),0,0,50,0,0,0,1500,0,attack,3,200,50,10,0,0,-1,8,64,0,-1,-1,0,0,,19,7987,-1,0,0,0,0,1,0,\N
91603,落雷(風竜：小),0,0,50,0,0,0,1500,0,attack,3,150,10,7,0,0,-1,8,64,0,-1,-1,0,0,,19,7977,-1,0,0,0,0,1,0,\N
91604,トルネード(風竜),0,0,50,0,0,0,1500,0,attack,3,300,10,10,0,0,-1,8,64,0,-1,-1,0,0,,55,8077,-1,0,0,0,0,1,0,\N
91605,小竜,0,0,50,0,0,0,1500,0,attack,3,200,10,5,0,0,-1,8,64,0,-1,0,0,0,,51,8032,-1,0,0,0,0,1,0,\N
91606,ウェザー(風竜),0,0,100,0,0,0,1500,0,attack,3,500,50,10,0,0,-1,8,64,0,-1,-1,0,0,,20,-1,-1,0,0,0,0,1,0,\N
91607,コートロット(遠距離魔法),0,0,20,0,0,0,500,0,attack,3,30,3,2,0,0,-1,8,64,0,6,0,0,0,,18,7937,7938,0,0,0,0,0,0,\N
91608,ガルーダ系(遠距離攻撃),0,0,20,0,0,0,500,0,attack,3,30,4,2,0,0,-1,0,64,0,8,0,0,0,,18,7944,7945,0,0,0,0,0,0,\N
91609,ガルーダ系(回転),0,0,0,0,0,0,500,0,attack,3,50,4,2,0,0,-1,0,64,0,4,4,0,0,,19,7946,-1,0,0,0,0,0,0,\N
91610,ゴーレム系(回転),0,0,0,0,0,0,800,0,attack,3,30,3,2,0,0,-1,0,64,0,3,3,0,0,,19,-1,-1,0,0,0,0,0,0,\N
91611,メタルゴーレム(水)(遠距離魔法),0,0,20,0,0,0,500,0,attack,3,10,2,1,0,0,-1,1,64,0,6,0,0,0,,18,8007,8006,0,0,0,0,0,0,\N
91612,メタルゴーレム(風)(遠距離魔法),0,0,20,0,0,0,500,0,attack,3,10,2,1,0,0,-1,2,64,0,6,0,0,0,,18,8008,8028,0,0,0,0,0,0,\N
91613,メタルゴーレム(火)(遠距離魔法),0,0,20,0,0,0,500,0,attack,3,10,2,1,0,0,-1,4,64,0,6,0,0,0,,18,8009,8029,0,0,0,0,0,0,\N
91614,メタルゴーレム(地)(遠距離魔法),0,0,20,0,0,0,500,0,attack,3,10,2,1,0,0,-1,8,64,0,6,0,0,0,,18,8010,8030,0,0,0,0,0,0,\N
91615,雲の大精霊(強魔法),0,0,50,0,0,0,1000,0,attack,3,50,3,3,3,0,-1,8,64,0,-1,3,0,0,,1,8089,8090,0,0,0,0,0,0,\N
91640,シャスキ(範囲),0,0,25,0,0,0,0,0,attack,3,150,3,3,0,0,-1,8,64,0,0,5,0,0,,30,4627,-1,0,0,0,0,1,0,\N
91642,ビッグフットマヨ(アイスイラプション),0,0,50,0,0,0,400,0,attack,3,100,10,5,0,0,-1,1,64,0,8,0,0,0,,18,10895,-1,0,0,0,0,0,0,\N
99001,鳴釜(頭突き),0,0,0,0,0,0,0,0,attack,3,10,5,5,0,0,-1,0,64,0,1,0,0,0,,1,-1,-1,0,0,0,0,0,0,\N
99002,怒った鳴釜(範囲攻撃),0,0,5,0,0,0,1000,0,attack,3,20,5,5,0,0,-1,2,64,0,3,3,0,0,,19,10580,-1,0,0,0,0,0,0,\N
99003,鎌鼬(範囲),0,0,15,0,0,0,3000,0,attack,3,80,10,5,50,50,-1,8,64,0,3,3,0,0,,19,10607,-1,0,0,0,0,0,0,\N
99005,河童(特殊),0,0,20,0,0,0,0,0,attack,3,20,5,5,0,0,-1,4,64,0,2,2,0,0,,19,-1,-1,0,0,0,0,0,0,\N
99007,牛鬼(遠距離攻撃),0,0,0,0,0,0,0,0,attack,3,0,0,0,0,0,-1,0,0,0,1,0,0,0,,1,-1,-1,0,0,0,0,0,0,\N
99024,コマ ユーム,0,0,0,0,0,0,0,0,attack,3,50,3,3,0,0,-1,1,64,0,8,0,0,0,,18,7484,-1,0,0,0,0,0,0,\N
99025,コマ シーン,0,0,0,0,0,0,0,0,attack,3,50,3,3,0,0,-1,1,64,0,8,0,0,0,,18,7491,-1,0,0,0,0,0,0,\N
99029,コマクーム(遠距離攻撃),0,0,10,0,0,0,400,0,attack,3,30,5,3,0,0,-1,2,64,0,6,0,0,0,,18,7512,-1,0,0,0,0,0,0,\N
99047,セファール(4セル範囲),0,0,0,0,0,0,400,0,attack,3,50,4,5,0,0,-1,0,64,0,0,0,0,0,,30,2510,-1,0,0,0,0,0,0,\N
99059,オルクス(強打),0,0,0,0,0,0,400,0,attack,3,70,4,4,0,0,-1,1,64,0,2,0,0,0,,30,1812,-1,0,0,0,0,0,0,\N
99060,オルクス(雄叫び),0,0,5,0,0,0,400,0,attack,3,100,10,10,0,0,-1,1,64,0,2,4,0,0,,19,245,-1,0,0,0,0,0,0,\N
99065,アルフィア(遠距離),0,0,0,0,0,0,0,0,attack,3,50,5,5,0,0,-1,0,64,0,8,0,0,0,,17,10699,10700,0,0,0,0,0,0,\N
99085,シャスキ(範囲),0,0,25,0,0,0,0,0,attack,3,75,3,3,0,0,-1,8,64,0,0,5,0,0,,30,4627,-1,0,0,0,0,1,0,\N
99087,アイスイラプション,0,0,50,0,0,0,400,0,attack,3,50,3,5,0,0,-1,1,64,0,8,0,0,0,,18,10895,-1,0,0,0,0,0,0,\N
271,ジャイアント 石投げ(giant stone),0,0,1,0,0,0,0,0,attack,3,2,8,8,0,0,-1,0,64,0,8,0,0,0,\N,0,2710,-1,0,0,0,0,0,0,\N
256,リッチ ソウルドレイン (lich soul drain),0,0,0,0,0,0,0,0,none,3,10,12,5,0,0,-1,0,64,0,6,6,0,0,\N,0,2552,-1,0,0,0,0,0,0,\N
257,レッサーデーモン魔法 (lesser demon magic),0,0,5,0,0,0,0,0,none,3,10,9,9,0,0,-1,2,64,0,2,2,0,0,\N,0,2527,-1,0,0,0,0,0,0,\N
258,バルログ炎 (barlog blaze),0,0,0,0,0,0,0,0,none,3,10,15,12,0,0,-1,2,64,0,8,8,0,0,\N,0,245,-1,0,0,0,0,0,0,\N
259,ゼラチン ボール (gelatin ball),0,0,1,0,0,0,0,0,attack,3,0,5,6,0,0,-1,0,64,0,7,0,0,0,\N,0,2559,-1,0,0,0,0,0,0,\N
263,リンドビオル ブレス (lindvior breath),0,0,0,0,0,0,0,0,attack,3,0,35,15,0,0,-1,0,64,0,2,2,0,0,\N,0,2566,-1,0,0,0,0,0,0,\N
264,リンドビオル ストーム (lindvior storm),0,0,0,0,0,0,0,0,none,3,10,40,20,0,0,-1,8,64,0,14,14,0,0,\N,0,-1,-1,0,0,0,0,0,0,\N
265,リンドビオル ブレス p (lindvior breath p),0,0,0,0,0,0,0,0,attack,3,0,35,15,0,0,-1,0,64,0,2,2,0,0,\N,0,2566,-1,0,0,0,0,1,0,\N
266,リンドビオル ストーム p (lindvior storm),0,0,0,0,0,0,0,0,none,3,10,40,20,0,0,-1,8,64,0,14,14,0,0,\N,0,-1,-1,0,0,0,0,1,0,\N
267,ケンラウヘル ダークネス ブレード (kenrauhel darkness blade),0,0,1,0,0,0,0,0,none,3,10,10,15,0,0,-1,0,64,0,2,2,0,0,\N,0,1662,-1,0,0,0,0,0,0,\N
268,ケレニス ブリザード (kelenis blizzard),0,0,0,0,0,0,0,0,none,3,15,15,10,0,0,-1,4,64,0,14,14,0,0,\N,0,2261,-1,0,0,0,0,0,0,\N
269,ケレニス メテオ (kelenis meteor),0,0,0,0,0,0,0,0,attack,3,5,15,20,0,0,-1,2,64,0,8,3,0,0,\N,0,-1,-1,0,0,0,0,0,0,\N
272,ゼニスクイーン 毒 (zenith queen poison),0,0,0,0,0,0,0,30,attack,3,0,14,16,0,0,-1,0,64,0,6,6,0,0,\N,0,-1,-1,0,0,0,0,0,0,\N
273,ゼニスクイーン スロー (zenith queen slow),0,0,15,0,0,0,0,180,buff,3,0,0,0,30,30,70,0,1,0,0,0,0,0,\N,0,2810,-1,0,0,0,0,0,0,\N
1471,ゼニスクイーン 毒 (zenith queen poison1),0,0,0,0,0,0,0,60,buff,3,12,8,6,50,50,99,1,64,0,0,0,0,0,\N,0,745,-1,0,0,0,0,0,0,\N
1473,ゼニスクイーン 毒 (zenith queen poison3),0,0,10,0,0,0,0,0,none,3,80,15,15,0,0,-1,1,64,0,3,3,0,0,\N,0,5893,-1,0,0,0,0,0,0,\N
1474,ゼニスクイーン wrap (zenith queen wrap),0,0,15,0,0,0,0,180,buff,3,0,0,0,0,0,-1,0,0,0,0,0,0,0,\N,0,-1,-1,0,0,0,0,0,0,\N
1475,ゼニスクイーン スタン (zenith queen stun),0,0,10,0,0,0,0,5,buff,3,0,0,0,98,10,99,0,1,0,3,3,0,0,\N,18,4183,-1,0,0,0,0,0,0,\N
1477,シアー マスキャンセル (seer mass cancel),0,0,10,0,0,0,0,0,buff,3,0,0,0,98,10,99,0,1,0,3,3,0,0,\N,0,870,-1,0,0,0,0,0,0,\N
1478,シアー (seer spreadbomb),0,0,10,0,0,0,0,0,none,3,0,16,8,0,0,-1,0,0,0,10,10,0,0,\N,0,-1,-1,0,0,0,0,0,0,\N
1479,バンパイア タッチ (vampire touch),0,0,10,0,0,0,0,0,attack,3,0,7,12,0,0,-1,0,64,0,2,0,0,0,\N,0,236,-1,0,0,0,0,0,0,\N
1480,バンパイア (vampire circle),0,0,10,0,0,0,0,0,attack,3,0,14,16,0,0,-1,0,64,0,6,6,0,0,\N,0,-1,-1,0,0,0,0,0,0,\N
1481,バンパイア (vampire blood),0,0,10,0,0,0,0,0,none,3,80,16,18,0,0,-1,1,64,0,6,7,0,0,\N,0,4631,-1,0,0,0,0,0,0,\N
1482,バンパイア (vampire poly),0,0,10,0,0,0,0,120,buff,1,0,0,0,0,0,-1,0,128,0,4,4,0,0,\N,0,230,-1,0,0,0,0,0,0,\N
1483,バンパイア (vampire bomb),0,0,10,0,0,0,0,0,attack,3,80,7,18,0,0,-1,4,64,0,8,0,0,0,\N,0,1119,-1,0,0,0,0,0,0,\N
1484,リッチ ヒール (lich heal),0,0,0,0,0,0,0,0,buff,3,0,0,0,0,0,-1,0,0,0,0,0,0,0,\N,0,-1,-1,0,0,0,0,0,0,\N
1485,リッチ ヘイスト (lich haste),0,0,1,0,0,0,0,1200,buff,3,0,0,0,0,0,-1,8,2,0,15,0,0,0,\N,0,7004,-1,0,0,0,0,0,0,\N
1486,リッチ ソウルストーム (lich soul storm),0,0,0,0,0,0,0,0,none,3,50,12,10,0,0,-1,0,64,0,6,6,0,0,\N,0,2552,-1,0,0,0,0,0,0,\N
1488,リッチ ソウルスピアー (lich soul spear),0,0,10,0,0,0,0,0,attack,3,70,16,16,0,0,-1,0,64,0,12,0,0,0,\N,0,-1,-1,0,0,0,0,0,0,\N
1487,リッチ ソウルアタック (lich soul attack),0,0,2,0,0,0,0,0,attack,3,50,15,14,0,0,-1,0,64,0,12,2,0,0,\N,0,2546,-1,0,0,0,0,0,0,\N
1489,ゾンビロード (zombie lord blood1),0,0,0,0,0,0,0,0,none,3,40,14,19,0,0,-1,1,64,0,6,6,0,0,\N,0,3363,-1,0,0,0,0,0,0,\N
1490,ゾンビロード (zombie lord blood2),0,0,100,0,0,0,0,30,buff,1,0,0,0,0,0,-1,0,128,0,0,0,0,0,\N,0,230,-1,0,0,0,0,0,0,\N
1491,ゾンビロード (zombie lord blood3),0,0,10,0,0,0,0,0,none,3,80,22,28,0,0,-1,1,64,0,6,6,0,0,\N,0,6293,-1,0,0,0,0,0,0,\N
1492,ナイトバルド (vald reduction),0,0,1,0,0,0,0,0,buff,3,0,0,0,0,0,-1,4,2,0,1,0,0,0,\N,0,4824,-1,0,0,0,0,0,0,\N
1493,ナイトバルド (vald stun),0,0,1,0,0,0,0,5,none,3,0,0,0,98,10,99,0,1,0,2,2,0,0,\N,0,4183,-1,0,0,0,0,0,0,\N
1494,ナイトバルド (vald solid1),0,0,1,0,0,0,0,0,attack,3,20,12,15,0,0,-1,0,64,0,0,0,0,0,\N,0,1662,-1,0,0,0,0,1,0,\N
1495,ナイトバルド (vald bounce),0,0,1,0,0,0,0,0,buff,1,0,1,3,98,10,99,0,1,0,3,0,0,0,\N,0,172,-1,0,0,0,0,1,0,\N
1496,ナイトバルド (vald barrier1),0,0,1,0,0,0,0,0,none,3,30,3,10,0,0,-1,0,64,0,2,2,0,0,\N,0,5832,-1,0,0,0,0,1,0,\N
1497,ナイトバルド (vald barrier2),0,0,1,0,0,0,0,0,none,3,30,10,70,0,0,-1,0,64,0,2,2,0,0,\N,0,4071,-1,0,0,0,0,1,0,\N
1498,ナイトバルド (vald solid2),0,0,1,0,0,0,0,0,attack,3,30,14,15,0,0,-1,0,64,0,1,0,0,0,\N,0,8847,-1,0,0,0,0,1,0,\N
1499,ナイトバルド (vald solid3),0,0,1,0,0,0,0,0,attack,3,50,16,15,0,0,-1,0,64,0,1,0,0,0,\N,0,8848,-1,0,0,0,0,1,0,\N
1500,アイリス スタン (iris stun),0,0,1,0,0,0,0,5,none,3,0,0,0,98,10,99,0,1,0,2,2,0,0,\N,0,4183,-1,0,0,0,0,1,0,\N
1501,アイリス (iris solid1),0,0,1,0,0,0,0,0,attack,3,20,12,13,0,0,-1,4,64,0,12,0,0,0,\N,0,1662,-1,0,0,0,0,0,0,\N
1502,アイリス (iris solid2),0,0,1,0,0,0,0,0,none,3,30,14,13,0,0,-1,8,64,0,3,0,0,0,\N,0,4165,-1,0,0,0,0,0,0,\N
1503,アイリス ブリザード (iris blizzard),0,0,60,0,0,0,0,0,none,3,0,6,50,98,10,99,4,64,0,15,15,0,0,\N,0,7771,-1,0,0,0,0,0,0,\N
1504,アイリス (iris mrt),0,0,10,0,0,0,0,0,none,1,0,0,0,0,0,-1,1,128,0,0,0,0,0,\N,0,-1,-1,0,0,0,0,0,0,\N
1505,マミーロード (mummy madness),0,0,1,0,0,0,0,0,attack,3,50,7,30,0,0,-1,1,64,0,12,5,0,0,\N,30,4159,-1,0,0,0,0,1,0,\N
1506,マミーロード (mummy solid),0,0,1,0,0,0,0,0,attack,3,20,12,15,0,0,-1,0,64,0,12,3,0,0,\N,30,4159,-1,0,0,0,0,1,0,\N
1507,マミーロード (mummy summon user),0,0,1,0,0,0,10,0,buff,1,0,0,0,0,0,-1,0,128,0,6,0,0,0,\N,0,-1,-1,0,0,0,0,0,0,\N
1508,マミーロード (mummy skin),0,0,1,0,0,0,0,960,buff,3,0,0,0,0,0,-1,1,2,0,1,0,0,0,\N,0,2252,-1,0,0,0,0,0,0,\N
1509,マミーロード (mummy entangle),0,0,1,0,0,0,0,64,buff,3,0,0,0,99,10,99,1,1,0,10,0,0,0,\N,1,2250,-1,0,0,0,0,0,0,\N
1510,マミーロード (mummy earth bind),0,0,1,0,0,0,0,8,buff,3,0,0,0,50,30,99,1,1,0,8,0,0,0,\N,1,2251,-1,0,0,0,0,0,0,\N
1511,クーガー (cougar solid1),0,0,10,0,0,0,0,5,buff,3,0,0,0,98,10,99,0,1,0,1,0,0,0,\N,1,6534,-1,0,0,0,0,0,0,\N
1512,クーガー (cougar solid2),0,0,20,0,0,0,0,8,buff,3,0,0,0,98,10,99,0,1,0,1,0,0,0,\N,1,7182,-1,0,0,0,0,1,0,\N
1513,グリム (grim stun),0,0,1,0,0,0,0,5,buff,3,0,0,0,98,10,99,0,1,0,15,15,0,0,\N,0,4183,-1,0,0,0,0,0,0,\N
1514,グリム (grim bolt),0,0,20,0,0,0,0,0,attack,3,30,16,18,0,0,-1,8,64,0,15,0,0,0,\N,0,3396,-1,0,0,0,0,0,0,\N
1515,グリム (grim circle),0,0,10,0,0,0,0,0,attack,3,0,15,16,0,0,-1,1,64,0,8,7,0,0,\N,19,3396,-1,0,0,0,0,0,0,\N
1516,グリム (grim blizzard),0,0,10,0,0,0,0,0,none,3,0,6,50,0,0,-1,1,64,0,15,15,0,0,\N,0,4073,-1,0,0,0,0,0,0,\N
1517,グリム (grim lightning),0,0,1,0,0,0,0,0,attack,3,50,15,30,0,0,-1,1,64,0,5,5,0,0,\N,0,4784,-1,0,0,0,0,0,0,\N
1518,グリム (grim tornado),0,0,10,0,0,0,0,0,none,3,30,16,18,0,0,-1,0,64,0,8,8,0,0,\N,0,4601,-1,0,0,0,0,1,0,\N
1519,グリム (grim mass cancel),0,0,10,0,0,0,0,0,none,3,0,0,0,98,10,99,0,1,0,15,15,0,0,\N,0,870,-1,0,0,0,0,1,0,\N
1520,グリム (grim darkness),0,0,10,0,0,0,0,32,buff,3,0,0,0,98,10,99,0,1,0,15,0,0,0,\N,0,2175,-1,0,0,0,0,0,0,\N
1528,ウグヌス (ugnus a),0,0,50,0,0,0,0,0,attack,3,20,8,27,0,0,-1,0,64,0,10,0,0,0,\N,0,4470,-1,0,0,0,0,0,0,\N
1529,ウグヌス (ugnus b),0,0,50,0,0,0,0,0,attack,3,40,14,32,0,0,-1,0,64,0,10,0,0,0,\N,0,7726,-1,0,0,0,0,0,0,\N
1530,ウグヌス (ugnus c),0,0,200,0,0,0,0,0,none,3,80,15,25,0,0,-1,2,64,0,6,6,0,0,\N,0,4469,-1,0,0,0,0,0,0,\N
1531,ウグヌス (ugnus d),0,0,200,0,0,0,0,0,none,3,80,20,35,0,0,-1,2,64,0,6,6,0,0,\N,0,7725,-1,0,0,0,0,0,0,\N
