item_id,note,selling_price,purchasing_price
1,歐西斯匕首,-1,2
2,骰子匕首,1,-1
3,短劍的劍身,1,-1
4,匕首,-1,4
5,精靈匕首,1,-1
6,拉斯塔巴德短劍,-1,500
7,象牙塔短劍,1,-1
8,米索莉短劍,100000,50000
9,奧里哈魯根短劍,1,-1
10,小武士刀,1,-1
11,水晶短劍,35000,17500
12,風刃短劍,1,-1
13,死亡之指,1,-1
14,混沌之刺,1,-1
15,失去魔力的克特之劍,1,-1
16,復仇之劍,1,-1
17,受封印 被遺忘的巨劍,1,-1
18,受封印 被遺忘的劍,1,-1
19,長劍的劍身,1,-1
20,奧里哈魯根的劍身,1,-1
21,歐西斯短劍,-1,5
22,鎖子甲破壞者,1,-1
23,闊劍,-1,15
24,短劍,-1,50
25,銀劍,-1,900
26,小侏儒短劍,-1,130
27,彎刀,-1,660
28,精靈短劍,1,-1
29,銀長劍,13000,6500
30,紅騎士之劍,1,-1
31,長劍,-1,1500
32,侵略者之劍,-1,1250
33,榮耀之劍,1,-1
34,血紅慾望短劍,1,-1
35,象牙塔單手劍,1,-1
36,幻象之劍,1,-1
37,大馬士革刀,5000,2500
38,拉斯塔巴德長劍,-1,5000
39,短刀,28000,14000
40,血色巨劍,15000,7500
41,武士刀,20000,10000
42,細劍,1,-1
43,海賊彎刀,30000,15000
44,古代黑暗妖精之劍,1,-1
45,波曲王之劍,1,-1
46,生命之劍,1,-1
47,沉默之劍,1,-1
48,象牙塔雙手劍,1,-1
49,武官之刃,15000,7500
50,赤焰之劍,1,-1
51,黃金權杖,1,-1
52,雙手劍,18000,9000
53,蜥蜴王勇士之劍,1,-1
54,失去魔力的克特之劍,1,-1
55,黑暗之劍,1,-1
56,黑燄之劍,1,-1
57,瑟魯基之劍,35000,17500
58,死亡騎士的烈炎之劍,1,-1
59,騎士范德之劍,1,-1
60,末日刀,1,-1
61,真‧冥皇執行劍,1,-1
62,武官雙手劍,1,-1
63,惡魔之劍,1,-1
64,巨劍,80000,40000
65,天空之劍,1,-1
66,屠龍劍,1,-1
67,古老的巨劍,1,-1
68,古老的劍,1,-1
69,青銅 雙刀,-1,400
70,尖刺雙刀,-1,1750
71,鋼鐵 雙刀,-1,750
72,暗影 雙刀,-1,1500
73,象牙塔雙刀,1,-1
74,銀光 雙刀,1,-1
75,黑暗 雙刀,1,-1
76,倫得雙刀,1,-1
77,短 雙刀,-1,4000
78,暗殺軍王之痕,1,-1
79,深淵雙刀,1,-1
80,大馬士革 雙刀,30000,15000
81,幽暗 雙刀,1,-1
82,拉斯塔巴德雙刀,-1,5000
83,狄亞得雙刀,1,-1
84,暗黑雙刀,1,-1
85,惡魔雙刀,1,-1
86,紅影雙刀,1,-1
87,不為人知的矛,1,-1
88,潘的角,1,-1
89,覆上米索莉的角,1,-1
90,巴迪須,-1,17
91,歐西斯之矛,-1,25
92,柴刀,-1,90
93,三叉戟,-1,12
94,帕提森,-1,250
95,槍,-1,30
96,矛,-1,40
97,吉薩,-1,100
98,闊矛,-1,180
99,精靈之矛,1,-1
100,覆上奧里哈魯根的角,1,-1
101,拉斯塔巴德矛,-1,500
102,露西錘,-1,5000
103,戟,-1,1000
104,法丘,-1,4000
105,象牙塔長矛,1,-1
106,貝卡合金,16000,8000
107,深紅長矛,200000,100000
108,失去魔力的惡魔鐮刀,1,-1
109,失去魔力的巴風特魔杖,1,-1
110,失去魔力的巴列斯魔杖,1,-1
111,失去魔力的冰之女王魔杖,1,-1
112,抗魔精靈短劍,1,-1
113,敏捷精靈短劍,1,-1
114,威嚴權杖,1,-1
115,水晶魔杖,1,-1
116,黑法師之杖,1500,750
117,蕾雅魔杖,1,-1
118,漆黑水晶球,1,-1
119,惡魔鐮刀,1,-1
120,象牙塔魔杖,1,-1
121,冰之女王魔杖,1,-1
122,拉斯塔巴德魔杖,-1,5000
123,巴列斯魔杖,1,-1
124,巴風特魔杖,1,-1
125,巫術魔法杖,9000,4500
126,瑪那魔杖,9000,4500
127,鋼鐵瑪那魔杖,9000,4500
128,橡木魔法杖,-1,150
129,美基魔法杖,-1,1250
130,紅水晶魔杖,100000,50000
131,力量魔法杖,1,-1
132,神官魔杖,100000,50000
133,古代人的智慧,1,-1
134,聖晶魔杖,1,-1
135,不為人知的斧,1,-1
136,斧,-1,10
137,亞連,-1,7
138,木棒,-1,15
139,弗萊爾,-1,20
140,釘錘,-1,45
141,戰錘,-1,500
142,銀斧,8000,4000
143,戰斧,-1,350
144,侏儒鐵斧,-1,1500
145,狂戰士斧,1000,500
146,流星錘,-1,1750
147,象牙塔斧頭,1,-1
148,巨斧,12000,6000
149,牛人斧頭,12000,6000
150,天父之怒,1,-1
151,惡魔斧頭,200000,100000
152,青銅 鋼爪,-1,500
153,鋼鐵 鋼爪,-1,1000
154,暗影 鋼爪,-1,4000
155,魔獸軍王之爪,1,-1
156,象牙塔鋼爪,1,-1
157,銀光 鋼爪,1,-1
158,黑暗 鋼爪,3000,1500
159,短 鋼爪,-1,6000
160,獸王鋼爪,1,-1
161,大馬士革 鋼爪,40000,20000
162,幽暗 鋼爪,1,-1
163,巴蘭卡鋼爪,1,-1
164,暗黑鋼爪,1,-1
165,惡魔鋼爪,1,-1
166,恨之鋼爪,1,-1
167,受封印 被遺忘的弩槍,1,-1
168,黑暗 十字弓,3000,1500
169,獵人之弓,5000,2500
170,精靈弓,1,-1
171,歐西斯弓,-1,15
172,弓,-1,25
173,短弓,1,-1
174,象牙塔石弓,1,-1
175,象牙塔長弓,1,-1
176,拉斯塔巴德弓,-1,2500
177,幽暗 十字弓,1,-1
178,寂靜十字弓,1,-1
179,古代妖精弩槍,1,-1
180,十字弓,1,-1
181,尤米弓,1,-1
182,古老的弩槍,1,-1
183,幻象之弓,1,-1
184,赤焰之弓,1,-1
185,惡魔十字弓,1,-1
186,狄亞得十字弓,1,-1
187,拉斯塔巴德十字弓,-1,5000
188,拉斯塔巴德重十字弓,1,-1
189,暗黑十字弓,1,-1
190,沙哈之弓,1,-1
191,水之豎琴,1,-1
192,水精靈之弓,1,-1
193,鐵手甲,10000,5000
194,真鐵手甲,1,-1
195,受詛咒的真‧冥皇執行劍,1,-1
196,炎魔雙手劍一階,1,-1
197,炎魔雙手劍二階,1,-1
198,炎魔雙手劍三階,1,-1
199,炎魔雙手劍四階,1,-1
200,炎魔雙手劍五階,1,-1
201,炎魔雙手劍六階,1,-1
202,炎魔雙手劍七階,1,-1
203,炎魔雙手劍八階,1,-1
204,深紅之弩,1,-1
205,熾炎天使弓,1,-1
206,黑暗妖精之劍,1,-1
207,煉獄鋼爪,1,-1
208,魔法精靈短劍,1,-1
209,體質精靈短劍,1,-1
210,守護者之矛,1,-1
211,獨角獸之角,1,-1
212,海神三叉戟,1,-1
213,吉爾塔斯魔杖,1,-1
214,%i‧妖精弓,1,-1
215,敏捷精靈弓,1,-1
216,妖精之弓,1,-1
217,吉爾塔斯之劍,1,-1
218,安加斯的釘錘,1,-1
219,馬普勒之斧,1,-1
220,法師之杖,1,-1
223,神秘魔杖,1,-1
224,象牙塔魔杖,1,-1
225,王族之劍,1,-1
226,騎士之劍,1,-1
228,傳說的匕首,1,-1
231,蒼天匕首,1,-1
232,蒼天之劍,1,-1
233,蒼天巨劍,1,-1
234,蒼天長矛,1,-1
235,蒼天巨斧,1,-1
236,蒼天雙刀,1,-1
237,蒼天鋼爪,1,-1
238,蒼天魔杖,1,-1
239,蒼天之弓,1,-1
240,蒼天鐵手甲,1,-1
241,歷戰之劍,1,-1
242,歷戰十字弓,1,-1
243,歷戰魔杖,1,-1
244,歷戰鋼爪,1,-1
245,精靈叮叮鎚,1,-1
246,試煉之劍A,1,-1
247,試煉之劍B,1,-1
248,試煉之劍C,1,-1
249,試煉之劍D,1,-1
250,幻象短劍,1,-1
251,幻象巨劍,1,-1
252,幻象之矛,1,-1
253,幻象之弓,1,-1
254,幻象雙刀,1,-1
255,幻象魔杖,1,-1
256,萬聖節南瓜長劍,1,-1
257,萬聖節南瓜長劍,1,-1
258,終極萬聖節南瓜長劍,1,-1
259,魔力短劍,1,-1
260,狂風之斧,1,-1
261,大法師魔杖,1,-1
262,毀滅巨劍,1,-1
263,酷寒之矛,1,-1
264,雷雨之劍,1,-1
265,底比斯歐西里斯雙刀,1,-1
266,底比斯歐西里斯雙手劍,1,-1
267,底比斯歐西里斯弓,1,-1
268,底比斯歐西里斯魔杖,1,-1
269,幻術士魔杖,1,-1
270,藍寶石奇古獸,1,-1
271,黑曜石奇古獸,1,-1
272,消滅者鎖鏈劍,1,-1
273,破滅者鎖鏈劍,1,-1
274,反王肯恩的權杖,1,-1
275,龍騎士雙手劍,1,-1
276,惡元素奇古獸,1,-1
277,惡元素鎖鏈劍,1,-1
278,惡元素鋼爪,1,-1
279,惡元素魔杖,1,-1
280,惡元素之弓,1,-1
281,惡元素之劍,1,-1
282,提卡爾庫庫爾坎之矛,1,-1
283,提卡爾庫庫爾坎鐵手甲,1,-1
284,艾爾摩短劍,1,-1
285,艾爾摩單手劍,1,-1
286,艾爾摩雙手劍,1,-1
287,艾爾摩鋼爪,1,-1
288,艾爾摩魔杖,1,-1
289,艾爾摩弩槍,1,-1
290,艾爾摩鎖鏈劍,1,-1
291,艾爾摩奇古獸,1,-1
292,[日本] 9週年紀念劍,1,-1
293,[日本] 9週年紀念 鋼爪,1,-1
294,[日本] 9週年紀念 鎖鏈劍,1,-1
295,[日本] 9週年紀念 魔法杖,1,-1
296,[日本] 9週年紀念 弓,1,-1
297,[日本] 9週年紀念 奇古獸,1,-1
298,[日本]10週年紀念 雙手劍,1,-1
299,[日本]10週年紀念 矛,1,-1
300,[日本]10週年紀念 雙刀,1,-1
301,[日本]10週年紀念 魔杖,1,-1
302,[日本]10週年紀念 弓,1,-1
303,幸運的巨斧,1,-1
304,隱藏的魔族之劍,1,-1
305,隱藏的魔族弓箭,1,-1
306,隱藏的魔族魔杖,1,-1
307,隱藏的魔族鋼爪,1,-1
308,隱藏的魔族鎖鏈劍,1,-1
309,隱藏的魔族奇古獸,1,-1
701,寒冰奇古獸,1,-1
702,寒冰鎖鏈劍,1,-1
703,冰之女王魔杖,1,-1
704,弒神者之弓,1,-1
705,破壞雙刀,1,-1
706,破壞鋼爪,1,-1
707,破壞的長弓,1,-1
708,力量的南瓜魔杖,1,-1
709,南瓜雙手劍,1,-1
710,南瓜長弓,1,-1
721,南瓜之劍,1,-1
722,南瓜雙手劍,1,-1
723,南瓜長弓,1,-1
724,智力的南瓜魔杖,1,-1
725,南瓜鎖鏈劍,1,-1
726,南瓜奇古獸,1,-1
727,南瓜鋼爪,1,-1
728,冥想魔杖,1,-1
729,嗜血者鎖鏈劍,1,-1
20001,皮帽子,1,-1
20002,皮頭盔,1,-1
20003,鋼鐵頭盔,1,-1
20004,影子面具,1,-1
20005,騎士頭巾,1,-1
20006,騎士面甲,5000,2500
20007,侏儒鐵盔,-1,250
20008,小型風之頭盔,22000,11000
20009,惡魔頭盔,1,-1
20010,死亡騎士頭盔,1,-1
20011,抗魔法頭盔,2500,1250
20012,法師之帽,1,-1
20013,敏捷魔法頭盔,20000,10000
20014,治癒魔法頭盔,15000,7500
20015,力量魔法頭盔,18000,9000
20016,曼波帽子,1,-1
20017,木乃伊王的王冠,1,-1
20018,馬庫爾之帽,1,-1
20019,王冠,1,-1
20020,武官頭盔,3500,1750
20021,精靈敏捷頭盔,1,-1
20022,巴蘭卡頭盔,1,-1
20023,風之頭盔,1,-1
20024,反王頭盔,1,-1
20025,巴土瑟之帽,1,-1
20026,夜之視野,1,-1
20027,紅騎士頭巾,1,-1
20028,象牙塔皮頭盔,1,-1
20029,西瑪之帽,1,-1
20030,神官頭飾,1,-1
20031,火焰之影頭盔,1,-1
20032,黑暗頭飾,10000,5000
20033,艾爾穆的祝福,1,-1
20034,歐西斯頭盔,-1,75
20035,精靈皮盔,1,-1
20036,夜視頭盔,12000,6000
20037,真實的面具,1,-1
20038,銀釘皮帽,1,-1
20039,精靈體質頭盔,1,-1
20040,卡士伯之帽,1,-1
20041,克特頭盔,1,-1
20042,賽尼斯頭箍,1,-1
20043,鋼盔,-1,100
20044,藍海賊頭巾,1,-1
20045,骷髏頭盔,1,-1
20046,南瓜帽,1,-1
20047,南瓜頭套,1,-1
20048,混沌頭盔,1,-1
20049,巨蟻女皇的金翅膀,1,-1
20050,巨蟻女皇的銀翅膀,1,-1
20051,君主的威嚴,1,-1
20052,侏儒斗篷,-1,52
20053,狼皮斗篷,1,-1
20054,地屬性 斗蓬,1,-1
20055,瑪那斗篷,1,-1
20056,抗魔法斗篷,200,100
20057,冥法軍王斗篷,1,-1
20058,武官斗篷,5000,2500
20059,水屬性 斗蓬,1,-1
20060,藍海賊斗篷,1,-1
20061,風屬性 斗蓬,1,-1
20062,炎魔的血光斗篷,1,-1
20063,保護者斗篷,20000,10000
20064,紅騎士之斗篷,1,-1
20065,紅色斗篷,1,-1
20066,黑虎皮斗篷,1,-1
20067,神官斗篷,1,-1
20068,亞丁騎士團披肩,1,-1
20069,火焰之影斗篷,1,-1
20070,黑暗斗蓬,10000,5000
20071,火屬性 斗蓬,1,-1
20072,歐西斯斗篷,-1,25
20073,精靈斗篷,1200,600
20074,銀光斗蓬,1,-1
20075,死亡斗篷,1,-1
20076,墮落斗篷,1,-1
20077,隱身斗篷,1,-1
20078,混沌斗篷,1,-1
20079,吸血鬼斗篷,1,-1
20080,位移斗篷,1,-1
20081,油布斗篷,1,-1
20082,象牙塔T恤,1,-1
20083,火焰之影襯衫,1,-1
20084,精靈T恤,1,-1
20085,T恤,1,-1
20086,上衣 隆吉特,1,-1
20087,上衣 隆貝特,1,-1
20088,上衣 隆奇特,1,-1
20089,小藤甲,-1,50
20090,皮背心,1,-1
20091,鋼鐵金屬盔甲,1,-1
20092,古老的皮盔甲,1,-1
20093,古老的長袍,1,-1
20094,古老的鱗甲,1,-1
20095,古老的金屬盔甲,1,-1
20096,環甲,-1,250
20097,木甲,1,-1
20098,黑暗棲林者盔甲,1,-1
20099,惡魔盔甲,42000,21000
20100,死亡騎士盔甲,1,-1
20101,皮甲,-1,5750
20102,拉斯塔巴德皮盔甲,-1,750
20103,拉斯塔巴德長袍,15000,7500
20104,拉斯塔巴德銀釘皮盔甲,-1,1000
20105,拉斯塔巴德鏈甲,-1,2500
20106,蕾雅長袍,1,-1
20107,巫妖斗篷,1,-1
20108,古代風龍鱗盔甲,1,-1
20109,法令軍王長袍,1,-1
20110,抗魔法鏈甲,8000,4000
20111,法師長袍,1,-1
20112,曼波外套,1,-1
20113,武官護鎧,1,-1
20114,綿質長袍,1000,500
20115,藤甲,-1,10000
20116,巴蘭卡盔甲,1,-1
20117,巴風特盔甲,1,-1
20118,反王盔甲,1,-1
20119,古代火龍鱗盔甲,1,-1
20120,皮盔甲,1,-1
20121,黑法師長袍,1,-1
20122,鱗甲,-1,1000
20123,喚獸師長袍,1,-1
20124,骷髏盔甲,2000,1000
20125,鏈甲,-1,3000
20126,象牙塔皮盔甲,1,-1
20127,水龍鱗盔甲,1,-1
20128,水晶盔甲,80000,40000
20129,神官法袍,1,-1
20130,古代地龍鱗盔甲,1,-1
20131,火焰之影盔甲,1,-1
20132,黑暗披肩,20000,10000
20133,黑暗執行者金屬盔甲,1,-1
20134,冰之女王魅力禮服,1,-1
20135,歐西斯環甲,-1,100
20136,歐西斯鏈甲,-1,400
20137,精靈鏈甲,1,-1
20138,精靈金屬盔甲,1,-1
20139,精靈護胸金屬板,1000,500
20140,被遺忘的皮盔甲,37000,18500
20141,被遺忘的長袍,37000,18500
20142,被遺忘的鱗甲,37000,18500
20143,被遺忘的金屬盔甲,37000,18500
20144,死亡盔甲,1,-1
20145,硬皮背心,1,-1
20146,地龍鱗盔甲,1,-1
20147,銀釘皮甲,-1,150
20148,銀釘皮背心,1,-1
20149,青銅盔甲,-1,9000
20150,克特盔甲,1,-1
20151,賽尼斯斗篷,1,-1
20152,墮落長袍,1,-1
20153,古代水龍鱗盔甲,1,-1
20154,金屬盔甲,37000,18500
20155,藍海賊皮盔甲,1,-1
20156,風龍鱗盔甲,1,-1
20157,金屬蜈蚣皮盔甲,1,-1
20158,混沌法袍,1,-1
20159,火龍鱗盔甲,1,-1
20160,黑長者長袍,1,-1
20161,幻象盔甲,1,-1
20162,皮手套,8000,4000
20163,鋼鐵手套,1,-1
20164,影子手套,1,-1
20165,惡魔手套,1,-1
20166,死亡騎士手套,1,-1
20167,蜥蜴王手套,1,-1
20168,武官手套,260,130
20169,巴蘭卡手套,1,-1
20170,反王手套,1,-1
20171,保護者手套,1,-1
20172,水靈手套,100000,50000
20173,象牙塔皮手套,1,-1
20174,雪人手套,1,-1
20175,水晶手套,8000,4000
20176,神官手套,1,-1
20177,地靈手套,100000,50000
20178,暗殺軍王手套,1,-1
20179,火焰之影手套,1,-1
20180,黑暗手套,10000,5000
20181,火靈手套,100000,50000
20182,手套,8000,4000
20183,死亡手套,1,-1
20184,克特手套,1,-1
20185,賽尼斯手套,1,-1
20186,墮落手套,1,-1
20187,力量手套,1,-1
20188,藍海賊手套,8000,4000
20189,風靈手套,100000,50000
20190,混沌手套,1,-1
20191,腕甲,1,-1
20192,皮長靴,1,-1
20193,皮涼鞋,1,-1
20194,鋼鐵長靴,1,-1
20195,影子長靴,1,-1
20196,黑暗棲林者長靴,1,-1
20197,惡魔長靴,1,-1
20198,死亡騎士長靴,1,-1
20199,拉斯塔巴德長靴,-1,750
20200,魔獸軍王長靴,1,-1
20201,武官長靴,1,-1
20202,巴蘭卡長靴,1,-1
20203,反王長靴,1,-1
20204,巴列斯長靴,1,-1
20205,長靴,2000,1000
20206,象牙塔皮涼鞋,1,-1
20207,深水長靴,2000,1000
20208,神官長靴,1,-1
20209,火焰之影長靴,1,-1
20210,黑暗長靴,10000,5000
20211,冰之女王魅力涼鞋,1,-1
20212,銀釘皮涼鞋,1,-1
20213,短統靴,-1,150
20214,克特長靴,1,-1
20215,賽尼斯長靴,1,-1
20216,墮落長靴,1,-1
20217,藍海賊長靴,3000,1500
20218,黑長者涼鞋,1,-1
20219,皮盾牌,1,-1
20220,鋼鐵盾牌,1,-1
20221,骷髏盾牌,1,-1
20222,木盾,1,-1
20223,侏儒圓盾,-1,125
20224,拉斯塔巴德圓盾,-1,500
20225,瑪那水晶球,1,-1
20226,魔法能量之書,1,-1
20227,梅杜莎盾牌,1,-1
20228,武官之盾,1,-1
20229,反射之盾,10000,5000
20230,紅眼盾牌,1,-1
20231,塔盾,7000,3500
20232,象牙塔皮盾牌,1,-1
20233,神官魔法書,1,-1
20234,信念之盾,1,-1
20235,伊娃之盾,1,-1
20236,精靈盾牌,1,-1
20237,阿克海盾牌,-1,45
20238,銀騎士之盾,1,-1
20239,小盾牌,-1,30
20240,死亡之盾,1,-1
20241,銀釘皮盾,1,-1
20242,大盾牌,-1,600
20243,隱藏之谷項鍊,1,-1
20244,小型魅力項鍊,1,-1
20245,小型敏捷項鍊,1,-1
20246,小型力量項鍊,1,-1
20247,小型智力項鍊,1,-1
20248,小型精神項鍊,1,-1
20249,小型體質項鍊,1,-1
20250,變形怪首領項鍊,1,-1
20251,都佩傑諾的項鍊,1,-1
20252,蕾雅項鍊,1,-1
20253,法令軍王之鍊,1,-1
20254,魅力項鍊,10000,5000
20255,冥法軍王之戒,1,-1
20256,敏捷項鍊,10000,5000
20257,黑法師項鍊,1,-1
20258,喚獸師項鍊,1,-1
20259,歌唱之島項鍊,1,-1
20260,艾莉絲項鍊,1,-1
20261,火焰之影項鍊,1,-1
20262,營養滿分金項鍊,1,-1
20263,妖魔戰士護身符,65000,32500
20264,力量項鍊,10000,5000
20265,靈魂的印記,1,-1
20266,智力項鍊,10000,5000
20267,精神項鍊,10000,5000
20268,體質項鍊,10000,5000
20269,骷髏項鍊,1,-1
20277,變形怪首領之戒(右),1,-1
20278,變形怪首領之戒(左),1,-1
20279,蕾雅戒指,1,-1
20280,滅魔戒指,1,-1
20281,變形控制戒指,2000000,1000000
20282,象牙塔戒指,1,-1
20284,召喚控制戒指,2000000,1000000
20285,水靈戒指,2000,1000
20286,守護團戒指,1,-1
20287,守護者的戒指,1,-1
20288,傳送控制戒指,4000000,2000000
20289,深淵戒指,1,-1
20290,火焰之影戒指,1,-1
20291,營養滿分金戒指,1,-1
20293,受詛咒的鑽石戒指,20000,10000
20294,受詛咒的紅寶石戒指,20000,10000
20295,受詛咒的藍寶石戒指,20000,10000
20296,受詛咒的綠寶石戒指,20000,10000
20297,精神的印記,1,-1
20298,潔尼斯戒指,1,-1
20299,死亡的誓約,1,-1
20300,地靈戒指,2000,1000
20301,身體的印記,1,-1
20302,風靈戒指,2000,1000
20303,抗魔戒指,2000,1000
20304,火靈戒指,2000,1000
20305,情人戒指,1,-1
20306,小型身體腰帶,15000,7500
20307,小型靈魂腰帶,15000,7500
20308,小型精神腰帶,15000,7500
20309,光明身體腰帶,1,-1
20310,光明靈魂腰帶,1,-1
20311,光明精神腰帶,1,-1
20312,身體腰帶,16000,8000
20313,黑暗腰帶,1,-1
20314,古代巨人戒指,1,-1
20315,營養滿分金腰帶,1,-1
20316,靈魂腰帶,30000,15000
20317,歐吉皮帶,1,-1
20318,勇敢皮帶,1,-1
20319,精神腰帶,30000,15000
20320,泰坦皮帶,1,-1
20321,多羅皮帶,30000,15000
20322,皮夾克,-1,10
20342,死神披肩,1,-1
20343,曼波兔帽,1,-1
20344,曼波兔帽,1,-1
20345,柯利的項鍊,1,-1
20346,浣熊的項鍊,1,-1
20347,日本和服(女性),1,-1
20348,日本正裝(男性),1,-1
20349,獵犬項鍊,1,-1
20350,雪人的項鍊,1,-1
20351,雪人的胡蘿蔔,1,-1
20352,雪人的靴子,1,-1
20353,傳說的盔甲,1,-1
20354,傳說的長靴,1,-1
20355,傳說的手套,1,-1
20356,傳說的頭盔,1,-1
20357,傳說的盾牌,1,-1
20358,奴隸項鍊,1,-1
20359,約定項鍊,1,-1
20360,解放項鍊,1,-1
20361,獵犬項鍊,1,-1
20362,魔族項鍊,1,-1
20363,勇士項鍊,1,-1
20364,將軍項鍊,1,-1
20365,大將軍項鍊,1,-1
20366,王族鱗甲,1,-1
20367,戰士金屬盔甲,1,-1
20368,妖精小藤甲,1,-1
20369,法師披肩,1,-1
20370,歷戰斗蓬,1,-1
20371,歷戰長靴,1,-1
20372,歷戰手套,1,-1
20373,歷戰鋼盔,1,-1
20374,歷戰之盾,1,-1
20375,歷戰上衣,1,-1
20376,王族項鍊,1,-1
20377,騎士項鍊,1,-1
20378,妖精項鍊,1,-1
20379,法師項鍊,1,-1
20380,南瓜魔法帽,1,-1
20381,華麗頭飾,1,-1
20382,紅色面具,1,-1
20383,軍馬頭盔,1000000,500000
20384,王族頭盔,1,-1
20385,騎士頭盔,1,-1
20386,精靈皮頭盔,1,-1
20387,法師頭盔,1,-1
20388,黑暗妖精頭盔,1,-1
20389,%i．妖精頭盔,1,-1
20390,真．冥皇面甲,1,-1
20391,王族盔甲,1,-1
20392,精靈皮盔甲,1,-1
20393,%i．妖精金甲,1,-1
20394,騎士盔甲,1,-1
20395,真．冥皇鎧甲,1,-1
20396,守護者之盾,1,-1
20397,王族盾牌,1,-1
20398,騎士盾牌,1,-1
20399,法師斗蓬,1,-1
20400,黑暗妖精斗篷,1,-1
20401,%i．妖精斗篷,1,-1
20402,真．冥皇披風,1,-1
20403,精靈皮長靴,1,-1
20404,法師長靴,1,-1
20405,黑暗妖精長靴,1,-1
20406,%i．妖精鋼靴,1,-1
20407,軍靴,1,-1
20408,真．冥皇鋼靴,1,-1
20409,%i．妖精腕甲,1,-1
20410,真．冥皇護手,1,-1
20411,苦痛項鍊,1,-1
20412,厄運項鍊,1,-1
20413,希望項鍊,1,-1
20414,幸運項鍊,1,-1
20415,熱情項鍊,1,-1
20416,真實項鍊,1,-1
20417,奇蹟項鍊,1,-1
20418,慈愛項鍊,1,-1
20419,高等熊項鍊,1,-1
20420,招財貓領巾,1,-1
20421,伊莉絲項鍊,1,-1
20422,發光的古老項鍊,1,-1
20423,詛咒的紅色耳環,1,-1
20424,詛咒的藍色耳環,1,-1
20425,詛咒的綠色耳環,1,-1
20426,光之項鍊,1,-1
20427,友友幸運符,1,-1
20428,希望戒指,1,-1
20429,熱情戒指,1,-1
20430,幸運戒指,1,-1
20431,真實戒指,1,-1
20432,奇蹟戒指,1,-1
20433,勇氣戒指,1,-1
20434,伊莉絲戒指,1,-1
20435,土靈戒指(男爵),1,-1
20436,水靈戒指(男爵),1,-1
20437,火靈戒指(男爵),1,-1
20438,風靈戒指(男爵),1,-1
20439,土靈戒指(伯爵),1,-1
20440,水靈戒指(伯爵),1,-1
20441,火靈戒指(伯爵),1,-1
20442,風靈戒指(伯爵),1,-1
20443,土靈戒指(公爵),1,-1
20444,水靈戒指(公爵),1,-1
20445,火靈戒指(公爵),1,-1
20446,風靈戒指(公爵),1,-1
20447,土靈戒指(君主),1,-1
20448,水靈戒指(君主),1,-1
20449,火靈戒指(君主),1,-1
20450,風靈戒指(君主),1,-1
20451,英雄戒指,1,-1
20452,德雷克頭巾,1,-1
20453,艾莉絲變身頭巾,1,-1
20454,騎士范德變身頭巾,1,-1
20455,思克巴女皇變身頭巾,1,-1
20456,紅色足球衣,1,-1
20457,藍色足球衣,1,-1
20458,紅色妖魔面具,1,-1
20459,紅色妖魔耳環,1,-1
20460,榮譽項鍊,1,-1
20461,高等狐狸項鍊,1,-1
20462,高等暴走兔項鍊,1,-1
20463,高等熊貓項鍊,1,-1
20464,幻象眼魔的心眼,1,-1
20465,馬昆斯斗篷,1,-1
21000,思克巴 衣裝,1,-1
21001,雪人 衣裝,1,-1
21002,冰石高崙 衣裝,1,-1
21003,勇士耳環,1,-1
21004,戰士耳環,1,-1
21005,英雄耳環,1,-1
21006,靈魂耳環,1,-1
21007,靈魂耳環,1,-1
21008,憤怒耳環,1,-1
21009,熱情耳環,1,-1
21010,勇猛耳環,1,-1
21011,不死耳環,1,-1
21012,名譽耳環,1,-1
21013,寬容耳環,1,-1
21014,靈魂耳環,1,-1
21015,智慧耳環,1,-1
21016,真實耳環,1,-1
21017,支配耳環,1,-1
21018,哈羅耳環,1,-1
21019,淨化之耳環,1,-1
21020,舞動耳環,1,-1
21021,雙子耳環,1,-1
21022,慶典耳環,1,-1
21023,絕頂耳環,1,-1
21024,暴走耳環,1,-1
21025,幻魔耳環,1,-1
21026,族群耳環,1,-1
21027,奴隸耳環,1,-1
21028,%i的力量T恤,1,-1
21029,%i的敏捷T恤,1,-1
21030,%i的魅力T恤,1,-1
21031,%i的魔力T恤,1,-1
21032,%i的體力T恤,1,-1
21033,%i的瑪那T恤,1,-1
21034,曼波兔戒指,1,-1
21035,幻象頭盔,1,-1
21036,幻象T恤,1,-1
21037,幻象盾牌,1,-1
21038,幻象長靴,1,-1
21039,燃燒的頭飾,1,-1
21040,燃燒的護盾,1,-1
21041,燃燒的長靴,1,-1
21042,燃燒的手套,1,-1
21043,鐵壁護身符,1,-1
21044,慧知護身符,1,-1
21045,暗躍護身符,1,-1
21046,翻弄護身符,1,-1
21047,幸運硬幣,1,-1
21048,修好的戒指,1,-1
21049,修好的耳環,1,-1
21050,修好的項鍊,1,-1
21051,泡水的頭具,1,-1
21052,泡水的斗篷,1,-1
21053,泡水的盔甲,1,-1
21054,泡水的手套,1,-1
21055,泡水的靴子,1,-1
21056,泡水的盾牌,1,-1
21057,訓練騎士披肩,1,-1
21058,訓練騎士披肩,1,-1
21059,毒蛇之牙披肩,1,-1
21060,萬聖節南瓜盔甲,1,-1
21061,男性幽靈裝,1,-1
21062,女性幽靈裝,1,-1
21063,男性泳衣︰三角褲,1,-1
21064,男性泳衣︰運動短褲,1,-1
21065,女性泳衣︰連身裙,1,-1
21066,女性泳衣︰比基尼,1,-1
21067,萬聖節南瓜盔甲,1,-1
21068,終極萬聖節南瓜盔甲,1,-1
21069,新生皮帶(水),1,-1
21070,新生皮帶(水),1,-1
21071,新生皮帶(風),1,-1
21072,新生皮帶(火),1,-1
21073,新生皮帶(地),1,-1
21074,親睦耳環,1,-1
21075,親睦耳環 1-1,1,-1
21076,親睦耳環 1-2,1,-1
21077,親睦耳環 1-3,1,-1
21078,親睦耳環 2-1,1,-1
21079,親睦耳環 2-2,1,-1
21080,親睦耳環 2-3,1,-1
21081,冰之女王的耳環 Lv.0,1,-1
21082,冰之女王的耳環 Lv.1,1,-1
21083,冰之女王的耳環 Lv.2,1,-1
21084,冰之女王的耳環 Lv.3,1,-1
21085,冰之女王的耳環 Lv.4,1,-1
21086,冰之女王的耳環 Lv.5,1,-1
21087,冰之女王的耳環 Lv.6,1,-1
21088,冰之女王的耳環 Lv.7,1,-1
21089,冰之女王的耳環 Lv.8,1,-1
21090,冰之女王的耳環 Lv.8,1,-1
21091,冰之女王的耳環 Lv.8,1,-1
21092,新生戒指,1,-1
21093,底比斯賀洛斯戒指,1,-1
21094,底比斯阿努比斯戒指,1,-1
21095,底比斯歐西里斯腰帶,1,-1
21096,命運耳環,1,-1
21097,射擊手耳環,1,-1
21098,劍鬥士耳環,1,-1
21099,大法師耳環,1,-1
21100,幻術士斗篷,1,-1
21101,幻術士法書,1,-1
21102,龍騎士斗篷,1,-1
21103,龍鱗臂甲,1,-1
21104,水晶臂甲,1,-1
21105,古代神射臂甲,1,-1
21106,古代鬥士臂甲,1,-1
21107,木製的夾克,1,-1
21108,%i的T恤強化師,1,-1
21109,提卡爾庫庫爾坎面具,1,-1
21110,提卡爾庫庫爾坎之盾,1,-1
21111,提卡爾杰弗雷庫尖牙,1,-1
21112,提卡爾杰弗雷庫之眼,1,-1
21113,象牙塔的祈禱紋章,1,-1
21114,祈禱紋章Ⅰ [30天],1,-1
21115,祈禱紋章Ⅱ [30天],1,-1
21116,祈禱紋章Ⅰ ,1,-1
21117,祈禱紋章Ⅱ,1,-1
21118,象牙塔的魅力紋章,1,-1
21119,魅力紋章Ⅰ ,1,-1
21120,魅力紋章 Ⅱ,1,-1
21121,象牙塔的力量紋章,1,-1
21122,力量紋章Ⅰ ,1,-1
21123,力量紋章Ⅱ,1,-1
21124,象牙塔的精神紋章,1,-1
21125,精神紋章Ⅰ ,1,-1
21126,精神紋章Ⅱ,1,-1
21127,象牙塔的智力紋章,1,-1
21128,智力紋章Ⅰ ,1,-1
21129,智力紋章Ⅱ,1,-1
21130,象牙塔的敏捷紋章,1,-1
21131,敏捷紋章Ⅰ ,1,-1
21132,敏捷紋章Ⅱ,1,-1
21133,象牙塔的體質紋章,1,-1
21134,體質紋章Ⅰ ,1,-1
21135,體質紋章Ⅱ,1,-1
21136,術士紋章,1,-1
21137,劍士紋章,1,-1
21138,象牙塔的魔法紋章,1,-1
21139,魔法紋章Ⅰ ,1,-1
21140,魔法紋章Ⅱ,1,-1
21141,象牙塔的防御紋章,1,-1
21142,防御紋章Ⅰ ,1,-1
21143,防御紋章Ⅱ,1,-1
21144,象牙塔的生命紋章,1,-1
21145,生命紋章Ⅰ ,1,-1
21146,生命紋章Ⅱ,1,-1
21147,耐風紋章Ⅰ ,1,-1
21148,耐風紋章Ⅱ,1,-1
21149,耐火紋章Ⅰ ,1,-1
21150,耐火紋章Ⅱ,1,-1
21151,耐水紋章Ⅰ ,1,-1
21152,耐水紋章Ⅱ,1,-1
21153,耐地紋章Ⅰ ,1,-1
21154,耐地紋章Ⅱ,1,-1
21155,日本 象牙塔的護身符,1,-1
21156,4個星星,1,-1
21157,5個星星,1,-1
21158,6個星星,1,-1
21159,7個星星,1,-1
21160,龍之勳章,1,-1
21161,萬聖節的護身符,1,-1
21162,萬聖節的護身符(2010),1,-1
21163,黑色金屬護身符,1,-1
21164,楛弩奧弩護身符,1,-1
21165,新生護身符(紅),1,-1
21166,新生護身符(藍),1,-1
21167,新生耳環,1,-1
21168,象牙塔的斗篷,1,-1
21169,象牙塔耳環,1,-1
21170,泡水的帽子,1,-1
21171,泡水的頭巾,1,-1
21172,安塔瑞斯的力量,1,-1
21173,安塔瑞斯的魅惑,1,-1
21174,安塔瑞斯的泉源,1,-1
21175,安塔瑞斯的霸氣,1,-1
21176,法利昂的力量,1,-1
21177,法利昂的魅惑,1,-1
21178,法利昂的泉源,1,-1
21179,法利昂的霸氣,1,-1
21180,林德拜爾的力量,1,-1
21181,林德拜爾的魅惑,1,-1
21182,林德拜爾的泉源,1,-1
21183,林德拜爾的霸氣,1,-1
21184,巴拉卡斯的力量,1,-1
21185,巴拉卡斯的魅惑,1,-1
21186,巴拉卡斯的泉源,1,-1
21187,巴拉卡斯的霸氣,1,-1
21188,黑貓帽,1,-1
21189,魔女帽,1,-1
21190,%i之昏迷耐性之T恤,1,-1
21191,%i之支撐耐性之T恤,1,-1
21192,%ihp回復T恤,1,-1
21193,%imp回復T恤,1,-1
21194,塔拉斯長靴,1,-1
21195,塔拉斯手套,1,-1
21196,歷戰的 骷髏頭盔,1,-1
21197,歷戰的 歐西斯頭盔,1,-1
21198,歷戰的 侏儒鐵盔,1,-1
21199,歷戰的 披風,1,-1
21200,歷戰的 歐西斯斗篷,1,-1
21201,歷戰的 侏儒斗篷,1,-1
21202,歷戰的 內衣,1,-1
21203,歷戰的 骷髏盔甲,1,-1
21204,歷戰的 歐西斯環甲,1,-1
21205,歷戰的 綿質長袍,1,-1
21206,歷戰的 手套,1,-1
21207,歷戰的 長靴,1,-1
21208,歷戰的 骷髏盾牌,1,-1
21209,歷戰的 侏儒圓盾,1,-1
21210,日本 龍牙的腰帶,1,-1
21211,象牙塔的堅固頭盔,1,-1
21212,象牙塔的堅固盔甲,1,-1
21213,象牙塔的堅固披風,1,-1
21214,象牙塔的堅固手套,1,-1
21215,象牙塔的堅固長靴,1,-1
21216,象牙塔的堅固盾牌,1,-1
21217,象牙塔的神聖頭盔,1,-1
21218,象牙塔的神聖長袍,1,-1
21219,象牙塔的神聖披風,1,-1
21220,象牙塔的神聖手套,1,-1
21221,象牙塔的神聖長靴,1,-1
21222,象牙塔的神聖盾牌,1,-1
21223,修練者的項鍊,1,-1
21224,修練者的戒指,1,-1
21225,修練者的腰帶,1,-1
21226,麋鹿魔法帽,1,-1
21227,萬聖節南瓜盔甲,1,-1
21228,萬聖節南瓜手套,1,-1
21229,天堂10週年紀念盾牌,1,-1
21230,天堂10週年紀念臂甲,1,-1
21231,體力臂甲,1,-1
21232,魔力臂甲,1,-1
21233,法師臂甲,1,-1
21234,遍歷臂甲,1,-1
21235,柯奧里諾外套,1,-1
21236,楛弩奧弩外套,1,-1
21237,[日本] 歐林的披風,1,-1
21238,精靈之靴：體力,1,-1
21239,精靈之靴：魔力,1,-1
21240,寒冰的小手,1,-1
21241,冰河的小手,1,-1
21242,冰鎮的小手,1,-1
21243,寒霜的小手,1,-1
21244,[日本] 果凍怪的項鍊(戰士型),1,-1
21245,[日本] 果凍怪的項鍊(術士型),1,-1
21246,王家的強襲項鍊,1,-1
21247,王家的賢明項鍊,1,-1
21248,王家的猛烈項鍊,1,-1
21249,王家的耳環,1,-1
21250,黑暗經驗項鍊[2小時],1,-1
21251,黑暗經驗項鍊[4小時],1,-1
21252,繁榮的護身符[1小時],1,-1
21253,感謝的項鍊[3天],1,-1
21254,防禦的龍牙戒指,1,-1
21255,體力的龍牙戒指,1,-1
21256,魔力的龍牙戒指,1,-1
21257,防禦的龍牙戒指(地),1,-1
21258,防禦的龍牙戒指(風),1,-1
21259,防禦的龍牙戒指(火),1,-1
21260,防禦的龍牙戒指(水),1,-1
21261,體力的龍牙戒指(地),1,-1
21262,體力的龍牙戒指(風),1,-1
21263,體力的龍牙戒指(火),1,-1
21264,體力的龍牙戒指(水),1,-1
21265,魔力的龍牙戒指(地),1,-1
21266,魔力的龍牙戒指(風),1,-1
21267,魔力的龍牙戒指(火),1,-1
21268,魔力的龍牙戒指(水),1,-1
21269,%i‧愛情戒指,1,-1
21270,%i‧信任戒指,1,-1
21271,%i‧勇氣戒指,1,-1
21272,%i‧信賴戒指,1,-1
21273,%i‧友情戒指,1,-1
21274,%i‧永恆戒指,1,-1
21275,鐵壁紋章,1,-1
21276,治癒紋章,1,-1
21277,疾風紋章,1,-1
21278,古代勇士的靈魂Ⅰ[30天],1,-1
21279,古代勇士的靈魂Ⅱ[30天],1,-1
21280,戰人的力帶,1,-1
21281,修驗的力帶,1,-1
21282,妖魔的踊帶,1,-1
21283,熱血勇士的靈魂[30天],1,-1
21284,柑橘變身帽,1,-1
21285,純白恢復戒指,1,-1
21286,純白集中戒指,1,-1
21287,純白體力戒指,1,-1
21288,純白瑪那戒指,1,-1
21289,純白魔法抵抗戒指,1,-1
21290,石製手套,1,-1
40001,燈,10,5
40002,燈籠,100,50
40003,燈油,30,15
40004,魔法燈籠,5000,2500
40005,蠟燭,-1,-1
40006,松木魔杖,20000,5
40007,烏木魔杖,3000,3
40008,楓木魔杖,100000,10
40009,驅逐魔杖,900,450
40010,治癒藥水,37,18
40011,強力治癒藥水,200,100
40012,終極治癒藥水,600,300
40013,自我加速藥水,200,100
40014,勇敢藥水,800,400
40015,藍色藥水,700,350
40016,慎重藥水,600,300
40017,翡翠藥水,70,35
40018,強化 綠色藥水,1500,750
40019,濃縮體力恢復劑,55,27
40020,濃縮強力體力恢復劑,300,150
40021,濃縮終極體力恢復劑,900,450
40022,古代體力恢復劑,63,31
40023,古代強力體力恢復劑,375,187
40024,古代終極體力恢復劑,990,495
40025,黑色藥水,2,1
40026,香蕉汁,-1,-1
40027,橘子汁,-1,-1
40028,蘋果汁,-1,-1
40029,象牙塔治癒藥水,-1,-1
40030,象牙塔加速藥水,-1,-1
40031,惡魔之血,3000,1500
40032,伊娃的祝福,330,165
40033,萬能藥(力量),1,-1
40034,萬能藥(體質),1,-1
40035,萬能藥(敏捷),1,-1
40036,萬能藥(智慧),1,-1
40037,萬能藥(精神),1,-1
40038,萬能藥(魅力),1,-1
40039,紅酒,-1,-1
40040,威士忌,-1,-1
40041,人魚之鱗,-1,-1
40042,精神藥水,1,-1
40043,兔子的肝,1,-1
40044,鑽石,-1,500
40045,紅寶石,-1,500
40046,藍寶石,-1,500
40047,綠寶石,-1,500
40048,品質鑽石,-1,1000
40049,品質紅寶石,-1,1000
40050,品質藍寶石,-1,1000
40051,品質綠寶石,-1,1000
40052,高品質鑽石,-1,5000
40053,高品質紅寶石,-1,5000
40054,高品質藍寶石,-1,5000
40055,高品質綠寶石,-1,5000
40056,肉,1,0
40057,漂浮之眼肉,200,100
40058,煙燻的麵包屑,-1,-1
40059,蛋,4,2
40060,胡蘿蔔,6,3
40061,檸檬,6,3
40062,香蕉,6,3
40063,情人節 巧克力,-1,-1
40064,蘋果,6,3
40065,情人禮物(糖果),5,2
40066,年糕,-1,-1
40067,艾草年糕,1,-1
40068,精靈餅乾,2000,1000
40069,橘子,6,3
40070,進化果實,1,-1
40071,烤焦的麵包屑,-1,-1
40072,烤薄餅,20,10
40073,復活蛋,-1,-1
40074,對盔甲施法的卷軸,31000,15500
40075,毀滅盔甲的卷軸,-1,-1
40076,古代的卷軸,-1,-1
40077,古代人的練金術卷軸,-1,-1
40078,古代人的咒術卷軸,-1,-1
40079,傳送回家的卷軸,120,60
40080,古魯丁村莊指定傳送卷軸,1,-1
40081,奇岩村莊指定傳送卷軸,1,-1
40082,指定傳送卷軸(歌唱之島),1,-1
40083,大洞穴移動卷軸,1,-1
40084,狄亞得移動卷軸,1,-1
40085,說話之島指定傳送卷軸,1,-1
40086,全體傳送術的卷軸,1,-1
40087,對武器施法的卷軸,75000,37500
40088,變形卷軸,1300,650
40089,復活卷軸,1000,500
40090,空的魔法卷軸(等級1),100,50
40091,空的魔法卷軸(等級2),400,200
40092,空的魔法卷軸(等級3),1000,500
40093,空的魔法卷軸(等級4),2500,1250
40094,空的魔法卷軸(等級5),5000,2500
40095,象牙塔傳送回家的卷軸,-1,-1
40096,象牙塔變身卷軸,-1,-1
40097,象牙塔解咒卷軸,-1,-1
40098,象牙塔鑑定卷軸,-1,-1
40099,象牙塔瞬間移動卷軸,-1,-1
40100,瞬間移動卷軸,70,35
40101,指定傳送卷軸(隱藏之谷),1,-1
40102,亞丁村莊指定傳送卷軸,1,-1
40103,歐瑞村莊指定傳送卷軸,1,-1
40104,傲慢之塔移動卷軸(11F),1,-1
40105,傲慢之塔移動卷軸(21F),1,-1
40106,傲慢之塔移動卷軸(31F),1,-1
40107,傲慢之塔移動卷軸(41F),1,-1
40108,傲慢之塔移動卷軸(51F),1,-1
40109,傲慢之塔移動卷軸(61F),1,-1
40110,傲慢之塔移動卷軸(71F),1,-1
40111,傲慢之塔移動卷軸(81F),1,-1
40112,傲慢之塔移動卷軸(91F),1,-1
40113,傲慢之塔移動卷軸(100F),1,-1
40114,妖森指定傳送卷軸,1,-1
40115,風木村莊指定傳送卷軸,1,-1
40116,威頓村莊指定傳送卷軸,1,-1
40117,銀騎士村莊指定傳送卷軸,1,-1
40118,隱遁者村莊指定傳送卷軸,1,-1
40119,解除咀咒的卷軸,100,50
40120,抵抗軍村莊指定傳送卷軸,1,-1
40121,指定傳送(礦物洞穴),1,-1
40122,肯特村莊指定傳送卷軸,1,-1
40123,海音村莊指定傳送卷軸,1,-1
40124,血盟傳送卷軸,120,60
40125,燃柳村莊指定傳送卷軸,1,-1
40126,鑑定卷軸,50,25
40127,對盔甲施法的幻象卷軸,1,-1
40128,對武器施法的幻象卷軸,1,-1
40129,奇安的卷軸,-1,-1
40130,金侃的卷軸,-1,-1
40131,甘地圖騰,-1,-1
40132,那魯加圖騰,-1,-1
40133,都達瑪拉圖騰,-1,-1
40134,羅孚圖騰,-1,-1
40135,阿吐巴圖騰,-1,-1
40136,三連發煙火,800,400
40137,六連發煙火,1200,600
40138,高級六連發煙火,2500,1250
40139,藍色兩段煙火,400,200
40140,藍色仙女棒,50,25
40141,藍色煙火,100,50
40142,藍色心型煙火,200,100
40143,紅色兩段煙火,400,200
40144,紅色仙女棒,50,25
40145,紅色煙火,100,50
40146,紅色心型煙火,200,100
40147,綠色兩段圓形煙火,400,200
40148,綠色兩段煙火,400,200
40149,藍色圓形煙火,200,100
40150,綠色仙女棒,50,25
40151,淡綠色煙火,100,50
40152,綠色煙火,100,50
40153,綠色心型煙火,200,100
40154,聖誕煙火,1000,500
40155,黃色兩段圓形煙火,400,200
40156,黃色兩段煙火,400,200
40157,黃色圓形煙火,200,100
40158,黃色仙女棒,50,25
40159,黃色煙火,100,50
40160,淡黃色煙火,100,50
40161,黃色心型煙火,200,100
40162,高崙之心,-1,-1
40163,黃金鑰匙,-1,-1
40164,技術書(衝擊之暈),10000,5000
40165,技術書(增幅防禦),10000,5000
40166,技術書(尖刺盔甲),10000,5000
40167,古老皮袋,-1,-1
40168,古老絲袋,-1,-1
40169,飛龍之心,-1,-1
40170,魔法書(燃燒的火球),1600,800
40171,魔法書(通暢氣脈術),1600,800
40172,魔法書(壞物術),1600,800
40173,魔法書(吸血鬼之吻),1600,800
40174,魔法書(緩速術),1600,800
40175,魔法書(魔法屏障),1600,800
40176,魔法書(冥想術),1600,800
40177,魔法書(岩牢),1600,800
40178,魔法書(木乃伊的詛咒),1800,900
40179,魔法書(極道落雷),1800,900
40180,魔法書(高級治癒術),1800,900
40181,魔法書(迷魅術),1800,900
40182,魔法書(聖潔之光),1800,900
40183,魔法書(冰錐),1800,900
40184,魔法書(魔力奪取),1800,900
40185,魔法書(黑闇之影),1800,900
40186,魔法書(造屍術),2000,1000
40187,魔法書(體魄強健術),2000,1000
40188,魔法書(加速術),2000,1000
40189,魔法書(魔法相消術),2000,1000
40190,魔法書(地裂術),2000,1000
40191,魔法書(烈炎術),2000,1000
40192,魔法書(弱化術),2000,1000
40193,魔法書(祝福魔法武器),2000,1000
40194,魔法書(體力回復術),2200,1100
40195,魔法書(冰矛圍籬),2200,1100
40196,魔法書(召喚術),2200,1100
40197,魔法書(神聖疾走),2200,1100
40198,魔法書(龍捲風),2200,1100
40199,魔法書(強力加速術),2200,1100
40200,魔法書(狂暴術),2200,1100
40201,魔法書(疾病術),2200,1100
40202,魔法書(全部治癒術),2400,1200
40203,魔法書(火牢),2400,1200
40204,魔法書(冰雪暴),2400,1200
40205,魔法書(隱身術),2400,1200
40206,魔法書(返生術),2400,1200
40207,魔法書(震裂術),2400,1200
40208,魔法書(治癒能量風暴),2400,1200
40209,魔法書(魔法封印),2400,1200
40210,魔法書(雷霆風暴),2600,1300
40211,魔法書(沉睡之霧),2600,1300
40212,魔法書(變形術),2600,1300
40213,魔法書(聖結界),2600,1300
40214,魔法書(集體傳送術),2600,1300
40215,魔法書(火風暴),2600,1300
40216,魔法書(藥水霜化術),2600,1300
40217,魔法書(強力無所遁形術),2600,1300
40218,魔法書(創造魔法武器),2800,1400
40219,魔法書(流星雨),2800,1400
40220,魔法書(終極返生術),2800,1400
40221,魔法書(集體緩速術),2800,1400
40222,魔法書(究極光裂術),2800,1400
40223,魔法書(絕對屏障),2800,1400
40224,魔法書(靈魂昇華),2800,1400
40225,魔法書(冰雪颶風),2800,1400
40226,魔法書(精準目標),1,-1
40227,魔法書(激勵士氣),1,-1
40228,魔法書(呼喚盟友),1,-1
40229,魔法書(鋼鐵士氣),1,-1
40230,魔法書(衝擊士氣),1,-1
40231,魔法書(援護盟友),1,-1
40232,精靈水晶(魔法防禦),1000,500
40233,精靈水晶(心靈轉換),1000,500
40234,精靈水晶(世界樹的呼喚),1000,500
40235,精靈水晶(淨化精神),2000,1000
40236,精靈水晶(屬性防禦),2000,1000
40237,精靈水晶(釋放元素),3000,1500
40238,精靈水晶(魂體轉換),3000,1500
40239,精靈水晶(單屬性防禦),3000,1500
40240,精靈水晶(三重矢),3000,1500
40241,精靈水晶(弱化屬性),4000,2000
40242,精靈水晶(魔法消除),4000,2000
40243,精靈水晶(召喚屬性精靈),4000,2000
40244,精靈水晶(封印禁地),5000,2500
40245,精靈水晶(召喚強力屬性精靈),5000,2500
40246,精靈水晶(鏡反射),5000,2500
40247,精靈水晶(大地防護),3000,1500
40248,精靈水晶(地面障礙),3000,1500
40249,精靈水晶(大地屏障),4000,2000
40250,精靈水晶(大地的祝福),4000,2000
40251,精靈水晶(鋼鐵防護),5000,2500
40252,精靈水晶(體能激發),5000,2500
40253,精靈水晶(水之元氣),3000,1500
40254,精靈水晶(生命之泉),4000,2000
40255,精靈水晶(生命的祝福),5000,2500
40256,精靈水晶(火焰武器),3000,1500
40257,精靈水晶(烈炎氣息),4000,2000
40258,精靈水晶(烈炎武器),5000,2500
40259,精靈水晶(屬性之火),5000,2500
40260,精靈水晶(風之神射),3000,1500
40261,精靈水晶(風之疾走),3000,1500
40262,精靈水晶(暴風之眼),4000,2000
40263,精靈水晶(暴風神射),5000,2500
40264,精靈水晶(風之枷鎖),5000,2500
40265,黑暗精靈水晶(暗隱術),500,250
40266,黑暗精靈水晶(附加劇毒),500,250
40267,黑暗精靈水晶(影之防護),500,250
40268,黑暗精靈水晶(提煉魔石),500,250
40269,黑暗精靈水晶(力量提升),500,250
40270,黑暗精靈水晶(行走加速),2000,1000
40271,黑暗精靈水晶(燃燒鬥志),2000,1000
40272,黑暗精靈水晶(暗黑盲咒),2000,1000
40273,黑暗精靈水晶(毒性抵抗),2000,1000
40274,黑暗精靈水晶(敏捷提升),2000,1000
40275,黑暗精靈水晶(雙重破壞),5000,2500
40276,黑暗精靈水晶(暗影閃避),5000,2500
40277,黑暗精靈水晶(暗影之牙),5000,2500
40278,黑暗精靈水晶(會心一擊),5000,2500
40279,黑暗精靈水晶(閃避提升),5000,2500
40280,封印的傲慢之塔傳送符(11F),-1,-1
40281,封印的傲慢之塔傳送符(21F),-1,-1
40282,封印的傲慢之塔傳送符(31F),-1,-1
40283,封印的傲慢之塔傳送符(41F),-1,-1
40284,封印的傲慢之塔傳送符(51F),-1,-1
40285,封印的傲慢之塔傳送符(61F),-1,-1
40286,封印的傲慢之塔傳送符(71F),-1,-1
40287,封印的傲慢之塔傳送符(81F),-1,-1
40288,封印的傲慢之塔傳送符(91F),-1,-1
40289,傲慢之塔傳送符(11F),1,-1
40290,傲慢之塔傳送符(21F),1,-1
40291,傲慢之塔傳送符(31F),1,-1
40292,傲慢之塔傳送符(41F),1,-1
40293,傲慢之塔傳送符(51F),1,-1
40294,傲慢之塔傳送符(61F),1,-1
40295,傲慢之塔傳送符(71F),1,-1
40296,傲慢之塔傳送符(81F),1,-1
40297,傲慢之塔傳送符(91F),1,-1
40298,往說話之島的船票,300,150
40299,往古魯丁的船票,300,150
40300,遺忘之島船票,15000,7500
40301,海音港口船票,15000,7500
40302,海賊島船票,690,345
40303,隱藏港口船票,690,345
40304,馬普勒之石,-1,-1
40305,帕格里奧之石,-1,-1
40306,伊娃之石,-1,-1
40307,沙哈之石,-1,-1
40308,金幣,-1,1
40309,食人妖精競賽票,-1,500
40312,旅館鑰匙,-1,-1
40313,銀鑰匙,-1,-1
40314,項圈,-1,-1
40315,哨子,500,250
40316,項圈,-1,-1
40317,磨刀石,200,100
40318,魔法寶石,400,200
40319,精靈玉,300,150
40320,一級黑魔石,400,200
40321,二級黑魔石,1,-1
40322,三級黑魔石,-1,-1
40323,四級黑魔石,-1,-1
40324,五級黑魔石,-1,-1
40325,2階段魔法骰子,10000,5000
40326,3階段魔法骰子,10000,5000
40327,4階段魔法骰子,10000,5000
40328,6階段魔法骰子,10000,5000
40329,原住民圖騰,-1,-1
40330,無限箭筒,-1,-1
40331,肯特勇士之劍,-1,5000
40332,肯特射手之弓,-1,5000
40333,肯特法師魔杖,-1,80000
40334,肯特刺客雙刀,-1,20000
40335,肯特戰士斧頭,-1,1000
40336,肯特徽章長靴,-1,8000
40337,肯特徽章盔甲,-1,100000
40338,肯特徽章手套,-1,10000
40339,肯特徽章盾牌,-1,30000
40340,肯特徽章頭盔,-1,50000
40341,安塔瑞斯之鱗,-1,-1
40342,安塔瑞斯之爪,-1,-1
40343,安塔瑞斯之眼,-1,-1
40344,安塔瑞斯之血,-1,-1
40345,安塔瑞斯之肉,-1,-1
40346,安塔瑞斯之心,-1,-1
40347,安塔瑞斯之骨,-1,-1
40348,安塔瑞斯之牙,-1,-1
40349,巴拉卡斯之鱗,-1,-1
40350,巴拉卡斯之爪,-1,-1
40351,巴拉卡斯之眼,-1,-1
40352,巴拉卡斯之血,-1,-1
40353,巴拉卡斯之肉,-1,-1
40354,巴拉卡斯之心,-1,-1
40355,巴拉卡斯之骨,-1,-1
40356,巴拉卡斯之牙,-1,-1
40357,法利昂之鱗,-1,-1
40358,法利昂之爪,-1,-1
40359,法利昂之眼,-1,-1
40360,法利昂之血,-1,-1
40361,法利昂之肉,-1,-1
40362,法利昂之心,-1,-1
40363,法利昂之骨,-1,-1
40364,法利昂之牙,-1,-1
40365,林德拜爾之鱗,-1,-1
40366,林德拜爾之爪,-1,-1
40367,林德拜爾之眼,-1,-1
40368,林德拜爾之血,-1,-1
40369,林德拜爾之肉,-1,-1
40370,林德拜爾之心,-1,-1
40371,林德拜爾之骨,-1,-1
40372,林德拜爾之牙,-1,-1
40373,地圖:大陸全圖,-1,-1
40374,地圖:說話之島,-1,-1
40375,地圖:古魯丁,-1,-1
40376,地圖:肯特城,-1,-1
40377,地圖:妖魔城堡,-1,-1
40378,地圖:妖精森林,-1,-1
40379,地圖:風木之城,-1,-1
40380,地圖:銀騎士村莊,-1,-1
40381,地圖:龍之谷,-1,-1
40382,地圖:奇岩,-1,-1
40383,地圖:歌唱之島,-1,-1
40384,地圖:隱藏之谷,-1,-1
40385,地圖:海音,-1,-1
40386,地圖:火龍窟,-1,-1
40387,地圖:歐瑞,-1,-1
40388,地圖:亞丁,-1,-1
40389,地圖:沉默洞穴,-1,-1
40390,地圖:海賊島,-1,-1
40391,計算機,1,-1
40392,耶誕樹,-1,-1
40393,火龍鱗,-1,-1
40394,風龍鱗,-1,-1
40395,水龍鱗,-1,-1
40396,地龍鱗,-1,-1
40397,奇美拉之皮(龍),-1,-1
40398,奇美拉之皮(山羊),-1,-1
40399,奇美拉之皮(獅子),-1,-1
40400,奇美拉之皮(蛇),-1,-1
40401,詛咒的皮革(火),-1,-1
40402,詛咒的皮革(水),-1,-1
40403,詛咒的皮革(風),-1,-1
40404,詛咒的皮革(地),-1,-1
40405,皮革,4,2
40406,高級皮革,-1,-1
40407,骨頭碎片,-1,-1
40408,金屬塊,-1,-1
40409,不死鳥之心,-1,-1
40410,黑暗安特的樹皮,-1,-1
40411,黑暗安特的水果,-1,-1
40412,黑暗安特的樹枝,-1,-1
40413,冰之女王之心,-1,-1
40414,練金術之石,-1,-1
40415,遺物袋子,-1,-1
40416,詛咒之血,-1,-1
40417,精靈結晶,-1,-1
40418,墮落的財物,-1,-1
40419,巨大莫妮亞蜘蛛絲,-1,-1
40420,古代人的咒術書1冊,-1,-1
40421,古代人的咒術書2冊,-1,-1
40422,古代人的咒術書3冊,-1,-1
40423,古代人的咒術書4冊,-1,-1
40424,狼皮,-1,-1
40425,黑暗棲林者藥水,-1,-1
40426,黑暗棲林者戒指,-1,-1
40427,黑暗妖精袋子,-1,-1
40428,月光之淚,-1,-1
40429,大洞穴卷軸碎片,-1,-1
40430,大洞穴水晶,-1,-1
40431,鼴鼠的皮,-1,-1
40432,狄亞得卷軸碎片,-1,-1
40433,犰狳之爪,-1,-1
40434,犰狳的尾巴,-1,-1
40435,深淵之花的花苞,-1,-1
40436,深淵之花的根,-1,-1
40437,深淵花枝條,-1,-1
40438,蝙蝠之牙,-1,-1
40439,白金金屬板,-1,-1
40440,白金,-1,-1
40441,白金原石,-1,-1
40442,布拉伯的胃液,-1,-1
40443,黑色米索莉,-1,-1
40444,黑色米索莉原石,-1,-1
40445,黑色米索莉金屬板,-1,-1
40446,黑法師戒指,-1,-1
40447,黑虎的皮,-1,-1
40448,黑虎的爪,-1,-1
40449,黑虎的牙,-1,-1
40450,黑暗安特的樹枝,-1,-1
40451,黑虎之心,-1,-1
40452,喚獸師戒指,-1,-1
40453,喚獸師長鞭,-1,-1
40454,馴獸師戒指,-1,-1
40455,藍色布料,200,100
40456,紅色布料,200,100
40457,白色布料,200,100
40458,光明的鱗片,-1,-1
40459,毒蠍之皮,-1,-1
40460,阿西塔基奧的灰燼,-1,-1
40461,惡魔的黑色腳鐐,-1,-1
40462,惡魔的紅色腳鐐,-1,-1
40463,惡魔的藍色腳鐐,-1,-1
40464,惡魔的白色腳鐐,-1,-1
40465,精靈使戒指,-1,-1
40466,龍之心,-1,-1
40467,銀,-1,-1
40468,銀原石,-1,-1
40469,銀金屬板,-1,-1
40470,原石碎片,-1,-1
40471,精靈碎片,-1,-1
40472,地獄犬之皮,-1,-1
40473,墮落鐮刀,-1,-1
40474,墮落之毒,-1,-1
40475,墮落首級,-1,-1
40476,墮落之手,-1,-1
40477,墮落的惡魔書1冊,-1,-1
40478,墮落的惡魔書2冊,-1,-1
40479,墮落的惡魔書3冊,-1,-1
40480,墮落的惡魔書4冊,-1,-1
40481,墮落之牙,-1,-1
40482,墮落之舌,-1,-1
40483,金屬蜈蚣的皮,-1,-1
40484,金屬蜈蚣的毒液,-1,-1
40485,金屬蜈蚣的牙,-1,-1
40486,火山灰,-1,-1
40487,黃金金屬板,-1,-1
40488,黃金,-1,-1
40489,黃金原石,-1,-1
40490,黑暗元素石,-1,-1
40491,格利芬羽毛,-1,-1
40492,綠水晶,-1,-1
40493,魔法笛子,-1,-1
40494,純粹的米索莉塊,-1,-1
40495,米索莉線,-1,-1
40496,粗糙的米索莉塊,-1,-1
40497,米索莉金屬板,-1,-1
40498,風之淚,-1,-1
40499,蘑菇汁,-1,-1
40500,紫水晶,-1,-1
40501,紅水晶,-1,-1
40502,線,-1,-1
40503,芮克妮的網,-1,-1
40504,芮克妮的蛻皮,-1,-1
40505,安特之樹皮,-1,-1
40506,安特的水果,-1,-1
40507,安特之樹枝,-1,-1
40508,奧里哈魯根,-1,-1
40509,奧里哈魯根金屬板,-1,-1
40510,污濁安特的樹皮,-1,-1
40511,污濁安特的水果,-1,-1
40512,污濁安特的樹枝,-1,-1
40513,食人巨魔的血,-1,-1
40514,精靈之淚,-1,-1
40515,元素石,-1,-1
40516,品質綠水晶,-1,-1
40517,品質紅水晶,-1,-1
40518,品質藍水晶,-1,-1
40519,潘的鬃毛,-1,-1
40520,精靈粉末,-1,-1
40521,精靈羽翼,-1,-1
40522,藍水晶,-1,-1
40523,白水晶,-1,-1
40524,黑色血痕,-1,-1
40525,格蘭肯之淚,-1,-1
40526,薄金屬板,-1,-1
40527,鋤頭,-1,-1
40528,守護神之袋,-1,-1
40529,感謝信,-1,-1
40530,古代王族的鑰匙,-1,-1
40531,古代騎士的鑰匙,-1,-1
40532,古代法師的鑰匙,-1,-1
40533,古代鑰匙(下半部),-1,-1
40534,古代鑰匙(上半部),-1,-1
40535,古代騎士的鑰匙,-1,-1
40536,古代惡魔的記載,-1,-1
40537,古代的遺物,-1,-1
40538,食屍鬼的指甲,-1,-1
40539,食屍鬼的牙齒,-1,-1
40540,古老的交易文件,-1,-1
40541,黑暗之星,-1,-1
40542,變形怪的血,-1,-1
40543,蛇女房間鑰匙,-1,-1
40544,蛇女之鱗,-1,-1
40545,倫得之袋,-1,-1
40546,馬沙之袋,-1,-1
40547,村民的遺物,-1,-1
40548,古代亡靈之袋,-1,-1
40549,炎魔之劍,-1,-1
40550,炎魔之眼,-1,-1
40551,炎魔之爪,-1,-1
40552,炎魔之心,-1,-1
40553,布魯迪卡之袋,-1,-1
40554,秘密名單,-1,-1
40555,密室鑰匙,-1,-1
40556,暗殺名單之袋,-1,-1
40557,暗殺名單(古魯丁村),-1,-1
40558,暗殺名單(奇岩村),-1,-1
40559,暗殺名單(亞丁城鎮),-1,-1
40560,暗殺名單(風木村),-1,-1
40561,暗殺名單(肯特村),-1,-1
40562,暗殺名單(海音村),-1,-1
40563,暗殺名單(燃柳村),-1,-1
40564,生命的卷軸,-1,-1
40565,搜索狀,-1,-1
40566,神秘貝殼,-1,-1
40567,神秘水晶球,100000,50000
40568,神秘的袋子,-1,-1
40569,神秘魔杖,-1,-1
40570,艾莉亞的回報,-1,-1
40571,刺客首領的箱子,-1,-1
40572,刺客之證,-1,-1
40573,靈魂之證,-1,-1
40574,靈魂之證,-1,-1
40575,靈魂之證,-1,-1
40576,靈魂水晶,-1,-1
40577,靈魂水晶,-1,-1
40578,靈魂水晶,-1,-1
40579,不死族的骨頭,-1,-1
40580,不死族的骨頭碎片,-1,-1
40581,不死族的鑰匙,-1,-1
40582,安迪亞之袋,-1,-1
40583,安迪亞之信,-1,-1
40584,雪怪首級,-1,-1
40585,妖魔長老首級,-1,-1
40586,王族徽章的碎片,-1,-1
40587,王族徽章的碎片,-1,-1
40588,妖精族寶物,-1,-1
40589,文明的鑰匙,-1,-1
40590,楊果里恩之爪,-1,-1
40591,受詛咒的魔法書,-1,-1
40592,受詛咒的精靈書,-1,-1
40593,調查簿的缺頁,-1,-1
40594,殭屍鑰匙,-1,-1
40595,死亡之證,-1,-1
40596,死亡誓約,-1,-1
40597,破損的調查簿,-1,-1
40598,康之袋,-1,-1
40599,塔拉斯的魔法袋,-1,-1
40600,墮落鑰匙,-1,-1
40601,龍龜甲,-1,-1
40602,藍色長笛,-1,-1
40603,蘑菇毒液,100000,50000
40604,骷髏鑰匙,-1,-1
40605,骷髏頭,-1,-1
40606,混沌鑰匙,-1,-1
40607,返生藥水,-1,-1
40608,黑騎士的誓約,-1,-1
40609,甘地妖魔魔法書,-1,-1
40610,那魯加妖魔魔法書,-1,-1
40611,都達瑪拉妖魔魔法書,-1,-1
40612,阿吐巴妖魔魔法書,-1,-1
40613,黑鑰匙,-1,-1
40614,礦物收集文件,-1,-1
40615,暗影神殿2樓鑰匙,-1,-1
40616,暗影神殿3樓鑰匙,-1,-1
40617,水晶球,-1,-1
40618,土之氣息,-1,-1
40619,東方監獄鑰匙,-1,-1
40620,第二迷宮鑰匙,-1,-1
40621,德雷克鑰匙,-1,-1
40622,飛龍的爪子,-1,-1
40623,多魯嘉1世傳家之寶,-1,-1
40624,多魯嘉2世傳家之寶,-1,-1
40625,多魯嘉3世傳家之寶,-1,-1
40626,多魯嘉4世傳家之寶,-1,-1
40627,多魯嘉5世傳家之寶,-1,-1
40628,多魯嘉6世傳家之寶,-1,-1
40629,多魯嘉7世傳家之寶,-1,-1
40630,迪哥的舊日記,-1,-1
40631,萊斯塔的戒指,-1,-1
40632,雷奧納的袋子,-1,-1
40633,蜥蜴人的報告,-1,-1
40634,蜥蜴人的寶物,-1,-1
40635,法令軍團印記,-1,-1
40636,法令軍王印記盒,-1,-1
40637,瑪勒巴的信,-1,-1
40638,魔獸軍團印記,-1,-1
40639,魔獸軍王印記盒,-1,-1
40640,冥法軍王印記盒,-1,-1
40641,說話卷軸,-1,-1
40642,冥法軍團印記,-1,-1
40643,水之氣息,-1,-1
40644,迷宮構造圖,-1,-1
40645,風之氣息,-1,-1
40646,蜥蜴的角,-1,-1
40647,藏寶圖碎片,-1,-1
40648,生鏽的刺客之劍,-1,-1
40649,東北方監獄鑰匙,-1,-1
40650,北方監獄鑰匙,-1,-1
40651,火之氣息,-1,-1
40652,燃燒的皮,-1,-1
40653,紅鑰匙,-1,-1
40654,第三迷宮鑰匙,-1,-1
40655,水晶之牙,-1,-1
40656,試煉之劍A,-1,-1
40657,試煉之劍B,-1,-1
40658,試煉之劍C,-1,-1
40659,試煉之劍D,-1,-1
40660,試煉卷軸,-1,-1
40661,兒子的遺骸,-1,-1
40662,兒子的肖像畫,-1,-1
40663,兒子的信,-1,-1
40664,阿拉斯的護身符,-1,-1
40665,阿拉斯的信,-1,-1
40666,無法得知的傳家之寶,-1,-1
40667,暗殺軍團印記,-1,-1
40668,暗殺軍王印記盒,-1,-1
40669,火焰之影肋骨,-1,-1
40670,火焰之影尾巴,-1,-1
40671,火焰之影骨翼,-1,-1
40672,火焰之影脊椎,-1,-1
40673,火焰之影首級,-1,-1
40674,火焰之影指甲,-1,-1
40675,黑暗礦石,-1,-1
40676,闇之氣息,-1,-1
40677,黑暗礦石鑄塊,-1,-1
40678,靈魂石碎片,-1,-1
40679,污濁的金甲,-1,-1
40680,污濁斗篷,-1,-1
40681,污濁的鋼靴,-1,-1
40682,污濁的腕甲,-1,-1
40683,污濁的頭盔,-1,-1
40684,污濁的弓,-1,-1
40685,未磨光的雕像,-1,-1
40686,完成品的雕像,-1,-1
40687,歐姆的袋子,-1,-1
40688,未上漆的雕像,-1,-1
40689,未精雕的雕像,-1,-1
40690,未修補的雕像,-1,-1
40691,半成品的雕像,-1,-1
40692,完成的藏寶圖,-1,-1
40693,遠征隊金甲,-1,-1
40694,遠征隊斗篷,-1,-1
40695,遠征隊鋼靴,-1,-1
40696,遠征隊的遺物,-1,-1
40697,遠征隊腕甲,-1,-1
40698,遠征隊頭盔,-1,-1
40699,遠征隊弓,-1,-1
40700,銀笛,-1,-1
40701,小藏寶圖,-1,-1
40702,小袋子,-1,-1
40703,心靈支配石,-1,-1
40704,死亡尾骨,-1,-1
40705,死亡巨斧,-1,-1
40706,死亡戰錘,-1,-1
40707,死亡首級,-1,-1
40708,死亡長矛,-1,-1
40709,死亡之劍,-1,-1
40710,朋友的袋子,-1,-1
40711,卡得穆斯項練,-1,-1
40712,卡立普的高級袋子,-1,-1
40713,卡立普的袋子,-1,-1
40714,藍尾蜥蜴之皮,-1,-1
40715,皮爾斯的禮物,-1,-1
40716,爺爺的寶物,-1,-1
40717,弄縐的情書,-1,-1
40718,血石碎片,-1,-1
40719,混沌首級,-1,-1
40720,黑暗之翼,-1,-1
40721,巨大南瓜種子,-1,-1
40722,金南瓜,-1,-1
40723,銀南瓜,-1,-1
40724,銅南瓜,-1,-1
40725,南瓜糖果,1,-1
40726,南瓜種子,-1,-1
40727,綠短襪,-1,-1
40728,紅短襪,-1,-1
40729,金襪子,-1,-1
40733,名譽貨幣,1,-1
40734,信賴貨幣,1,-1
40735,勇氣貨幣,1,-1
40736,智慧貨幣,1,-1
40737,藏寶箱,-1,-1
40738,銀飛刀,0.2,0.1
40739,飛刀,0.1,0.05
40740,重飛刀,0.4,0.2
40741,奧里哈魯根鍍金骨箭,1,-1
40742,古代之箭,1,-1
40743,箭,1,-1
40744,銀箭,0.1,0.05
40745,黃金箭,1,-1
40746,米索莉箭,0.2,0.1
40747,黑色米索莉箭,0.6,0.3
40748,奧里哈魯根箭,0.4,0.2
40749,獵犬之牙,-1,-1
40750,破滅之牙,-1,-1
40751,鬥犬之牙,50000,25000
40752,黃金之牙,-1,-1
40753,龍之牙,-1,-1
40754,不滅之牙,-1,-1
40755,黑暗之牙,-1,-1
40756,神之牙,-1,-1
40757,鋼鐵之牙,90000,45000
40758,勝利之牙,-1,-1
40759,寵物祝福盔甲,-1,-1
40760,寵物光明盔甲,-1,-1
40761,寵物皮盔甲,15000,7500
40762,寵物骷髏盔甲,-1,-1
40763,寵物鋼鐵盔甲,50000,25000
40764,寵物米索莉盔甲,-1,-1
40765,寵物十字盔甲,-1,-1
40766,寵物鏈甲,-1,-1
40778,皮帶,-1,-1
40779,鋼鐵塊,-1,-1
40780,死亡首級,-1,-1
40781,死亡首級,-1,-1
40782,暗影神殿3樓鑰匙,-1,-1
40783,暗影神殿3樓鑰匙,-1,-1
40801,指定傳送(黃昏山脈),1,-1
40802,指定傳送(亞丁城庭園),-1,-1
40803,指定傳送(鏡子森林),1,-1
40804,指定傳送(巴拉卡斯棲息地),1,-1
40805,指定傳送(法利昂棲息地),1,-1
40806,指定傳送(林德拜爾棲息地),1,-1
40807,指定傳送(海音洞穴3F),1,-1
40808,指定傳送(海音洞穴4F),1,-1
40809,指定傳送(火窟),1,-1
40810,指定傳送(龍之谷入口),1,-1
40811,指定傳送(沙漠),1,-1
40812,指定傳送(歐瑞),1,-1
40813,指定傳送(遠古戰場),1,-1
40814,指定傳送(食屍地),1,-1
40815,指定傳送(風木地監1F),1,-1
40816,指定傳送(風木地監2F),1,-1
40817,指定傳送(巨蟻洞穴1F),1,-1
40818,指定傳送(巨蟻洞穴2F),1,-1
40819,指定傳送(巨蟻女皇棲息地),1,-1
40820,指定傳送(象牙塔5F),1,-1
40821,指定傳送(象牙塔6F),1,-1
40822,指定傳送(象牙塔7F),1,-1
40823,指定傳送(象牙塔8F),1,-1
40824,指定傳送(騎士洞穴2F),1,-1
40825,指定傳送(騎士洞穴3F),1,-1
40826,指定傳送(騎士洞穴4F),1,-1
40827,指定傳送(奇岩地監2F),1,-1
40828,指定傳送(奇岩地監3F),1,-1
40829,指定傳送(奇岩地監4F),1,-1
40830,指定傳送(古魯丁地監3F),1,-1
40831,指定傳送(古魯丁地監4F),1,-1
40832,指定傳送(古魯丁地監5F),1,-1
40833,指定傳送(古魯丁地監6F),1,-1
40834,指定傳送(古魯丁地監7F),1,-1
40835,指定傳送(龍之谷地監1F),1,-1
40836,指定傳送(龍之谷地監2F),1,-1
40837,指定傳送(龍之谷地監3F),1,-1
40838,指定傳送(龍之谷地監4F),1,-1
40839,指定傳送(龍之谷地監5F),1,-1
40840,指定傳送(龍之谷地監6F),1,-1
40841,指定傳送(安塔瑞斯棲息地),1,-1
40842,指定傳送(風木城),-1,-1
40843,指定傳送(風木沙漠),-1,-1
40844,指定傳送(布魯迪卡洞穴),-1,-1
40845,指定傳送(沉默洞穴),-1,-1
40846,指定傳送(拉斯塔巴德地下洞穴1F),1,-1
40847,指定傳送(拉斯塔巴德地下洞穴2F),1,-1
40848,指定傳送(拉斯塔巴德地下洞穴3F),1,-1
40849,指定傳送(古代人空間1F),-1,-1
40850,指定傳送(古代人空間2F),-1,-1
40851,指定傳送(古代人空間4F),-1,-1
40852,指定傳送(歐姆地監),1,-1
40853,大洞穴移動卷軸,1,-1
40854,指定傳送(魔族神殿),1,-1
40855,指定傳送(精靈墓穴),1,-1
40856,指定傳送(海賊島),1,-1
40857,指定傳送(拉斯塔巴德正門),1,-1
40858,酒,1,-1
40859,魔法卷軸 (初級治癒術),1,-1
40860,魔法卷軸 (日光術),1,-1
40861,魔法卷軸 (保護罩),1,-1
40862,魔法卷軸 (光箭),1,-1
40863,魔法卷軸 (指定傳送),1,-1
40864,魔法卷軸 (冰箭),1,-1
40865,魔法卷軸 (風刃),1,-1
40866,魔法卷軸 (神聖武器),1,-1
40867,魔法卷軸 (解毒術),1,-1
40868,魔法卷軸 (寒冷戰慄),1,-1
40869,魔法卷軸 (毒咒),1,-1
40870,魔法卷軸 (擬似魔法武器),1,-1
40871,魔法卷軸 (無所遁形術),1,-1
40872,魔法卷軸 (負重強化),1,-1
40873,魔法卷軸 (地獄之牙),1,-1
40874,魔法卷軸 (火箭),1,-1
40875,魔法卷軸 (極光雷電),1,-1
40876,魔法卷軸 (起死回生術),1,-1
40877,魔法卷軸 (中級治癒術),1,-1
40878,魔法卷軸 (闇盲咒術),1,-1
40879,魔法卷軸 (鎧甲護持),1,-1
40880,魔法卷軸 (寒冰氣息),1,-1
40881,魔法卷軸 (能量感測),1,-1
40883,魔法卷軸 (燃燒的火球),1,-1
40884,魔法卷軸 (通暢氣脈術),1,-1
40885,魔法卷軸 (壞物術),1,-1
40886,魔法卷軸 (吸血鬼之吻),1,-1
40887,魔法卷軸 (緩速術),1,-1
40888,魔法卷軸 (岩牢),1,-1
40889,魔法卷軸 (魔法屏障),1,-1
40890,魔法卷軸 (冥想術),1,-1
40891,魔法卷軸 (木乃伊的詛咒),1,-1
40892,魔法卷軸 (極道落雷),1,-1
40893,魔法卷軸 (高級治癒術),1,-1
40894,魔法卷軸 (迷魅術),1,-1
40895,魔法卷軸 (聖潔之光),1,-1
40896,魔法卷軸 (冰錐),1,-1
40897,魔法卷軸 (魔力奪取),1,-1
40898,魔法卷軸 (黑闇之影),1,-1
40899,鋼鐵原石,-1,-1
40901,結婚戒指(銀),5000,2500
40902,結婚戒指(金),10000,5000
40903,結婚戒指(藍寶石),100000,50000
40904,結婚戒指(綠寶石),200000,100000
40905,結婚戒指(紅寶石),500000,250000
40906,結婚戒指(鑽石),1000000,500000
40907,西瑪戒指,-1,-1
40908,歐林戒指,-1,-1
40909,土之通行證,-1,-1
40910,水之通行證 ,-1,-1
40911,火之通行證 ,-1,-1
40912,風之通行證 ,-1,-1
40913,土之印記,-1,-1
40914,水之印記,-1,-1
40915,火之印記,-1,-1
40916,風之印記,-1,-1
40917,土之支配者,-1,-1
40918,水之支配者,-1,-1
40919,火之支配者,-1,-1
40920,風之支配者,-1,-1
40921,元素之支配者,-1,-1
40922,鼓勵的藥水,1,-1
40923,技術的藥水,1,-1
40924,寶羅拉的藥水,1,-1
40925,淨化藥水,-1,-1
40926,一階神秘藥水,-1,-1
40927,二階神秘藥水,-1,-1
40928,三階神秘藥水,-1,-1
40929,四階神秘藥水,-1,-1
40930,烤肉,-1,-1
40931,精工的藍寶石,-1,-1
40932,精工的品質藍寶石,-1,-1
40933,精工的高品質藍寶石,-1,-1
40934,精工的極品藍寶石,-1,-1
40935,精工的綠寶石,-1,-1
40936,精工的品質綠寶石,-1,-1
40937,精工的高品質綠寶石,-1,-1
40938,精工的極品綠寶石,-1,-1
40939,精工的紅寶石,-1,-1
40940,精工的品質紅寶石,-1,-1
40941,精工的高品質紅寶石,-1,-1
40942,精工的極品紅寶石,-1,-1
40943,精工的土之鑽,-1,-1
40944,精工的品質土之鑽,-1,-1
40945,精工的高品質土之鑽,-1,-1
40946,精工的極品土之鑽,-1,-1
40947,精工的水之鑽,-1,-1
40948,精工的品質水之鑽,-1,-1
40949,精工的高品質水之鑽,-1,-1
40950,精工的極品水之鑽,-1,-1
40951,精工的火之鑽,-1,-1
40952,精工的品質火之鑽,-1,-1
40953,精工的高品質火之鑽,-1,-1
40954,精工的極品火之鑽,-1,-1
40955,精工的風之鑽,-1,-1
40956,精工的品質風之鑽,-1,-1
40957,精工的高品質風之鑽,-1,-1
40958,精工的極品風之鑽,-1,-1
40959,冥法軍王徽印,-1,-1
40960,法令軍王徽印,-1,-1
40961,魔獸軍王徽印,-1,-1
40962,暗殺軍王徽印,-1,-1
40964,黑魔法粉,-1,-1
40965,拉斯塔巴德製作武器秘笈,-1,-1
40966,真．冥皇製作防具秘笈,-1,-1
40967,聖地遺物,-1,-1
40968,修行者經典,-1,-1
40969,黑暗妖精的靈魂水晶,-1,-1
40970,安加斯的尾巴,-1,-1
40971,安加斯之牙,-1,-1
40972,巴薩斯的氣息,-1,-1
40973,巴薩斯的翅膀,-1,-1
40974,狄高的血,-1,-1
40975,狄高的鰭,-1,-1
40976,沙,-1,-1
40977,染血的沙,-1,-1
40978,土之守護者的尾巴,-1,-1
40979,水之守護者的尾巴,-1,-1
40980,火之守護者的尾巴,-1,-1
40981,風之守護者的尾巴,-1,-1
40982,土之守護者的皮,-1,-1
40983,水之守護者的皮,-1,-1
40984,火之守護者的皮,-1,-1
40985,風之守護者的皮,-1,-1
40986,守護者之牙,-1,-1
40987,受詛咒的黑色耳環,-1,-1
40988,受詛咒的黑色耳環,-1,-1
40989,受詛咒的黑色耳環,-1,-1
40990,炎魔的翅膀,-1,-1
40991,炎魔雙手劍,-1,-1
40992,炎魔的頭,-1,-1
40993,炎魔的角,-1,-1
40994,炎魔之肉,-1,-1
40995,炎魔之指,-1,-1
40996,炎魔的心臟,-1,-1
40997,炎魔之牙,-1,-1
40998,炎魔之肺,-1,-1
40999,黑暗妖精士兵的徽章,-1,-1
41000,黑暗妖精將軍的徽章,-1,-1
41001,守護團獎金箱子,-1,-1
41002,礦物袋子,-1,-1
41003,羅伊的袋子,-1,-1
41004,拉布羅的袋子,-1,-1
41005,復活與永生之誓約書,-1,-1
41006,拉伯勒的袋子,-1,-1
41007,伊莉絲的命令書：靈魂之安息,-1,-1
41008,伊莉絲的袋子,-1,-1
41009,伊莉絲的命令書：同盟之意志,-1,-1
41010,伊莉絲的推薦函,-1,-1
41011,封印的歷史書第1頁,-1,-1
41012,封印的歷史書第2頁,-1,-1
41013,封印的歷史書第3頁,-1,-1
41014,封印的歷史書第4頁,-1,-1
41015,封印的歷史書第5頁,-1,-1
41016,封印的歷史書第6頁,-1,-1
41017,封印的歷史書第7頁,-1,-1
41018,封印的歷史書第8頁,-1,-1
41019,拉斯塔巴德歷史書第1頁,-1,-1
41020,拉斯塔巴德歷史書第2頁,-1,-1
41021,拉斯塔巴德歷史書第3頁,-1,-1
41022,拉斯塔巴德歷史書第4頁,-1,-1
41023,拉斯塔巴德歷史書第5頁,-1,-1
41024,拉斯塔巴德歷史書第6頁,-1,-1
41025,拉斯塔巴德歷史書第7頁,-1,-1
41026,拉斯塔巴德歷史書第8頁,-1,-1
41027,完整的拉斯塔巴德歷史書,-1,-1
41028,死亡騎士之印記,-1,-1
41029,召喚球之核,-1,-1
41030,召喚球碎片,-1,-1
41031,一階段召喚球,-1,-1
41032,二階段召喚球,-1,-1
41033,三階段召喚球,-1,-1
41034,四階段召喚球,-1,-1
41035,完整的召喚球,-1,-1
41036,膠水,345,172
41037,不完整的航海日誌,-1,-1
41038,航海日誌第1頁,-1,-1
41039,航海日誌第2頁,-1,-1
41040,航海日誌第3頁,-1,-1
41041,航海日誌第4頁,-1,-1
41042,航海日誌第5頁,-1,-1
41043,航海日誌第6頁,-1,-1
41044,航海日誌第7頁,-1,-1
41045,航海日誌第8頁,-1,-1
41046,航海日誌第9頁,-1,-1
41047,航海日誌第10頁,-1,-1
41048,塗著膠水的航海日誌第1頁,-1,-1
41049,塗著膠水的航海日誌第2頁,-1,-1
41050,塗著膠水的航海日誌第3頁,-1,-1
41051,塗著膠水的航海日誌第4頁,-1,-1
41052,塗著膠水的航海日誌第5頁,-1,-1
41053,塗著膠水的航海日誌第6頁,-1,-1
41054,塗著膠水的航海日誌第7頁,-1,-1
41055,塗著膠水的航海日誌第8頁,-1,-1
41056,塗著膠水的航海日誌第9頁,-1,-1
41057,塗著膠水的航海日誌第10頁,-1,-1
41058,完整的航海日誌,-1,-1
41059,航海士的袋子,-1,-1
41060,諾曼阿吐巴的信,-1,-1
41061,妖精調查書：卡麥都達瑪拉,-1,-1
41062,人類調查書：巴庫摩那魯加,-1,-1
41063,精靈調查書：可普都達瑪拉,-1,-1
41064,妖魔調查書：弧鄔牟那魯加,-1,-1
41065,死亡之樹調查書：諾亞阿吐巴,-1,-1
41066,污濁的根,-1,-1
41067,污濁的樹枝,-1,-1
41068,污濁的皮,-1,-1
41069,污濁的鬃毛,-1,-1
41070,污濁的精靈羽翼,-1,-1
41071,銀盤,-1,-1
41072,銀燭台,-1,-1
41073,強盜鑰匙,-1,-1
41074,強盜的袋子,-1,-1
41075,污濁的頭髮,-1,-1
41076,土核晶,-1,-1
41077,水核晶,-1,-1
41078,火核晶,-1,-1
41079,風核晶,-1,-1
41080,精靈核晶,-1,-1
41081,妖魔尖牙,-1,-1
41082,妖魔尖牙項練,-1,-1
41083,咒術粉,-1,-1
41084,幻覺之粉,-1,-1
41085,預言家珍珠,-1,-1
41086,樹精的根,-1,-1
41087,樹精的樹皮,-1,-1
41088,樹精的葉子,-1,-1
41089,樹精的樹枝,-1,-1
41090,那魯加圖騰,-1,-1
41091,都達瑪拉圖騰,-1,-1
41092,阿吐巴圖騰,-1,-1
41093,夢幻的熊娃娃,-1,-1
41094,誘惑的香水,-1,-1
41095,漂亮的洋裝,-1,-1
41096,華麗的戒指,-1,-1
41097,愛瑪伊的心,-1,-1
41098,英雄傳記,-1,-1
41099,時髦的帽子,-1,-1
41100,高級紅酒,-1,-1
41101,神秘的鑰匙,-1,-1
41102,伊森之心,-1,-1
41103,石頭塊,-1,250
41104,鐵礦石,-1,500
41105,火山岩,-1,500
41106,瑪依奴的尾巴毛,-1,1000
41107,窺甲片,-1,1000
41108,鑽石原石,-1,100000
41109,瑪依奴夏門的尾巴毛,-1,100000
41110,遺物袋,-1,-1
41111,破舊的遺物袋,-1,-1
41112,舊遺物袋,-1,-1
41113,褪色戒指,-1,-1
41114,染血的手帕,-1,-1
41115,染血的文件,-1,-1
41116,褪色項練,-1,-1
41117,破舊的錢包,-1,-1
41118,染血的匕首,-1,-1
41119,遺失的鑰匙,-1,-1
41120,瑪雅的魔杖,-1,-1
41121,火焰之影的契約書,-1,-1
41122,火焰之影的契約,-1,-1
41123,火焰之影的墮落粉,-1,-1
41124,火焰之影的無力粉,-1,-1
41125,火焰之影的執著粉,-1,-1
41126,炎魔的墮落井水,-1,-1
41127,炎魔的無力井水,-1,-1
41128,炎魔的執著井水,-1,-1
41129,炎魔的井水,-1,-1
41130,炎魔的契約書,-1,-1
41131,炎魔的契約,-1,-1
41132,炎魔的墮落粉,-1,-1
41133,炎魔的無力粉,-1,-1
41134,炎魔的執著粉,-1,-1
41135,火焰之影的墮落井水,-1,-1
41136,火焰之影的無力井水,-1,-1
41137,火焰之影的執著井水,-1,-1
41138,火焰之影的井水,-1,-1
41139,不起眼的古老項練,-1,-1
41140,復原的古老項練,-1,-1
41141,神秘的體力藥水,-1,-1
41142,神秘的魔力藥水,-1,-1
41143,海賊骷髏首領變身藥水,1,-1
41144,海賊骷髏士兵變身藥水,1,-1
41145,海賊骷髏刀手變身藥水,1,-1
41146,[jp]ドロモンドの紹介状,-1,-1
41147,技術書(堅固防護),10000,5000
41148,技術書(反擊屏障),10000,5000
41149,精靈水晶(烈焰之魂),5000,2500
41150,精靈水晶(能量激發),5000,2500
41151,精靈水晶(水之防護),4000,2000
41152,精靈水晶(污濁之水),5000,2500
41153,精靈水晶(精準射擊),5000,2500
41154,暗之鱗,1,-1
41155,火之鱗,1,-1
41156,叛之鱗,1,-1
41157,恨之鱗,1,-1
41158,瑪雅的水晶球,-1,-1
41159,神秘的羽毛,-1,-1
41160,寵物召喚笛,2000,1000
41161,黑色耳環,-1,-1
41162,黑色耳環,-1,-1
41163,黑色耳環,-1,-1
41164,神秘的黑色耳環,-1,-1
41165,神秘的黑色耳環,-1,-1
41166,神秘的黑色耳環,-1,-1
41167,鬥士耳環,-1,-1
41168,神秘的鬥士耳環,-1,-1
41169,灰色鬥士耳環,-1,-1
41170,神秘的灰色鬥士耳環,-1,-1
41171,白色鬥士耳環,-1,-1
41172,神秘的白色鬥士耳環,-1,-1
41173,騎士耳環,-1,-1
41174,騎士耳環,-1,-1
41175,騎士耳環,-1,-1
41176,神秘的灰色騎士耳環,-1,-1
41177,白色騎士耳環,-1,-1
41178,神秘的白色騎士耳環,-1,-1
41179,法師耳環,-1,-1
41180,神秘的法師耳環,-1,-1
41181,灰色法師耳環,-1,-1
41182,神秘的灰色法師耳環,-1,-1
41183,白色法師耳環,-1,-1
41184,神秘的白色法師耳環,-1,-1
41185,精緻的風靈戒指(男爵),-1,-1
41186,精緻的風靈戒指(公爵),-1,-1
41187,精緻的風靈戒指(伯爵),-1,-1
41188,精緻的風靈戒指(英雄),-1,-1
41189,精緻的土靈戒指(男爵),-1,-1
41190,精緻的土靈戒指(公爵),-1,-1
41191,精緻的土靈戒指(伯爵),-1,-1
41192,精緻的土靈戒指(英雄),-1,-1
41193,精緻的火靈戒指(男爵),-1,-1
41194,精緻的火靈戒指(公爵),-1,-1
41195,精緻的火靈戒指(伯爵),-1,-1
41196,精緻的火靈戒指(英雄),-1,-1
41197,精緻的水靈戒指(男爵),-1,-1
41198,精緻的水靈戒指(公爵),-1,-1
41199,精緻的水靈戒指(伯爵),-1,-1
41200,精緻的水靈戒指(英雄),-1,-1
41201,騎士之魂,-1,-1
41202,妖精之魂,-1,-1
41203,王族之魂,-1,-1
41204,黑妖之魂,-1,-1
41205,法師之魂,-1,-1
41206,少了刀刃的武器,-1,30000
41207,船員遺體,-1,-1
41208,微弱的靈魂,-1,-1
41209,[jp]ポピレアの依頼書,-1,-1
41210,[jp]研磨劑,-1,-1
41211,香菜,-1,-1
41212,[jp]特製糖果,-1,-1
41213,[jp]歌唱島的人們,-1,-1
41214,[jp]運の証,-1,-1
41215,[jp]知の証,-1,-1
41216,[jp]力の証,-1,-1
41217,[jp]王族袋子,-1,-1
41218,[jp]騎士袋子,-1,-1
41219,[jp]妖精袋子,-1,-1
41220,[jp]法師袋子,-1,-1
41221,黑暗妖精袋子,-1,-1
41222,蘑菇汁,-1,-1
41223,武器的碎片,-1,-1
41224,徽章,-1,-1
41225,遺失鑰匙商人的請求,-1,-1
41226,[jp]帕古的藥,-1,-1
41227,[jp]亞歷斯的介紹書,-1,-1
41228,[jp]ラビのお守り,-1,-1
41229,[jp]骷髏頭,-1,-1
41230,[jp]ジーナンの手紙,-1,-1
41231,[jp]マッティの手紙,-1,-1
41232,[jp]ジョンの届け物,-1,-1
41233,[jp]ケーイへの手紙,-1,-1
41234,[jp]骨の入った袋,-1,-1
41235,[jp]材料表,-1,-1
41236,[jp]スケルトンアーチャーの骨,-1,-1
41237,[jp]スケルトンパイクの骨,-1,-1
41238,[jp]ケーイの届け物,-1,-1
41239,[jp]ヴートへの手紙,-1,-1
41240,[jp]フェーダへの手紙,-1,-1
41241,[jp]骨細工師の袋,-1,-1
41242,妖魔寶物袋,-1,-1
41243,拉斯塔巴德補給袋,-1,-1
41244,拉斯塔巴德補給箱,-1,-1
41245,溶解劑,50,25
41246,魔法結晶體,10,5
41247,魔法娃娃的袋子,-1,-1
41248,魔法娃娃：肥肥,1,-1
41249,魔法娃娃：小思克巴,1,-1
41250,魔法娃娃：野狼寶寶,1,-1
41251,骷髏聖盃,-1,-1
41252,珍奇的烏龜,-1,-1
41253,王宮料理師的調味料,-1,-1
41254,勝利的徽章,-1,-1
41255,料理書：1階段,3460.9,1730
41256,料理書：2階段,3460.9,1730
41257,料理書：3階段,3460.9,1730
41260,柴火,300,150
41261,飯團,30,15
41262,雞肉串燒,30,15
41263,太陽花籽,-1,-1
41264,麵粉,24,12
41265,蜂蜜,24,12
41266,蕃茄,9,4
41267,起士,24,12
41268,小比薩,30,15
41269,烤玉米,30,15
41271,爆米花,30,15
41272,甜不辣,30,15
41273,鬆餅,30,15
41274,螞蟻腿,-1,-1
41275,熊肉,-1,-1
41276,山豬肉,-1,-1
41277,漂浮之眼肉排,-1,1
41278,烤熊肉,-1,1
41279,煎餅,-1,1
41280,烤螞蟻腿起司,-1,1
41281,水果沙拉,-1,1
41282,水果糖醋肉,-1,1
41283,烤山豬肉串,-1,1
41284,蘑菇湯,-1,1
41285,特別的漂浮之眼肉排,1,-1
41286,特別的烤熊肉,1,-1
41287,特別的煎餅,1,-1
41288,特別的烤螞蟻腿起司,1,-1
41289,特別的水果沙拉,1,-1
41290,特別的水果糖醋肉,1,-1
41291,特別的烤山豬肉串,1,-1
41292,特別的蘑菇湯,1,-1
41293,魔法釣竿,10000,5000
41294,閃爍的鱗片,-1,-1
41295,新鮮的餌,100,50
41296,鯛魚,-1,5
41297,鮭魚,-1,5
41298,鱈魚,-1,20
41299,虎斑帶魚,-1,30
41300,鮪魚,-1,40
41301,發紅光的魚,-1,50
41302,發綠光的魚,-1,50
41303,發藍光的魚,-1,50
41304,發白光的魚,-1,50
41305,破碎的耳環,-1,-1
41306,破碎的戒指,-1,-1
41307,破碎的項練,-1,-1
41308,勇者的南瓜袋子,-1,-1
41309,寵物戰金牌,-1,-1
41310,勝利果實,-1,-1
41311,驚喜箱,-1,-1
41312,哈蒙的氣息,-1,-1
41313,寵物戰金牌,-1,-1
41314,勝利的徽章,-1,-1
41315,聖水,-1,-1
41316,神聖的米索莉粉,-1,-1
41317,拉羅森的推薦書,-1,-1
41318,可恩的便條紙,-1,-1
41319,菊花花束,300,150
41320,黛西花束,300,150
41321,玫瑰花束,300,150
41322,卡拉花束,300,150
41323,太陽花花束,300,150
41324,小蒼蘭花束,300,150
41325,勇士之證,-1,-1
41326,勇士之證,-1,-1
41327,幽靈之氣息,-1,-1
41328,哈蒙的氣息,-1,-1
41329,標本製作委託書,-1,-1
41330,狩獵螞蟻之證,-1,-1
41331,狩獵熊之證,-1,-1
41332,狩獵蛇女之證,-1,-1
41333,狩獵黑虎之證,-1,-1
41334,狩獵鹿之證,-1,-1
41335,狩獵哈維之證,-1,-1
41336,伊芙洛爾之袋,-1,-1
41337,受祝福的五穀麵包,-1,-1
41338,受祝福的葡萄酒,-1,-1
41339,亡者的信件,-1,-1
41340,傭兵團長多文的推薦書,-1,-1
41341,帝倫之教本,-1,-1
41342,梅杜莎之血,-1,-1
41343,法利昂的血痕,-1,-1
41344,水中的水,-1,-1
41345,酸性液體,-1,-1
41346,羅賓孫的便條紙,-1,-1
41347,羅賓孫的便條紙,-1,-1
41348,羅賓孫的推薦書,-1,-1
41349,莎爾之戒,-1,-1
41350,羅賓孫之戒,-1,-1
41351,月光之氣息,-1,-1
41352,神聖獨角獸之角,-1,-1
41353,伊娃短劍,-1,-1
41354,伊娃的聖水,-1,-1
41355,波倫的袋子,-1,-1
41356,波倫的資源清單,-1,-1
41357,A 字母鞭炮,70,35
41358,B 字母鞭炮,70,35
41359,C 字母鞭炮,70,35
41360,D 字母鞭炮,70,35
41361,E 字母鞭炮,70,35
41362,F 字母鞭炮,70,35
41363,G 字母鞭炮,70,35
41364,H 字母鞭炮,70,35
41365,I 字母鞭炮,70,35
41366,J 字母鞭炮,70,35
41367,K 字母鞭炮,70,35
41368,L 字母鞭炮,70,35
41369,M 字母鞭炮,70,35
41370,N 字母鞭炮,70,35
41371,O 字母鞭炮,70,35
41372,P 字母鞭炮,70,35
41373,Q 字母鞭炮,70,35
41374,R 字母鞭炮,70,35
41375,S 字母鞭炮,70,35
41376,T 字母鞭炮,70,35
41377,U 字母鞭炮,70,35
41378,V 字母鞭炮,70,35
41379,W 字母鞭炮,70,35
41380,X 字母鞭炮,70,35
41381,Y 字母鞭炮,70,35
41382,Z 字母鞭炮,70,35
41383,巨大兵蟻標本,-1,-1
41384,熊標本,-1,-1
41385,蛇女標本,-1,-1
41386,黑虎標本,-1,-1
41387,鹿標本,-1,-1
41388,哈維標本,-1,-1
41389,青銅騎士,200000,100000
41390,青銅馬,200000,100000
41391,燭台,110000,55000
41392,茶几,200000,100000
41393,火爐,110000,55000
41394,火把,110000,55000
41395,君主用講台,300000,150000
41396,旗幟,80000,40000
41397,茶几椅子,30000,15000
41398,茶几椅子,30000,15000
41399,屏風,30000,15000
41400,屏風,30000,15000
41401,移除家俱魔杖,110000,55000
41402,勇者的勳章,-1,-1
41403,庫傑的糧食,1,-1
41404,庫傑的靈藥,1,-1
41405,守護團獎金箱子,-1,-1
41406,雷奧納的袋子,-1,-1
41407,雷奧納的袋子,-1,-1
41408,雷奧納的袋子,-1,-1
41409,雷奧納的袋子,-1,-1
41410,雷奧納的袋子,-1,-1
41411,銀粽子,-1,-1
41412,金粽子,-1,-1
41413,月餅,-1,-1
41414,福月餅,-1,-1
41415,強化勇氣的藥水,1800,900
41416,驚喜箱,-1,-1
41417,草莓刨冰,-1,-1
41418,檸檬刨冰,-1,-1
41419,芒果刨冰,-1,-1
41420,哈密瓜刨冰,-1,-1
41421,紅豆刨冰,-1,-1
41422,失去光明的靈魂,-1,-1
41423,袋鼠的食物,-1,-1
41424,貓熊的食物,-1,-1
41425,沉默洞穴指定傳送卷軸,1,-1
41426,封印卷軸,1,-1
41427,解除封印卷軸,1,-1
41428,太古的玉璽,1,-1
41429,風之武器強化卷軸,1000000,500000
41430,地之武器強化卷軸,1000000,500000
41431,水之武器強化卷軸,1000000,500000
41432,火之武器強化卷軸,1000000,500000
41433,傲慢之塔移動卷軸1F,1,-1
41434,傲慢之塔移動卷軸6F,1,-1
41435,封印的傲慢之塔傳送符1F,-1,-1
41436,傲慢之塔樓傳送符1F,1,-1
41437,傲慢之塔樓傳送符6F,1,-1
41438,傲慢之塔樓傳送符16F,1,-1
41439,傲慢之塔樓傳送符26F,1,-1
41440,傲慢之塔樓傳送符36F,1,-1
41441,傲慢之塔樓傳送符46F,1,-1
41442,傲慢之塔樓傳送符56F,1,-1
41443,傲慢之塔樓傳送符66F,1,-1
41444,傲慢之塔樓傳送符76F,1,-1
41445,傲慢之塔樓傳送符86F,1,-1
41446,傲慢之塔樓傳送符96F,1,-1
41447,混亂的傲慢之塔樓傳送符1F,-1,-1
41448,混亂的傲慢之塔樓傳送符11F,-1,-1
41449,混亂的傲慢之塔樓傳送符21F,-1,-1
41450,混亂的傲慢之塔樓傳送符31F,-1,-1
41451,混亂的傲慢之塔樓傳送符41F,-1,-1
41452,混亂的傲慢之塔樓傳送符51F,-1,-1
41453,混亂的傲慢之塔樓傳送符61F,-1,-1
41454,混亂的傲慢之塔樓傳送符71F,-1,-1
41455,混亂的傲慢之塔樓傳送符81F,-1,-1
41456,混亂的傲慢之塔樓傳送符91F,-1,-1
41457,異變的傲慢之塔樓傳送符1F,-1,-1
41458,異變的傲慢之塔樓傳送符11F,-1,-1
41459,異變的傲慢之塔樓傳送符21F,-1,-1
41460,異變的傲慢之塔樓傳送符31F,-1,-1
41461,異變的傲慢之塔樓傳送符41F,-1,-1
41462,異變的傲慢之塔樓傳送符51F,-1,-1
41463,異變的傲慢之塔樓傳送符61F,-1,-1
41464,異變的傲慢之塔樓傳送符71F,-1,-1
41465,異變的傲慢之塔樓傳送符81F,-1,-1
41466,異變的傲慢之塔樓傳送符91F,-1,-1
41467,福利傳送卷軸：說話之島,-1,-1
41468,福利傳送卷軸：古魯丁,-1,-1
41469,福利傳送卷軸：肯特,-1,-1
41470,福利傳送卷軸：風木,-1,-1
41471,福利傳送卷軸：燃柳,-1,-1
41472,福利傳送卷軸：銀騎士,-1,-1
41473,福利傳送卷軸：奇岩,-1,-1
41474,福利傳送卷軸：海音,-1,-1
41475,福利傳送卷軸：歐瑞,-1,-1
41476,福利傳送卷軸：威頓,-1,-1
41477,福利加速藥水,-1,-1
41478,福利呼吸藥水,-1,-1
41479,福利森林藥水,-1,-1
41480,福利勇敢藥水,-1,-1
41481,福利藍色藥水,-1,-1
41482,福利慎重藥水,-1,-1
41483,福利變形藥水,-1,-1
41484,触媒抽出の袋,-1,-1
42001,指定傳送(GM招待室),-1,-1
42002,指定傳送(水晶洞穴1F),1,-1
42003,指定傳送(水晶洞穴2F),1,-1
42004,指定傳送(水晶洞穴3F),1,-1
42005,指定傳送(象牙塔1F),1,-1
42006,指定傳送(肯特地監1F),1,-1
42007,指定傳送(遺忘之島),1,-1
42008,指定傳送(肯特地監2F),1,-1
42009,指定傳送(肯特地監3F),1,-1
42010,指定傳送(肯特地監4F),1,-1
42011,指定傳送(集會場1F),1,-1
42012,指定傳送(突擊隊訓練場1F),1,-1
42013,指定傳送(魔獸軍王辦公室1F),1,-1
42014,指定傳送(野獸操練室1F),1,-1
42016,指定傳送(魔獸訓練場1F),1,-1
42017,指定傳送(夢幻島),1,-1
42018,指定傳送(魔獸召喚室1F),1,-1
42019,指定傳送(黑暗的結界1F),1,-1
42020,指定傳送(黑魔法修煉場2F),1,-1
42021,指定傳送(古代巨人之墓),1,-1
42022,指定傳送(亞丁內城),-1,-1
42023,指定傳送(GM房間),-1,-1
42024,指定傳送(肯特正義神殿),1,-1
42025,指定傳送(古魯丁邪惡神殿),1,-1
42026,指定傳送(反王肯恩棲息地),-1,-1
42027,指定傳送(潘朵拉),100,50
42028,指定傳送(古魯丁地監7F),-1,-1
42029,傲慢之塔移動卷軸(100F),-1,-1
42030,傲慢之塔移動卷軸(90F),1,-1
42031,傲慢之塔移動卷軸(80F),1,-1
42032,傲慢之塔移動卷軸(70F),1,-1
42033,傲慢之塔移動卷軸(60F),1,-1
42035,傲慢之塔移動卷軸(50F),1,-1
42036,傲慢之塔移動卷軸(40F),1,-1
42037,傲慢之塔移動卷軸(30F),1,-1
42038,傲慢之塔移動卷軸(20F),1,-1
42039,傲慢之塔移動卷軸(10F),1,-1
42040,指定傳送(海賊島地監1F),1,-1
42041,指定傳送(海賊島地監2F),1,-1
42042,指定傳送(海賊島地監3F),1,-1
42043,指定傳送(地底湖),1,-1
42044,指定傳送(說話島練功區),-1,-1
42045,指定傳送(血盟小屋),-1,-1
42046,指定傳送(血盟小屋),-1,-1
42047,指定傳送(古代人空間3F),-1,-1
42048,指定傳送(歐姆地監),1,-1
42049,指定傳送(遺忘之島),-1,-1
42050,地獄之旅門票,1,-1
42051,指定傳送(暗影神殿外面),1,-1
42052,指定傳送(暗影神殿1樓),1,-1
42053,指定傳送(暗影神殿2樓),1,-1
42054,指定傳送(暗影神殿3樓),1,-1
42055,指定傳送(污濁之地),1,-1
42056,指定傳送(奇岩隱藏宮殿1樓),1,-1
42057,指定傳送(奇岩隱藏宮殿2樓),1,-1
42058,指定傳送(奇岩隱藏宮殿3樓),1,-1
42059,指定傳送(奇岩隱藏宮殿4樓),1,-1
42060,指定傳送(封閉的海音地監1樓),1,-1
42061,指定傳送(封閉的海音地監2樓),1,-1
42062,指定傳送(封閉的海音地監3樓),1,-1
42063,指定傳送(廢棄的礦坑1樓),1,-1
42064,指定傳送(廢棄的礦坑2樓),1,-1
42065,指定傳送(亞丁地下墓穴1樓),1,-1
42066,指定傳送(亞丁地下墓穴2樓),1,-1
42067,指定傳送(亞丁地下墓穴3樓),1,-1
42068,指定傳送(亞丁地下墓穴4樓),1,-1
42069,指定傳送(冒險洞窟1樓),1,-1
42070,指定傳送(冒險洞窟2樓),1,-1
42071,指定傳送(海底隧道),1,-1
42072,指定傳送(眠龍洞穴1樓),1,-1
42073,指定傳送(眠龍洞穴2樓),1,-1
42074,指定傳送(眠龍洞穴3樓),1,-1
42075,指定傳送(2樓 黑暗結界 左),1,-1
42076,指定傳送(2樓 黑暗結界 右),1,-1
42077,指定傳送(3樓 黑暗結界),1,-1
42078,指定傳送(4樓 庭院廣場),1,-1
42079,指定傳送(4樓 長老會議廳),1,-1
42080,指定傳送(海賊島後半部),1,-1
42081,指定傳送(船舶之墓 海面),1,-1
42082,指定傳送(船舶之墓 深海),1,-1
42083,指定傳送(海音 鱷魚島),1,-1
42084,指定傳送(慾望洞穴 水之領域),1,-1
42085,指定傳送(慾望洞穴 火之領域),1,-1
42086,指定傳送(慾望洞穴 風之領域),1,-1
42087,指定傳送(慾望洞穴 地之領域),1,-1
42088,指定傳送(底比斯沙漠),1,-1
42089,指定傳送(底比斯金字塔內部),1,-1
42090,指定傳送(底比斯歐西里斯祭壇),1,-1
42091,貝希摩斯 傳送回家卷軸,1,-1
42092,希培莉亞 傳送回家卷軸,1,-1
42093,慾望洞穴入口 瞬間移動卷軸,1,-1
42094,炎魔房間 瞬間移動卷軸,1,-1
42095,黑暗妖精聖地 瞬間移動卷軸,1,-1
42096,原生魔族拋棄之地地面,1,-1
42097,原生魔族拋棄之地海底,1,-1
42098,不死魔族拋棄之地,1,-1
42099,指定傳送卷軸(隱藏之谷),1,-1
42100,角色專屬倉庫鑰匙,1,-1
42101,熱血勇士的汗血,-1,-1
42102,牛鬼之毒,-1,-1
42103,封印的妖怪之魂,-1,-1
42104,武士的心得,-1,-1
42105,癒毒的卷物,-1,-1
42106,黑暗精靈水晶(Armor Break),10000,5000
42501,暴風疾走 (10/0),1,-1
43000,返生藥水,-1,-1
43001,性別改變卷軸,-1,-1
43002,ユニーク強化スクロール(ランダム),-1,-1
43003,ユニーク強化スクロール(AC),-1,-1
43004,ユニーク強化スクロール(STR),-1,-1
43005,ユニーク強化スクロール(CON),-1,-1
43006,ユニーク強化スクロール(DEX),-1,-1
43007,ユニーク強化スクロール(WIS),-1,-1
43008,ユニーク強化スクロール(INT),-1,-1
43009,ユニーク強化スクロール(CHA),-1,-1
43010,ユニーク強化スクロール(HP),-1,-1
43011,ユニーク強化スクロール(HPR),-1,-1
43012,ユニーク強化スクロール(MP),-1,-1
43013,ユニーク強化スクロール(MPR),-1,-1
43014,ユニーク強化スクロール(MR),-1,-1
43015,ユニーク強化スクロール(SP),-1,-1
43016,ユニーク強化スクロール(武器命中),-1,-1
43017,ユニーク強化スクロール(追加ダメージ),-1,-1
43018,ユニーク強化スクロール(遠距離命中),-1,-1
43019,ユニーク強化スクロール(遠距離ダメージ),-1,-1
43020,ユニーク強化スクロール(地の属性抵抗),-1,-1
43021,ユニーク強化スクロール(水の属性抵抗),-1,-1
43022,ユニーク強化スクロール(火の属性抵抗),-1,-1
43023,ユニーク強化スクロール(風の属性抵抗),-1,-1
43024,ユニーク強化スクロール(スタン耐性),-1,-1
43025,ユニーク強化スクロール(石化耐性),-1,-1
43026,ユニーク強化スクロール(睡眠耐性),-1,-1
43027,ユニーク強化スクロール(凍結耐性),-1,-1
43028,ユニーク強化スクロール(ホールド耐性),-1,-1
43029,ユニーク強化スクロール(暗闇耐性),-1,-1
43030,ユニーク強化スクロール(経験値増加),-1,-1
43031,ユニーク強化スクロール(ヘイスト),-1,-1
43032,ユニーク強化スクロール(武器非損傷),-1,-1
44000,魔法卷軸 (造屍術),-1,-1
44001,魔法卷軸 (體魄強健術),-1,-1
44002,魔法卷軸 (加速術),1,-1
44003,魔法卷軸 (魔法相消術),1,-1
44004,魔法卷軸 (地裂術),1,-1
44005,魔法卷軸 (烈炎術),1,-1
44006,魔法卷軸 (弱化術),1,-1
44007,魔法卷軸 (祝福魔法武器),1,-1
44008,魔法卷軸 (體力回復術),1,-1
44009,魔法卷軸 (冰矛圍籬),1,-1
44010,魔法卷軸 (召喚術),1,-1
44011,魔法卷軸 (神聖疾走),1,-1
44012,魔法卷軸 (龍捲風),1,-1
44013,魔法卷軸 (強力加速術),1,-1
44014,魔法卷軸 (狂暴術),1,-1
44015,魔法卷軸 (疾病術),1,-1
44016,魔法卷軸 (全部治癒術),1,-1
44017,魔法卷軸 (火牢),1,-1
44018,魔法卷軸 (冰雪暴),1,-1
44019,魔法卷軸 (隱身術),1,-1
44020,魔法卷軸 (返生術),1,-1
44021,魔法卷軸 (震裂術),1,-1
44022,魔法卷軸 (治癒能量風暴),1,-1
44023,魔法卷軸 (魔法封印),1,-1
44024,魔法卷軸 (雷霆風暴),1,-1
44025,魔法卷軸 (沉睡之霧),1,-1
44026,魔法卷軸 (變形術),1,-1
44027,魔法卷軸 (聖結界),1,-1
44028,魔法卷軸 (集體傳送術),1,-1
44029,魔法卷軸 (火風暴),1,-1
44030,魔法卷軸 (藥水霜化術),1,-1
44031,魔法卷軸 (強力無所遁形術),1,-1
44032,魔法卷軸 (創造魔法武器),1,-1
44033,魔法卷軸 (流星雨),1,-1
44034,魔法卷軸 (終極返生術),1,-1
44035,魔法卷軸 (集體緩術速),1,-1
44036,魔法卷軸 (究極光裂術),1,-1
44037,魔法卷軸 (絕對屏障),1,-1
44038,魔法卷軸 (靈魂昇華),1,-1
44039,魔法卷軸 (冰雪颶風),1,-1
45000,魔法書(初級治癒術),100,50
45001,魔法書(日光術),100,50
45002,魔法書(保護罩),100,50
45003,魔法書(光箭),100,50
45004,魔法書(指定傳送),100,50
45005,魔法書(冰箭),100,50
45006,魔法書(風刃),100,50
45007,魔法書(神聖武器),100,50
45008,魔法書(解毒術),100,50
45009,魔法書(寒冷戰慄),100,50
45010,魔法書(毒咒),100,50
45011,魔法書(擬似魔法武器),100,50
45012,魔法書(無所遁形術),100,50
45013,魔法書(負重強化),100,50
45014,魔法書(火箭),100,50
45015,魔法書(地獄之牙),100,50
45016,魔法書(極光雷電),100,50
45017,魔法書(起死回生術),100,50
45018,魔法書(中級治癒術),100,50
45019,魔法書(闇盲咒術),100,50
45020,魔法書(鎧甲護持),100,50
45021,魔法書(寒冰氣息),100,50
45022,魔法書(能量感測),100,50
45023,魔法書(神聖犧牲),1,-1
45024,魔法書(幻象),1,-1
46001,烏木魔杖 (初級治癒術),1,-1
46002,烏木魔杖 (日光術),1,-1
46003,烏木魔杖 (保護罩),1,-1
46004,烏木魔杖 (光箭),1,-1
46005,烏木魔杖 (指定傳送),1,-1
46006,烏木魔杖 (冰箭),1,-1
46007,烏木魔杖 (風刃),1,-1
46008,烏木魔杖 (神聖武器),1,-1
46009,烏木魔杖 (解毒術),1,-1
46010,烏木魔杖 (寒冷戰慄),1,-1
46011,烏木魔杖 (毒咒),1,-1
46012,烏木魔杖 (擬似魔法武器),1,-1
46013,烏木魔杖 (無所遁形術),1,-1
46014,烏木魔杖 (負重強化),1,-1
46015,烏木魔杖 (火箭),1,-1
46016,烏木魔杖 (地獄之牙),1,-1
46017,烏木魔杖 (極光雷電),1,-1
46018,烏木魔杖 (起死回生術),1,-1
46019,烏木魔杖 (中級治癒術),1,-1
46020,烏木魔杖 (闇盲咒術),1,-1
46021,烏木魔杖 (鎧甲護持),1,-1
46022,烏木魔杖 (寒冰氣息),1,-1
46023,烏木魔杖 (能量感測),1,-1
46025,烏木魔杖 (燃燒的火球),1,-1
46026,烏木魔杖 (通暢氣脈術),1,-1
46027,烏木魔杖 (壞物術),1,-1
46028,烏木魔杖 (吸血鬼之吻),1,-1
46029,烏木魔杖 (緩速術),1,-1
46030,烏木魔杖 (岩牢),1,-1
46031,烏木魔杖 (魔法屏障),1,-1
46032,烏木魔杖 (冥想術),1,-1
46033,烏木魔杖 (木乃伊的詛咒),1,-1
46034,烏木魔杖 (極道落雷),1,-1
46035,烏木魔杖 (高級治癒術),1,-1
46036,烏木魔杖 (迷魅術),1,-1
46037,烏木魔杖 (聖潔之光),1,-1
46038,烏木魔杖 (冰錐),1,-1
46039,烏木魔杖 (魔力奪取),1,-1
46040,烏木魔杖 (黑闇之影),1,-1
46041,烏木魔杖 (造屍術),1,-1
46042,烏木魔杖 (體魄強健術),1,-1
46043,烏木魔杖 (加速術),1,-1
46044,烏木魔杖 (魔法相消術),1,-1
46045,烏木魔杖 (地裂術),1,-1
46046,烏木魔杖 (烈炎術),1,-1
46047,烏木魔杖 (弱化術),1,-1
46048,烏木魔杖 (祝福魔法武器),1,-1
46049,烏木魔杖 (體力回復術),1,-1
46050,烏木魔杖 (冰矛圍籬),1,-1
46051,烏木魔杖 (召喚術),1,-1
46052,烏木魔杖 (神聖疾走),1,-1
46053,烏木魔杖 (龍捲風),1,-1
46054,烏木魔杖 (強力加速術),1,-1
46055,烏木魔杖 (狂暴術),1,-1
46056,烏木魔杖 (疾病術),1,-1
46057,烏木魔杖 (全部治癒術),1,-1
46058,烏木魔杖 (火牢),1,-1
46059,烏木魔杖 (冰雪暴),1,-1
46060,烏木魔杖 (隱身術),1,-1
46061,烏木魔杖 (返生術),1,-1
46062,烏木魔杖 (震裂術),1,-1
46063,烏木魔杖 (治癒能量風暴),1,-1
46064,烏木魔杖 (魔法封印),1,-1
46065,烏木魔杖 (雷霆風暴),1,-1
46066,烏木魔杖 (沉睡之霧),1,-1
46067,烏木魔杖 (變形術),1,-1
46068,烏木魔杖 (聖結界),1,-1
46069,烏木魔杖 (集體傳送術),1,-1
46070,烏木魔杖 (火風暴),1,-1
46071,烏木魔杖 (藥水霜化術),1,-1
46072,烏木魔杖 (強力無所遁形術),1,-1
46073,烏木魔杖 (創造魔法武器),1,-1
46074,烏木魔杖 (流星雨),1,-1
46075,烏木魔杖 (終極返生術),1,-1
46076,烏木魔杖 (集體緩術速),1,-1
46077,烏木魔杖 (究極光裂術),1,-1
46078,烏木魔杖 (絕對屏障),1,-1
46079,烏木魔杖 (靈魂昇華),1,-1
46080,烏木魔杖 (冰雪颶風),1,-1
47001,初級治癒術 (4/0),1,-1
47002,日光術 (4/0),1,-1
47003,保護罩 (8/0),1,-1
47004,光箭 (3/0),1,-1
47005,指定傳送 (10/0),1,-1
47006,冰箭 (4/0),1,-1
47007,風刃 (4/0),1,-1
47008,神聖武器 (10/0),1,-1
47009,解毒術 (15/0),1,-1
47010,寒冷戰慄 (8/0),1,-1
47011,毒咒 (10/0/1),1,-1
47012,擬似魔法武器 (20/0),1,-1
47013,無所遁形術 (15/0),1,-1
47014,負重強化 (10/50),1,-1
47015,火箭 (6/0),1,-1
47016,地獄之牙 (6/0),1,-1
47017,極光雷電 (20/0),1,-1
47018,起死回生術 (20/0),1,-1
47019,中級治癒術 (15/0),1,-1
47020,闇盲咒術 (20/0),1,-1
47021,鎧甲護持 (20/0),1,-1
47022,寒冰氣息 (20/0),1,-1
47023,能量感測 (8/0),1,-1
47025,燃燒的火球 (20/0),1,-1
47026,通暢氣脈術 (50/0),1,-1
47027,壞物術 (32/0/1),1,-1
47028,吸血鬼之吻 (12/0),1,-1
47029,緩速術 (20/0/1),1,-1
47030,岩牢 (24/0),1,-1
47031,魔法屏障 (20/0/1),1,-1
47032,冥想術 (5/30),1,-1
47033,木乃伊的詛咒 (80/0/2),1,-1
47034,極道落雷 (18/0),1,-1
47035,高級治癒術 (20/0),1,-1
47036,迷魅術 (30/20/1),1,-1
47037,聖潔之光 (20/0),1,-1
47038,冰錐 (18/0),1,-1
47039,魔力奪取 (1/50),1,-1
47040,黑闇之影 (15/0/1),1,-1
47041,造屍術 (5/80/1),1,-1
47042,體魄強健術 (50/0),1,-1
47043,加速術 (40/0),1,-1
47044,魔法相消術 (40/0/2),1,-1
47045,地裂術 (20/0),1,-1
47046,烈炎術 (20/0),1,-1
47047,弱化術 (10/0/1),1,-1
47048,祝福魔法武器 (20/0),1,-1
47049,體力回復術 (50/30),1,-1
47050,冰矛圍籬 (36/0),1,-1
47051,召喚術(30/30/3),1,-1
47052,神聖疾走 (15/0),1,-1
47053,龍捲風 (40/0),1,-1
47054,強力加速術 (60/0),1,-1
47055,狂暴術 (40/0),1,-1
47056,疾病術 (10/0/1),1,-1
47057,全部治癒術 (48/0),1,-1
47058,火牢 (60/0),1,-1
47059,冰雪暴 (60/10),1,-1
47060,隱身術 (15/0/1),1,-1
47061,返生術 (50/0),1,-1
47062,震裂術 (40/0),1,-1
47063,治癒能量風暴 (20/0/1),1,-1
47064,魔法封印 (20/0/1),1,-1
47065,雷霆風暴 (48/0),1,-1
47066,沉睡之霧 (40/0/1),1,-1
47067,變形術 (80/0/1),1,-1
47068,聖結界 (30/0/2),1,-1
47069,集體傳送術 (60/0/1),1,-1
47070,火風暴 (48/0),1,-1
47071,藥水霜化術 (20/0/2),1,-1
47072,強力無所遁形術 (30/0),1,-1
47073,創造魔法武器 (200/0/10),1,-1
47074,流星雨 (60/0),1,-1
47075,終極返生術 (100/0/1),1,-1
47076,集體緩速術 (20/0/2),1,-1
47077,究極光裂術 (70/0),1,-1
47078,絕對屏障 (30/0/2),1,-1
47079,靈魂昇華 (20/0),1,-1
47080,冰雪颶風 (60/0),1,-1
49001,卡立普的最高級袋子,-1,-1
49002,卡立普的最高級袋子,-1,-1
49003,卡立普的最高級袋子,-1,-1
49004,卡立普的最高級袋子,-1,-1
49005,卡立普的袋子,-1,-1
49006,卡立普的袋子,-1,-1
49007,卡立普的袋子,-1,-1
49008,卡立普的袋子,-1,-1
49009,卡立普的高級袋子,-1,-1
49010,卡立普的高級袋子,-1,-1
49011,卡立普的高級袋子,-1,-1
49012,卡立普的高級袋子,-1,-1
49013,魔族的卷軸,100000,50000
49014,靈魂之球,-1,-1
49015,黑色米索莉溶液,-1,-1
49026,古老的金幣,-1,-1
49027,塔洛斯的鑽石,-1,-1
49028,塔洛斯的紅寶石,-1,-1
49029,塔洛斯的藍寶石,-1,-1
49030,塔洛斯的綠寶石,-1,-1
49031,冰之水晶,-1,-1
49032,冰魔的袋子,-1,-1
49033,冰之女王的袋子,-1,-1
49034,冰之女王的箱子,-1,-1
49035,冰屬性鑰匙,-1,-1
49036,冰屬性鑰匙,-1,-1
49037,魔法娃娃：長老,1,-1
49038,魔法娃娃：奎斯坦修,1,-1
49039,魔法娃娃：石頭高崙,1,-1
49040,鯊魚卵,-1,-1
49041,鱷魚肉,-1,-1
49042,龍龜蛋,-1,-1
49043,奇異鸚鵡肉,-1,-1
49044,毒蠍肉,-1,-1
49045,伊萊克頓肉,-1,-1
49046,蜘蛛腿肉,-1,-1
49047,蟹肉,-1,-1
49048,綜合烤肉醬,-1,-1
49049,魚子醬,-1,1
49050,鱷魚肉排,-1,1
49051,龍龜蛋餅乾,-1,1
49052,烤奇異鸚鵡,-1,1
49053,毒蠍串燒,-1,1
49054,燉伊萊克頓,-1,1
49055,蜘蛛腿串燒,-1,1
49056,蟹肉湯,-1,1
49057,特別的魚子醬,1,-1
49058,特別的鱷魚肉排,1,-1
49059,特別的龍龜蛋餅乾,1,-1
49060,特別的烤奇異鸚鵡,1,-1
49061,特別的毒蠍串燒,1,-1
49062,特別的燉伊萊克頓,1,-1
49063,特別的蜘蛛腿串燒,1,-1
49064,特別的蟹肉湯,1,-1
49065,噴水池,-1,-1
49066,花園柱子,-1,-1
49067,花園柱子,-1,-1
49068,屏風,-1,-1
49069,屏風,-1,-1
49070,花瓶架,-1,-1
49071,蛋糕,-1,-1
49072,惡魔標本,-1,-1
49073,飛龍標本,-1,-1
49074,黑豹標本,-1,-1
49075,艾莉絲標本,-1,-1
49076,巨大牛人標本,-1,-1
49077,惡魔的靈魂,-1,-1
49078,飛龍的靈魂,-1,-1
49079,黑豹的靈魂,-1,-1
49080,艾莉絲的靈魂,-1,-1
49081,巨大牛人的靈魂,-1,-1
49082,不完整的航海日誌,-1,-1
49083,不完整的航海日誌,-1,-1
49084,不完整的航海日誌,-1,-1
49085,不完整的航海日誌,-1,-1
49086,不完整的航海日誌,-1,-1
49087,不完整的航海日誌,-1,-1
49088,不完整的航海日誌,-1,-1
49089,不完整的航海日誌,-1,-1
49090,不完整的航海日誌,-1,-1
49091,不完整的航海日誌,-1,-1
49092,龜裂之核,-1,-1
49093,歐西里斯初級寶箱碎片(上),-1,-1
49094,歐西里斯初級寶箱碎片(下),-1,-1
49095,上鎖的歐西里斯初級寶箱,-1,-1
49096,開鎖的歐西里斯初級寶箱,-1,-1
49097,歐西里斯高級寶箱碎片(上),-1,-1
49098,歐西里斯高級寶箱碎片(下),-1,-1
49099,上鎖的歐西里斯高級寶箱,-1,-1
49100,開鎖的歐西里斯高級寶箱,-1,-1
49101,時空裂痕碎片,-1,-1
49102,龍騎士書板(龍之護鎧),1,-1
49103,龍騎士書板(燃燒擊砍),1,-1
49104,龍騎士書板(護衛毀滅),1,-1
49105,龍騎士書板(岩漿噴吐),1,-1
49106,龍騎士書板(覺醒：安塔瑞斯),1,-1
49107,龍騎士書板(血之渴望),1,-1
49108,龍騎士書板(屠宰者),1,-1
49109,龍騎士書板(恐懼無助),1,-1
49110,龍騎士書板(衝擊之膚),1,-1
49111,龍騎士書板(覺醒：法利昂),1,-1
49112,龍騎士書板(致命身軀),1,-1
49113,龍騎士書板(奪命之雷),1,-1
49114,龍騎士書板(驚悚死神),1,-1
49115,龍騎士書板(寒冰噴吐),1,-1
49116,龍騎士書板(覺醒：巴拉卡斯),1,-1
49117,記憶水晶(鏡像),1,-1
49118,記憶水晶(混亂),1,-1
49119,記憶水晶(暴擊),1,-1
49120,記憶水晶(幻覺：歐吉),1,-1
49121,記憶水晶(立方：燃燒),1,-1
49122,記憶水晶(專注),1,-1
49123,記憶水晶(心靈破壞),1,-1
49124,記憶水晶(骷髏毀壞),1,-1
49125,記憶水晶(幻覺：巫妖),1,-1
49126,記憶水晶(立方：地裂),1,-1
49127,記憶水晶(耐力),1,-1
49128,記憶水晶(幻想),1,-1
49129,記憶水晶(武器破壞者),1,-1
49130,記憶水晶(幻覺：鑽石高崙),1,-1
49131,記憶水晶(立方：衝擊),1,-1
49132,記憶水晶(洞察),1,-1
49133,記憶水晶(恐慌),1,-1
49134,記憶水晶(疼痛的歡愉),1,-1
49135,記憶水晶(幻覺：化身),1,-1
49136,記憶水晶(立方：和諧),1,-1
49137,鮮奶油蛋糕,-1,-1
49138,巧克力蛋糕,-1,-1
49139,起司蛋糕,-1,-1
49140,綠茶蛋糕卷,-1,-1
49141,魔法蛋糕盒,-1,-1
49142,回憶蠟燭,1,-1
49143,勇氣結晶,-1,-1
49148,飾品強化卷軸,100000,50000
49149,夏納的變身卷軸(等級30),1,-1
49150,夏納的變身卷軸(等級40),1,-1
49151,夏納的變身卷軸(等級52),1,-1
49152,夏納的變身卷軸(等級55),1,-1
49153,夏納的變身卷軸(等級60),1,-1
49154,夏納的變身卷軸(等級65),1,-1
49155,夏納的變身卷軸(等級70),1,-1
49156,屬性石,300,150
49157,刻印的骨頭碎片,500,250
49158,生命之樹果實,500,250
49159,調職命令書,-1,-1
49160,丹特斯的召書,-1,-1
49161,精靈的私語,-1,-1
49162,古代黑妖之秘笈,-1,-1
49163,密封的情報書,-1,-1
49164,間諜報告書,-1,-1
49165,聖殿2樓鑰匙,-1,-1
49166,聖殿3樓鑰匙,-1,-1
49167,魔之角笛,-1,-1
49168,破壞之秘藥,-1,-1
49169,污濁妖魔之心,-1,-1
49170,污濁精靈核晶,-1,-1
49171,希蓮恩的指令書,-1,-1
49172,希蓮恩的第一次信件,-1,-1
49173,希蓮恩的第二次信件,-1,-1
49174,希蓮恩的第三次信件,-1,-1
49175,希蓮恩的第四次信件,-1,-1
49176,希蓮恩的第五次信件,-1,-1
49177,希蓮恩的第六次信件,-1,-1
49178,希蓮恩的護身符,-1,-1
49179,希蓮恩之袋,-1,-1
49180,希蓮恩之袋,-1,-1
49181,希蓮恩的推薦書,-1,-1
49182,妖精森林瞬間移動卷軸,-1,-1
49183,歐瑞村莊瞬間移動卷軸,-1,-1
49184,風木村莊瞬間移動卷軸,-1,-1
49185,威頓村莊瞬間移動卷軸,-1,-1
49186,生銹的笛子,-1,-1
49187,艾爾摩將軍之心,-1,-1
49188,索夏依卡靈魂之石,-1,-1
49189,索夏依卡靈魂之笛,-1,-1
49190,封印的索夏依卡遺物,-1,-1
49191,艾爾摩部隊日記,-1,-1
49192,時空裂痕水晶(綠色),-1,-1
49193,時空裂痕水晶(藍色),-1,-1
49194,第一次記憶碎片,-1,-1
49195,第二次記憶碎片,-1,-1
49196,第三次記憶碎片,-1,-1
49197,第一次邪念碎片,-1,-1
49198,第二次邪念碎片,-1,-1
49199,第三次邪念碎片,-1,-1
49200,未完成的時間水晶球,-1,-1
49201,完成的時間水晶球,-1,-1
49202,時空裂痕邪念碎片,-1,-1
49203,食腐獸之血,-1,-1
49204,翼龍之血,-1,-1
49205,特別的原石,-1,-1
49206,塞維斯邪念碎片,-1,-1
49207,靈魂之火灰燼,-1,-1
49208,藍色之火碎片,-1,-1
49209,長老普洛凱爾的信件,-1,-1
49210,普洛凱爾的第一次指令書,-1,-1
49211,普洛凱爾的第二次指令書,-1,-1
49212,普洛凱爾的第三次指令書,-1,-1
49213,普洛凱爾的第一次信件,-1,-1
49214,普洛凱爾的第二次信件,-1,-1
49215,普洛凱爾的礦物袋,-1,-1
49216,普洛凱爾的護身符,-1,-1
49217,妖魔搜索文件(妖魔森林),-1,-1
49218,妖魔搜索文件(古魯丁),-1,-1
49219,妖魔搜索文件(風木),-1,-1
49220,妖魔密使變形卷軸,-1,-1
49221,妖魔密使首領間諜書,-1,-1
49222,妖魔密使之笛子,-1,-1
49223,妖魔密使的徽印,-1,-1
49224,幻術士同盟徽印,-1,-1
49225,雪怪之心,-1,-1
49226,結盟瞬間移動卷軸,-1,-1
49227,紅色之火碎片,-1,-1
49228,發光的銀塊,-1,-1
49229,異界邪念粉末,-1,-1
49230,塔爾立昂的武器材料清單,-1,-1
49231,路西爾斯邪念碎片,-1,-1
49232,初級秘籍書,-1,-1
49233,修練秘法書,-1,-1
49234,便當袋,-1,-1
49235,克特的秘密,-1,-1
49236,庫卡斯的證明,-1,-1
49237,史塔利的證明,-1,-1
49238,狩獵的證明,-1,-1
49239,消滅之意志,-1,-1
49240,監視者之眼,-1,-1
49241,祭壇的碎片,-1,-1
49242,底比斯歐西里斯祭壇鑰匙,-1,-1
49243,香菜,-1,-1
49244,烤奎斯坦修的螯,-1,-1
49245,烤格利芬肉,-1,-1
49246,亞力安的尾巴肉排,-1,-1
49247,烤巨王龜肉,-1,-1
49248,幼龍翅膀串燒,-1,-1
49249,烤飛龍肉,-1,-1
49250,燉深海魚肉,-1,-1
49251,邪惡蜥蜴蛋湯,-1,-1
49252,特別的烤奎斯坦修的螯,1,-1
49253,特別的烤格利芬肉,1,-1
49254,特別的亞力安的尾巴肉排,1,-1
49255,特別的烤巨王龜肉,1,-1
49256,特別的幼龍翅膀串燒,1,-1
49257,特別的烤飛龍肉,1,-1
49258,特別的燉深海魚肉,1,-1
49259,特別的邪惡蜥蜴蛋湯,1,-1
49260,奎斯坦修的螯,-1,-1
49261,格利芬肉,-1,-1
49262,亞力安的尾巴,-1,-1
49263,巨王龜肉,-1,-1
49264,幼龍翅膀,-1,-1
49265,飛龍肉,-1,-1
49266,深海魚肉,-1,-1
49267,邪惡蜥蜴蛋,-1,-1
49268,愛瑪伊的畫像,-1,-1
49269,伊森之畫像,-1,-1
49270,寶石粉,-1,-1
49271,愛瑪伊的心,-1,-1
49272,愛瑪伊的心,-1,-1
49273,愛瑪伊的心,-1,-1
49274,伊森之心,-1,-1
49275,伊森之心,-1,-1
49276,伊森之心,-1,-1
49277,萊斯塔的戒指,-1,-1
49278,勇者的南瓜袋子,-1,-1
49279,勇者的南瓜袋子,-1,-1
49280,勇者的南瓜袋子,-1,-1
49287,普洛凱爾的第四次指令書,-1,-1
49288,普洛凱爾的第五次指令書,-1,-1
49289,魔法娃娃：雪怪,1,-1
49290,魔法娃娃：蛇女,1,-1
49291,魔法娃娃：史巴托,1,-1
49292,魔法娃娃 : 稻草人,1,-1
49293,魔法娃娃：亞力安,1,-1
49294,魔法娃娃：巫妖,1,-1
49295,魔法娃娃：幽靈,1,-1
49296,魔法娃娃：希爾黛斯,1,-1
49297,魔法娃娃：王族(♀),1,-1
49298,神秘稜鏡：淘氣幼龍,1,-1
49299,神秘稜鏡：頑皮幼龍,1,-1
49300,神秘稜鏡：高等淘氣幼龍,1,-1
49301,神秘稜鏡：高等頑皮幼龍,1,-1
49302,凝聚的化合物,-1,-1
49303,贖罪聖書,-1,-1
49304,惡元素奇古獸,-1,-1
49305,惡元素鎖鏈劍,-1,-1
49306,惡元素鋼爪,-1,-1
49307,惡元素魔杖,-1,-1
49308,惡元素之弓,-1,-1
49309,惡元素之劍,-1,-1
49310,開鎖的庫庫爾坎初級寶箱,-1,-1
49311,開鎖的庫庫爾坎高級寶箱,-1,-1
49312,上鎖的庫庫爾坎高級寶箱,-1,-1
49313,上鎖的庫庫爾坎初級寶箱,-1,-1
49314,庫庫爾坎高級寶箱碎片(上),-1,-1
49315,庫庫爾坎高級寶箱碎片(下),-1,-1
49316,庫庫爾坎初級寶箱碎片(上),-1,-1
49317,庫庫爾坎初級寶箱碎片(下),-1,-1
49318,魔法娃娃:雪人(D),1,-1
49319,魔法娃娃：雪人(C),1,-1
49320,魔法娃娃：巨人,1,-1
49321,努力的魔法娃娃：巨人,1,-1
49322,聰明的魔法娃娃：巨人,1,-1
49323,聰穎的魔法娃娃：巨人,1,-1
49324,發光的魔法娃娃：巨人,1,-1
49325,光彩照人的魔法娃娃：巨人,1,-1
49326,魔法娃娃：獨眼巨人,1,-1
49327,努力的魔法娃娃：獨眼巨人,1,-1
49328,聰明的魔法娃娃：獨眼巨人,1,-1
49329,聰穎的魔法娃娃：獨眼巨人,1,-1
49330,發光的魔法娃娃：獨眼巨人,1,-1
49331,光彩照人的魔法娃娃：獨眼巨人,1,-1
49332,魔法娃娃：美人魚,1,-1
49333,努力的魔法娃娃：美人魚,1,-1
49334,聰明的魔法娃娃：美人魚,1,-1
49335,聰穎的魔法娃娃：美人魚,1,-1
49336,發光的魔法娃娃：美人魚,1,-1
49337,光彩照人的魔法娃娃：美人魚,1,-1
49338,魔法娃娃：阿魯巴,1,-1
49339,努力的魔法娃娃：阿魯巴,1,-1
49340,聰明的魔法娃娃：阿魯巴,1,-1
49341,聰穎的魔法娃娃：阿魯巴,1,-1
49342,發光的魔法娃娃：阿魯巴,1,-1
49343,光彩照人的魔法娃娃：阿魯巴,1,-1
49344,魔法娃娃：飛龍,1,-1
49345,魔法娃娃：王族 (♂),1,-1
49346,魔法娃娃：王族 (♀),1,-1
49347,魔法娃娃：騎士 (♂),1,-1
49348,魔法娃娃：騎士 (♀),1,-1
49349,魔法娃娃：妖精 (♂),1,-1
49350,魔法娃娃：妖精 (♀),1,-1
49351,魔法娃娃：法師 (♂),1,-1
49352,魔法娃娃：法師 (♀),1,-1
49353,魔法娃娃：黑暗妖精 (♂),1,-1
49354,魔法娃娃：黑暗妖精 (♀),1,-1
49355,魔法娃娃：龍騎士 (♂),1,-1
49356,魔法娃娃：龍騎士 (♀),1,-1
49357,魔法娃娃：幻術士 (♂),1,-1
49358,魔法娃娃：幻術士 (♀),1,-1
49359,魔法娃娃：海獅 (大),1,-1
49360,魔法娃娃：海獅 (小),1,-1
49361,魔法娃娃：刺蝟 (大),1,-1
49362,魔法娃娃：刺蝟 (小),1,-1
49363,魔法娃娃：企鵝 (大),1,-1
49364,魔法娃娃：企鵝 (小),1,-1
49365,魔法娃娃：企鵝王子,1,-1
49366,努力的魔法娃娃：企鵝王子,1,-1
49367,聰明的魔法娃娃：企鵝王子,1,-1
49368,聰穎的魔法娃娃：企鵝王子,1,-1
49369,發光的魔法娃娃：企鵝王子,1,-1
49370,光彩照人的魔法娃娃：企鵝王子,1,-1
49371,魔法娃娃：企鵝公主,1,-1
49372,努力的魔法娃娃：企鵝公主,1,-1
49373,聰明的魔法娃娃：企鵝公主,1,-1
49374,聰穎的魔法娃娃：企鵝公主,1,-1
49375,發光的魔法娃娃：企鵝公主,1,-1
49376,光彩照人的魔法娃娃：企鵝公主,1,-1
50001,龍之珍珠,-1,-1
50002,指定傳送(安塔瑞斯),-1,-1
50003,指定傳送(提卡爾神廟),-1,-1
50004,指定傳送(庫庫爾坎祭壇),-1,-1
50005,提卡爾庫庫爾坎祭壇鑰匙,-1,-1
50006,時空之甕,-1,-1
50007,時空之玉,-1,-1
50008,哈汀日記：11月10日,-1,-1
50009,哈汀日記：6月2日,-1,-1
50010,哈汀日記：8月9日,-1,-1
50011,哈汀日記：10月12日,-1,-1
50012,哈汀日記：2月24日,-1,-1
50013,哈汀日記：2月25日,-1,-1
50014,哈汀日記：5月5日,-1,-1
50015,哈汀日記：1月1日,-1,-1
50016,哈汀日記：6月9日,-1,-1
50017,哈汀日記：8月19日,-1,-1
50018,黑暗哈汀的日記本,-1,-1
50019,象牙塔秘密研究室-哈丁傳送卷,-1,-1
50020,小賽尼斯變身卷,1,-1
50021,黑翼賽尼斯變身卷,1,-1
50022,蒼天的騎士變身卷軸,1,-1
50023,死亡騎士變身卷軸,1,-1
50024,黑暗妖精變身卷軸,1,-1
50025,歐林的水晶,-1,-1
50499,死亡競賽紀念箱,-1,-1
50500,多魯嘉之袋,-1,-1
50501,龍之鑰匙,-1,-1
50502,淘氣幼龍蛋,1,-1
50503,頑皮幼龍蛋,1,-1
50504,受封印 地龍之魔眼,-1,-1
50505,受封印 水龍之魔眼,-1,-1
50506,受封印 風龍之魔眼,-1,-1
50507,受封印 火龍之魔眼,-1,-1
50508,地龍之魔眼,1,-1
50509,水龍之魔眼,1,-1
50510,風龍之魔眼,1,-1
50511,火龍之魔眼,1,-1
50512,誕生之魔眼,1,-1
50513,形象之魔眼,1,-1
50514,生命之魔眼,1,-1
50515,死亡競賽之勝利碎片,-1,-1
50516,幽靈之家之勝利碎片,-1,-1
50517,寵物競速之勝利碎片,-1,-1
50518,寵物戰之勝利碎片,-1,-1
50519,無限大賽之勝利碎片,-1,-1
50520,地龍之渴望的眼淚,-1,50000
50521,火龍之渴望的眼淚,-1,50000
50522,水龍之渴望的眼淚,-1,50000
50523,風龍之渴望的眼淚,-1,50000
50524,侏儒魔菇,-1,10000
50525,侏儒符咒,-1,10000
50526,古老水珍珠,-1,2000
50527,古老白水晶,-1,2000
50528,喀瑪王之心,-1,-1
50529,喀瑪王之心,-1,-1
50530,喀瑪王之心,-1,-1
50531,強盜首領的寶箱鑰匙,-1,-1
50532,阿魯巴的禮物,-1,-1
50533,神秘蘑菇粉,-1,-1
50534,精靈的眼淚,-1,-1
50535,樹液,30,15
50536,傑夫的材料箱,-1,-1
50537,誠實茶包,-1,-1
50538,成長藥劑清單,-1,-1
50539,魔法娃娃成長藥劑,-1,-1
50540,象牙塔的箭,-1,-1
50541,象牙塔對盔甲施法的卷軸,-1,-1
50542,象牙塔對武器施法的卷軸,-1,-1
50543,象牙塔妙藥,-1,-1
50544,象牙塔魔法袋,-1,-1
50545,象牙塔補給品卷軸,-1,-1
50546,萬聖節糖果籃,-1,-1
50547,美味的糖果,-1,-1
50548,霍本寶箱,-1,-1
50549,河豚,-1,-1
50550,海的秘密,-1,-1
50551,海的秘密,-1,-1
50552,海的秘密,-1,-1
50553,龍逃走的蹤跡,-1,-1
50554,龍之淚,-1,-1
50555,龍之石,-1,-1
50556,地龍的勳章,-1,-1
50557,水龍的勳章,-1,-1
50558,風龍的勳章,-1,-1
50559,火龍的勳章,-1,-1
50560,1小時 能量石,1,-1
50561,5小時 能量石,1,-1
50562,10小時 能量石,1,-1
50563,25小時 能量石,1,-1
50564,魔物的氣息,-1,-1
50565,基頓的誓約書,-1,-1
50566,梅玲的誓約書,-1,-1
50567,寵物密密召喚笛：虎男籠子,-1,-1
50568,寵物密密召喚笛：高麗犬籃子,-1,-1
50569,虎男籠子,-1,-1
50570,高麗犬籃子,-1,-1
50571,購買證明卡,-1,-1
50572,虎男誘食,50,25
50573,高麗犬誘食,50,25
50574,特別的虎男誘食,100000,50000
50575,特別的高麗犬誘食,100000,50000
50579,莫波的契約書：果汁100個,-1,-1
50580,莫波的契約書：果汁200個,-1,-1
50581,莫波的契約書：果汁300個,-1,-1
50582,莫波的契約書：果液100個,-1,-1
50583,莫波的契約書：果液200個,-1,-1
50584,莫波的契約書：果液300個,-1,-1
50585,時光沙漏：2小時,200,100
50586,時光沙漏：4小時,400,200
50587,配送密密召喚笛：果汁100個,-1,-1
50588,配送密密召喚笛：果汁200個,-1,-1
50589,配送密密召喚笛：果汁300個,-1,-1
50590,配送密密召喚笛：果液100個,-1,-1
50591,配送密密召喚笛：果液200個,-1,-1
50592,配送密密召喚笛：果液300個,-1,-1
50593,莫波的箱子：果汁100個,-1,-1
50594,莫波的箱子：果汁200個,-1,-1
50595,莫波的箱子：果汁300個,-1,-1
50596,莫波的箱子：果液100個,-1,-1
50597,莫波的箱子：果液200個,-1,-1
50598,莫波的箱子：果液300個,-1,-1
50599,侏儒葡萄果汁,-1,-1
50600,侏儒葡萄果液,-1,-1
50601,Lv52侍變形卷軸,1,-1
50602,Lv57侍變形卷軸,1,-1
50603,Lv62侍變形卷軸,1,-1
50604,Lv52姬武者變形卷軸,1,-1
50605,Lv57姬武者變形卷軸,1,-1
50606,Lv62姬武者變形卷軸,1,-1
50607,Lv52大名變形卷軸,1,-1
50608,Lv57大名變形卷軸,1,-1
50609,Lv62大名變形卷軸,1,-1
50610,Lv52陰陽師變形卷軸,1,-1
50611,Lv57陰陽師變形卷軸,1,-1
50612,Lv62陰陽師變形卷軸,1,-1
50613,Lv52忍者變形卷軸,1,-1
50614,Lv57忍者變形卷軸,1,-1
50615,Lv62忍者變形卷軸,1,-1
50616,祈禱藥水,1,-1
50617,祈禱藥水II,1,-1
50618,劍士藥水,1,-1
50619,術士藥水,1,-1
50620,治療藥水,1,-1
50621,冥想藥水,1,-1
50622,生命藥水,1,-1
50623,魔法藥水,1,-1
50624,魔法抵抗藥水,1,-1
50625,力量藥水,1,-1
50626,敏捷藥水,1,-1
50627,體質藥水,1,-1
50628,智力藥水,1,-1
50629,精神藥水,1,-1
50630,憤怒藥水,1,-1
50631,集中藥水,1,-1
50632,裝備保護卷軸,1,-1
50634,哈爾巴斯的執念,-1,20000
50641,力強い和牛ステーキ,1,-1
50642,素早い鮭の煮付,1,-1
50643,賢い七面鳥焼き,1,-1
50644,修練の鶏スープ,1,-1
50645,腕力のお弁当かご,3460.9,1730
50646,機敏のお弁当かご,3460.9,1730
50647,知力のお弁当かご,3460.9,1730
50648,成長のお弁当かご,2600,1300
51000,最果ての宮殿 テレポート スクロール,1,-1
100004,匕首,-1,4
100005,精靈匕首,1,-1
100008,米索莉短劍,100000,50000
100009,奧里哈魯根短劍,1,-1
100011,水晶短劍,35000,17500
100025,銀劍,-1,900
100026,小侏儒短劍,-1,130
100027,彎刀,-1,660
100028,精靈短劍,1,-1
100029,銀長劍,-1,6500
100037,大馬士革刀,-1,2500
100041,武士刀,-1,10000
100042,細劍,1,-1
100049,武官之刃,15000,7500
100052,雙手劍,-1,9000
100057,瑟魯基之劍,35000,17500
100062,武官雙手劍,1,-1
100064,巨劍,-1,40000
100074,銀光 雙刀,1,-1
100084,暗黑雙刀,1,-1
100095,槍,-1,30
100098,闊矛,-1,180
100099,精靈之矛,1,-1
100102,露西錘,-1,5000
100103,戟,-1,1000
100107,深紅長矛,200000,100000
100114,威嚴權杖,1,-1
100132,神官魔杖,100000,50000
100143,戰斧,-1,350
100144,侏儒鐵斧,-1,1500
100146,流星錘,-1,1750
100151,惡魔斧頭,200000,100000
100157,銀光 鋼爪,1,-1
100164,暗黑鋼爪,1,-1
100169,獵人之弓,5000,2500
100170,精靈弓,1,-1
100172,弓,-1,25
100180,十字弓,1,-1
100181,尤米弓,1,-1
100189,暗黑十字弓,1,-1
100204,深紅之弩,1,-1
100207,煉獄鋼爪,1,-1
100212,海神三叉戟,1,-1
120007,侏儒鐵盔,-1,250
120011,抗魔法頭盔,2500,1250
120016,曼波帽子,1,-1
120043,鋼盔,-1,100
120052,侏儒斗篷,-1,52
120054,強化屬性斗篷(地),1,-1
120056,抗魔法斗篷,200,100
120059,強化屬性斗篷(水),1,-1
120061,強化屬性斗篷(風),1,-1
120071,強化屬性斗篷(火),1,-1
120074,銀光斗蓬,1,-1
120077,隱身斗篷,1,-1
120085,T恤,1,-1
120101,皮甲,-1,5750
120112,曼波外套,1,-1
120128,水晶盔甲,80000,40000
120137,精靈鏈甲,1,-1
120149,青銅盔甲,-1,9000
120154,金屬盔甲,-1,18500
120182,手套,8000,4000
120223,侏儒圓盾,-1,125
120242,大盾牌,-1,600
120244,小型魅力項鍊,1,-1
120245,小型敏捷項鍊,1,-1
120246,小型力量項鍊,1,-1
120247,小型智力項鍊,1,-1
120248,小型精神項鍊,1,-1
120249,小型體質項鍊,1,-1
120254,魅力項鍊,10000,5000
120256,敏捷項鍊,10000,5000
120264,力量項鍊,10000,5000
120266,智力項鍊,10000,5000
120267,精神項鍊,10000,5000
120268,體質項鍊,10000,5000
120280,滅魔戒指,1,-1
120285,水靈戒指,2000,1000
120289,深淵戒指,1,-1
120300,地靈戒指,2000,1000
120302,風靈戒指,2000,1000
120304,火靈戒指,2000,1000
120306,小型身體腰帶,15000,7500
120307,小型靈魂腰帶,15000,7500
120308,小型精神腰帶,15000,7500
120309,光明身體腰帶,1,-1
120310,光明靈魂腰帶,1,-1
120311,光明精神腰帶,1,-1
120312,身體腰帶,30000,15000
120316,靈魂腰帶,30000,15000
120317,歐吉皮帶,1,-1
120319,精神腰帶,30000,15000
120320,泰坦皮帶,1,-1
120321,多羅皮帶,30000,15000
140006,松木魔杖,-1,5
140008,楓木魔杖,-1,10
140010,治癒藥水,1,-1
140011,強力治癒藥水,1,-1
140012,終極治癒藥水,1,-1
140013,自我加速藥水,1,-1
140014,勇敢藥水,1,-1
140015,藍色藥水,1,-1
140016,慎重藥水,1,-1
140018,強化 綠色藥水,1,-1
140061,檸檬,-1,3
140062,香蕉,-1,3
140065,情人禮物(糖果),-1,2
140068,精靈餅乾,1,-1
140069,橘子,-1,3
140072,烤薄餅,-1,10
140074,對盔甲施法的卷軸,1,-1
140087,對武器施法的卷軸,1,-1
140088,變形卷軸,1,-1
140089,復活卷軸,1,-1
140100,瞬間移動卷軸,1,-1
140119,解除咀咒的卷軸,1,-1
140129,奇安的卷軸,-1,-1
140130,金侃的卷軸,-1,-1
140329,原住民圖騰,-1,-1
140506,安特的水果,-1,-1
200001,歐西斯匕首,-1,2
200002,骰子匕首,1,-1
200027,彎刀,-1,660
200032,侵略者之劍,-1,1250
200041,武士刀,-1,10000
200052,雙手劍,-1,9000
200171,歐西斯弓,-1,15
220034,歐西斯頭盔,-1,75
220043,鋼盔,-1,100
220056,抗魔法斗篷,200,100
220101,皮甲,-1,5750
220115,藤甲,-1,10000
220122,鱗甲,-1,1000
220125,鏈甲,-1,3000
220135,歐西斯環甲,-1,100
220136,歐西斯鏈甲,-1,400
220147,銀釘皮甲,-1,150
220154,金屬盔甲,-1,18500
220213,短統靴,-1,150
220237,阿克海盾牌,-1,45
220293,受詛咒的鑽石戒指,20000,10000
220294,受詛咒的紅寶石戒指,20000,10000
220295,受詛咒的藍寶石戒指,20000,10000
220296,受詛咒的綠寶石戒指,20000,10000
240010,治癒藥水,-1,18
240074,對盔甲施法的卷軸,1,-1
240087,對武器施法的卷軸,1,-1
240100,瞬間移動卷軸,-1,35
