npc_id,note,act_no,type,tri_rnd,tri_hp,tri_companion_hp,tri_range,tri_count,change_target,range,area_width,area_height,leverage,skill_id,gfx_id,act_id,summon_id,summon_min,summon_max,poly_id,chat_id
45039,고양이 (칠 터치),0,2,100,0,0,-3,0,0,0,0,0,0,10,-1,30,0,0,0,0,0
45044,라쿤 (슬로우),0,2,100,0,0,-6,0,0,0,0,0,20,29,-1,18,0,0,0,0,0
45046,비글 (스 탈락),0,2,100,0,0,-6,0,0,0,0,0,0,16,-1,30,0,0,0,0,0
45047,세인트 버나드 (윈드 커터),0,2,100,0,0,-6,0,0,0,0,0,0,7,-1,30,0,0,0,0,0
45048,폭스 (파이어 애로우),0,2,100,0,0,-6,0,0,0,0,0,0,15,-1,30,0,0,0,0,0
45049,열혈 토끼 (콘 오브 콜드),0,2,100,0,0,-6,0,0,0,0,0,5,38,-1,0,0,0,0,0,0
45167,잭 오 랜턴 (강력한 공격),0,1,100,0,0,-1,0,0,1,0,0,45,0,-1,30,0,0,0,0,0
45224,좀비 엘모어 마법사 (콘 오브 콜드),0,2,100,0,0,-6,0,0,0,0,0,0,38,-1,0,0,0,0,0,0
45228,시 싱어 (아이스이 럽션),0,2,20,0,0,-6,0,0,0,0,0,20,10035,-1,0,0,0,0,0,0
45241,켈베로스 (불꽃),0,2,100,0,0,-2,2,0,2,0,0,0,10142,-1,0,0,0,0,0,0
45256,다크 엘프 마법사 (콘 오브 콜드),0,2,80,0,0,-8,0,0,0,0,0,15,38,-1,0,0,0,0,0,0
45256,다크 엘프 마법사 (토네이도),1,2,80,0,0,-4,0,0,0,0,0,15,53,-1,3,0,0,0,0,0
45263,봄 꽃 (종에 의한 10 셀 원거리 공격),0,2,100,0,0,-10,0,0,10,0,0,0,10034,-1,0,0,0,0,0,0
45273,딥 플라워 (6 셀 원거리 공격),0,2,100,0,0,-6,0,0,6,0,0,0,10094,-1,0,0,0,0,0,0
45275,블랙 엔트 (범위 마법),0,2,50,0,0,-2,0,0,0,0,0,10,10095,-1,3,0,0,0,0,0
45278,오우거 (범위),0,1,30,0,0,-2,0,0,2,1,2,20,0,-1,30,0,0,0,0,0
45283,기란 켈베로스 (불꽃),0,2,100,0,0,-2,2,0,2,0,0,0,10142,-1,0,0,0,0,0,0
45284,불타는 전사 (물건),0,1,100,0,0,2,0,0,2,0,0,15,0,-1,30,0,0,0,0,0
45291,불타는 궁수 (근접 공격),0,1,100,0,0,-1,0,0,1,0,0,15,0,-1,30,0,0,0,0,0
45297,어비스 클럽 맨 (act-30),0,1,50,0,0,-2,0,0,2,0,0,0,0,-1,30,0,0,0,0,0
45309,블랙 타이거 (물리 공격),0,1,50,0,0,-2,0,0,2,0,0,0,0,-1,30,0,0,0,0,0
45315,발록의 분신 (어스 퀘이크),0,2,50,0,0,-6,0,0,0,0,0,25,10056,-1,0,0,0,0,0,0
45316,트라이 서울 (Recall),0,2,30,0,0,5,0,0,0,0,0,0,10057,-1,0,0,0,0,0,0
45316,트라이 서울 (캔슬 레이션),1,2,5,0,0,-6,0,3,0,0,0,0,44,-1,0,0,0,0,0,0
45316,트라이 서울 (종합 마술),2,2,30,0,0,-10,0,0,0,0,0,3,10010,-1,0,0,0,0,0,0
45316,트라이 서울 (소환 : 자이언트),3,3,5,25,0,-3,0,0,0,0,0,0,0,-1,0,45351,3,3,0,0
45316,트라이 서울 (물리 공격),4,1,100,0,0,-2,0,3,2,1,2,30,0,-1,0,0,0,0,0,0
45323,비스트 서머너 (물리 공격),0,1,50,0,0,-2,0,0,2,0,0,2,0,-1,30,0,0,0,0,0
45326,다크 포레스터 (6 셀 원거리 공격),0,2,100,0,0,-6,5,0,6,0,0,0,10093,-1,0,0,0,0,0,0
45341,혼 켈베로스 (불꽃),0,2,100,0,0,-2,8,0,2,0,0,0,10143,-1,0,0,0,0,0,0
45341,혼 켈베로스 (박치기),1,1,100,0,0,-1,0,0,1,0,0,0,0,-1,30,0,0,0,0,0
45347,다크 포레스터 (6 셀 원거리 공격),0,2,100,0,0,-6,5,0,6,0,0,0,10093,-1,0,0,0,0,0,0
45357,블랙 타이거 (물리 공격),0,1,50,0,0,-2,0,0,2,0,0,0,0,-1,30,0,0,0,0,0
45363,다크 엘리멘탈리스트 (3 셀 범위 마법),0,2,100,0,0,-3,4,0,3,0,0,0,10091,-1,0,0,0,0,0,0
45363,다크 엘리멘탈리스트 (소환 : 다크 엘리멘탈),1,3,5,0,0,-3,1,0,3,0,0,0,0,-1,0,45244,1,2,0,0
45368,비스트 서머너 (물리 공격),0,1,50,0,0,-2,0,0,2,0,0,2,0,-1,30,0,0,0,0,0
45373,짐승 (헤이스트),0,2,20,0,0,-10,1,2,0,0,0,0,43,-1,7,0,0,0,0,0
45374,지저 리자드 맨 (원거리 공격),0,2,100,0,0,-6,0,0,6,0,0,0,10133,-1,0,0,0,0,0,0
45382,지저 전갈 미스틱 (act-30),0,1,50,0,0,-2,0,0,2,0,0,0,0,-1,30,0,0,0,0,0
45383,지저 전갈 파이 탄 (act-30),0,1,50,0,0,-2,0,0,2,0,0,0,0,-1,30,0,0,0,0,0
45391,발록의 서큐버스 (단체 마법),0,2,100,0,0,-6,5,0,0,0,0,0,10030,-1,0,0,0,0,0,0
45391,발록의 서큐버스 (뱀파이어 릭 터치),1,2,20,0,0,-3,0,0,0,0,0,0,28,-1,0,0,0,0,0,0
45393,서큐버스 (단체 마법),0,2,100,0,0,-6,5,0,0,0,0,6,10030,-1,0,0,0,0,0,0
45393,서큐버스 (뱀파이어 릭 터치),1,2,20,0,0,-3,0,0,0,0,0,0,28,-1,0,0,0,0,0,0
45394,서큐버스 (단체 마법),0,2,100,0,0,-6,5,0,0,0,0,6,10030,-1,0,0,0,0,0,0
45394,서큐버스 (뱀파이어 릭 터치),1,2,20,0,0,-3,0,0,0,0,0,0,28,-1,0,0,0,0,0,0
45400,서큐버스 (단체 마법),0,2,100,0,0,-6,5,0,0,0,0,6,10030,-1,0,0,0,0,0,0
45400,서큐버스 (뱀파이어 릭 터치),1,2,20,0,0,-3,0,0,0,0,0,0,28,-1,0,0,0,0,0,0
45405,블랙 위자드 (범위 마법),0,2,40,0,0,-6,0,0,0,0,0,30,10044,-1,0,0,0,0,0,0
45408,혼 켈베로스 (불꽃),0,2,100,0,0,-2,8,0,2,0,0,0,10144,-1,0,0,0,0,0,0
45408,혼 켈베로스 (박치기),1,1,100,0,0,-1,0,0,1,0,0,0,0,-1,30,0,0,0,0,0
45413,디에고 (망치),0,1,50,0,0,-8,0,0,2,0,0,30,0,1812,0,0,0,0,0,0
45416,대지의 송곳니 (Freeze),0,2,10,0,0,-2,0,0,0,0,0,0,10071,-1,0,0,0,0,0,0
45416,대지의 송곳니 (위크 니스),1,2,10,0,0,-2,0,0,0,0,0,0,47,-1,0,0,0,0,0,0
45416,대지의 송곳니 (스 탈락),2,2,100,0,0,-8,0,0,0,0,0,0,16,-1,0,0,0,0,0,0
45418,바람의 송곳니 (위크 니스),0,2,10,0,0,-2,0,0,0,0,0,0,47,-1,0,0,0,0,0,0
45418,바람의 송곳니 (슬로우),1,2,10,0,0,-2,0,0,0,0,0,0,29,-1,0,0,0,0,0,0
45418,바람의 송곳니 (윈드 커터),2,2,100,0,0,-8,0,0,0,0,0,0,7,-1,0,0,0,0,0,0
45419,빙하의 송곳니 (위크 니스),0,2,10,0,0,-2,0,0,0,0,0,0,47,-1,0,0,0,0,0,0
45419,빙하의 송곳니 (콘 오브 콜드),1,2,100,0,0,-8,0,0,0,0,0,5,38,-1,0,0,0,0,0,0
45422,지저 대왕 거북 (프로즌 클라우드),0,2,30,0,0,-6,0,0,0,0,0,40,22,-1,0,0,0,0,0,0
45422,지저 대왕 거북 (슬로우),1,2,20,0,0,-6,0,0,0,0,0,0,29,-1,0,0,0,0,0,0
45422,지저 대왕 거북 (위크 니스),2,2,10,0,0,-6,0,0,0,0,0,0,47,-1,0,0,0,0,0,0
45422,지저 대왕 거북 (물리 공격),3,1,100,0,0,-1,0,0,2,0,0,50,0,-1,0,0,0,0,0,0
45423,지저 비홀더 (윈드 셰클),0,2,25,0,0,-4,0,0,4,0,0,0,167,-1,0,0,0,0,0,0
45424,화염의 송곳니 (위크 니스),0,2,10,0,0,-2,0,0,0,0,0,0,47,-1,0,0,0,0,0,0
45424,화염의 송곳니 (파이어 애로우),1,2,100,0,0,-8,0,0,0,0,0,0,15,-1,0,0,0,0,0,0
45425,블랙 위자드 (범위 마법),0,2,40,0,0,-6,0,0,0,0,0,30,10044,-1,0,0,0,0,0,0
45448,라스타바드 조련사 (물리 공격),0,1,50,0,0,-2,0,0,2,0,0,2,0,-1,30,0,0,0,0,0
45450,발록의 서큐버스 퀸 (단품 마법),0,2,100,0,0,-6,5,0,0,0,0,6,10031,-1,0,0,0,0,0,0
45450,발록의 서큐버스 퀸 (뱀파이어 릭 터치),1,2,20,0,0,-3,0,0,0,0,0,0,28,-1,0,0,0,0,0,0
45451,서큐버스 퀸 (단품 마법),0,2,100,0,0,-6,5,0,0,0,0,6,10031,-1,0,0,0,0,0,0
45451,서큐버스 퀸 (뱀파이어 릭 터치),1,2,20,0,0,-3,0,0,0,0,0,0,28,-1,0,0,0,0,0,0
45456,네크로맨서 (라이트닝),0,2,40,0,0,-5,0,0,0,0,0,40,17,-1,0,0,0,0,0,0
45458,드레이크 선장 (범위 공격),0,1,30,0,0,-6,0,0,6,6,6,40,0,-1,19,0,0,0,0,0
45458,드레이크 선장 (단체 공격),1,1,30,0,0,-1,0,0,1,0,0,80,0,4222,30,0,0,0,0,0
45458,드레이크 선장 (물리 공격),2,1,100,0,0,-1,0,0,1,0,0,20,0,-1,0,0,0,0,0,0
45464,세마 (라이트닝),0,2,40,0,0,-5,0,0,0,0,0,40,17,-1,0,0,0,0,0,0
45471,공포의 켈베로스 (불꽃),0,2,100,0,0,-2,5,0,2,0,0,15,10142,-1,0,0,0,0,0,0
45473,발타자르 (이 럽션),0,2,20,0,0,-6,0,0,0,0,0,14,45,-1,0,0,0,0,0,0
45474,어둠 숲지기 (6 셀 원거리 공격),0,2,100,0,0,-6,5,0,6,0,0,0,10093,-1,0,0,0,0,0,0
45476,켈베로스 (불꽃),0,2,100,0,0,-2,2,0,2,0,0,0,10142,-1,0,0,0,0,0,0
45480,화염의 네크로맨서 (파이어 볼),0,2,30,0,0,-6,0,0,0,0,0,20,25,-1,0,0,0,0,0,0
45480,화염의 네크로맨서 (물리 공격),1,1,100,0,0,-1,0,0,1,0,0,100,0,-1,0,0,0,0,0,0
45481,레서 데몬 (화염 마법진),0,2,50,0,0,-2,0,0,0,0,0,0,10042,-1,0,0,0,0,0,0
45481,레서 데몬 (물리 공격),1,1,100,0,0,-1,0,0,1,0,0,20,0,-1,0,0,0,0,0,0
45482,발록의 레서 데몬 (화염 마법진),0,2,50,0,0,-2,0,0,0,0,0,0,10042,-1,0,0,0,0,0,0
45482,발록의 레서 데몬 (물리 공격),1,1,100,0,0,-1,0,0,1,0,0,20,0,-1,0,0,0,0,0,0
45483,블랙 타이거 (물리 공격),0,1,50,0,0,-2,0,0,2,0,0,0,0,-1,30,0,0,0,0,0
45485,어둠의 라이칸 스로프 (물리 공격),0,1,100,0,0,-1,0,0,1,0,0,30,0,-1,0,0,0,0,0,0
45487,지저 일 렉카 둠 (라이트닝),0,2,40,0,0,-6,0,0,6,0,0,10,17,-1,0,0,0,0,0,0
45487,지저 일 렉카 둠 (포괄적 전격 공격),1,2,40,0,0,-2,0,0,2,0,0,0,10134,-1,0,0,0,0,0,0
45488,카스파 (파이어 볼),0,2,40,0,0,-6,0,0,0,0,0,40,25,-1,0,0,0,0,0,0
45492,쿠만 (원거리 공격),0,1,100,0,0,-6,0,0,6,0,0,20,0,-1,18,0,0,0,0,0
45496,레서 드래곤 (불꽃),0,2,100,0,0,-2,0,0,2,1,2,0,10008,2380,16,0,0,0,0,0
45497,멜키 오르 (에너지 볼트),0,2,40,0,0,-6,0,0,0,0,0,50,4,-1,0,0,0,0,0,0
45498,무덤 가디언 (act30),0,1,50,0,0,0,0,0,2,0,0,0,0,-1,30,0,0,0,0,0
45500,물 요정 주로 (뱀파이어 릭 터치),0,2,30,0,0,-2,0,0,0,0,0,0,28,-1,0,0,0,0,0,0
45500,물 요정 주로 (콘 오브 콜드),1,2,100,0,0,-8,0,0,0,0,0,0,38,-1,0,0,0,0,0,0
45500,물 요정 주로 (물리 공격),2,1,100,0,0,-1,0,0,1,0,0,0,0,-1,18,0,0,0,0,0
45503,다크 블랙 나이트 (물리 공격),0,1,100,0,0,-2,0,0,2,0,0,30,0,-1,0,0,0,0,0,0
45505,짐승 (헤이스트),0,2,20,0,0,-10,1,2,0,0,0,0,43,-1,7,0,0,0,0,0
45506,카오스 엘모어 마법사 (콘 오브 콜드),0,2,100,0,0,-6,0,0,0,0,0,0,38,-1,0,0,0,0,0,0
45508,땅의 정령의 주요 (Freeze),0,2,15,0,0,-2,0,0,0,0,0,20,10071,-1,0,0,0,0,0,0
45508,땅의 정령의 주요 (이 럽션),1,2,100,0,0,-8,0,0,0,0,0,0,45,-1,0,0,0,0,0,0
45510,바람의 정령의 주요 (슬로우),0,2,10,0,0,-3,0,0,0,0,0,0,29,-1,0,0,0,0,0,0
45510,바람의 정령의 주요 (콜 라이트닝),1,2,100,0,0,-8,0,0,0,0,0,0,34,-1,0,0,0,0,0,0
45511,불 요정 주로 (마나 드레인),0,2,15,0,0,-3,0,0,0,0,0,0,39,-1,0,0,0,0,0,0
45511,불 요정 주로 (파이어 볼),1,2,100,0,0,-6,0,0,0,0,0,0,25,-1,0,0,0,0,0,0
45512,헬 바운드 (불꽃),0,1,100,0,0,2,2,0,2,0,0,30,0,4646,3,0,0,0,0,0
45513,왜곡 제니스 퀸 (종합 마술),0,2,40,0,0,-6,0,0,0,0,0,10,10004,-1,0,0,0,0,0,0
45515,이프리트 (투창),0,2,80,0,0,-6,0,0,0,0,0,5,10014,-1,0,0,0,0,0,0
45516,이프리트 (투창),0,2,80,0,0,-6,0,0,0,0,0,20,10014,-1,0,0,0,0,0,0
45516,이프리트 (불의 시버 소환),1,3,30,30,0,-3,0,0,0,0,0,0,0,-1,0,91431,2,5,0,0
45517,혈액 사악 (원거리 특수 공격),0,2,70,0,0,-8,0,0,0,0,0,0,10086,-1,0,0,0,0,0,0
45517,혈액 사악 (범위 특수 공격),1,2,30,0,0,-7,0,0,0,0,0,0,10087,-1,0,0,0,0,0,0
45520,화염의 혼 켈베로스 (불꽃),0,2,100,0,0,2,16,0,2,0,0,30,10143,-1,0,0,0,0,0,0
45520,화염의 혼 켈베로스 (박치기),1,1,100,0,0,-1,0,0,1,0,0,40,0,-1,30,0,0,0,0,0
45522,본 드래곤 (불꽃),0,2,100,0,0,-2,0,0,2,1,2,15,10009,2411,16,0,0,0,0,0
45523,다크로드 (원거리 특수 공격),0,2,70,0,0,-8,0,0,0,0,0,0,10088,-1,0,0,0,0,0,0
45523,다크로드 (범위 특수 공격),1,2,30,0,0,-7,0,0,0,0,0,0,10089,-1,0,0,0,0,0,0
45526,크림슨 드레이크 (5 셀 범위 특수 공격),0,1,100,0,0,5,0,0,5,0,0,30,0,4651,3,0,0,0,0,0
45527,블러디 나이트 (물리 공격),0,1,50,0,0,-1,0,0,1,0,0,5,0,4631,30,0,0,0,0,0
45528,냉혹 한 샤벨 타이거 (물리 공격),0,1,100,0,0,-1,0,0,1,0,0,30,0,-1,0,0,0,0,0,0
45529,드레이크 (불꽃),0,1,30,0,0,-2,0,0,2,1,0,30,0,-1,30,0,0,0,0,0
45529,드레이크 (강타),1,2,20,0,0,-2,0,0,2,0,0,50,0,-1,44,0,0,0,0,0
45529,드레이크 (),2,2,20,0,0,0,0,0,0,0,0,30,0,-1,45,0,0,0,0,0
45530,무덤 가디언 메이지 (act1),0,1,45,0,0,0,0,0,2,0,0,0,0,-1,1,0,0,0,0,0
45530,무덤 가디언 메이지 (act18),1,1,50,0,0,0,0,0,2,0,0,0,0,-1,18,0,0,0,0,0
45530,무덤 가디언 메이지 (파이어 볼),2,2,85,0,0,-6,0,0,0,0,0,45,10136,-1,0,0,0,0,0,0
45532,다크 불타는 궁수 (활 공격),0,1,100,0,0,2,0,0,10,0,0,15,0,-1,0,0,0,0,0,0
45532,다크 불타는 궁수 (근접 공격),1,1,100,0,0,-1,0,0,1,0,0,30,0,-1,30,0,0,0,0,0
45534,맘보 토끼 V (토네이도),0,2,20,0,0,-4,0,0,0,0,0,30,53,-1,0,0,0,0,0,0
45534,맘보 토끼 V (범위),1,2,20,0,0,-4,0,0,0,0,0,10,10036,-1,0,0,0,0,0,0
45535,맘보 토끼 E (아이스이 럽션),0,2,20,0,0,-6,0,0,0,0,0,30,10035,-1,0,0,0,0,0,0
45535,맘보 토끼 E (범위),1,2,20,0,0,-4,0,0,0,0,0,10,10037,-1,0,0,0,0,0,0
45537,무덤 가디언 나이트 (act30),0,1,50,0,0,0,0,0,2,0,0,0,0,-1,30,0,0,0,0,0
45540,다크 불타는 전사 (물건),0,1,100,0,0,2,0,0,2,0,0,15,0,-1,30,0,0,0,0,0
45540,다크 불타는 전사 (베어),1,1,100,0,0,-1,0,0,1,0,0,30,0,-1,0,0,0,0,0,0
45542,죽음의 사제 데몬 (단체 마법),0,2,100,0,0,2,0,0,0,0,0,0,10060,-1,0,0,0,0,0,0
45542,죽음의 사제 데몬 (단체 마법),1,2,50,0,0,-1,0,0,0,0,0,0,10060,-1,0,0,0,0,0,0
45545,흑 장로 (범위),0,2,50,0,0,-4,0,0,0,0,0,50,45545,-1,0,0,0,0,0,0
45545,흑 장로 (데스히루),1,2,20,0,0,-4,0,0,4,4,4,10,4015,-1,19,0,0,0,0,0
45546,도플 갱어 보스 (블리자드),0,2,20,0,0,-15,0,0,0,0,0,30,59,-1,0,0,0,0,0,0
45546,도플 갱어 보스 (파이어 스톰),1,2,20,0,0,-3,0,0,0,0,0,30,70,-1,0,0,0,0,0,0
45546,도플 갱어 보스 (물리 공격),2,1,100,0,0,-1,0,0,1,0,0,30,0,-1,0,0,0,0,0,0
45547,미스 트러스트 시아 (마법),0,2,40,0,0,-6,0,0,0,0,0,15,10001,-1,0,0,0,0,0,0
45547,미스 트러스트 시아 (물리 공격),1,1,100,0,0,-1,0,0,1,0,0,30,0,-1,0,0,0,0,0,0
45548,호세 (방사선 스티 범위),0,1,20,0,0,-4,0,0,3,5,5,80,0,4700,0,0,0,0,0,0
45550,흑 장로 (토네이도),0,2,20,0,0,-4,0,0,0,0,0,20,53,-1,0,0,0,0,0,0
45550,흑 장로 (콜 라이트닝),1,2,60,0,0,-10,0,0,0,0,0,20,34,-1,0,0,0,0,0,0
45569,발록의 바포메트 (이 럽션),0,2,20,0,0,-6,0,0,0,0,0,30,45,-1,0,0,0,0,0,0
45569,발록의 바포메트 (물리 공격),1,1,100,0,0,-1,0,0,1,0,0,30,0,-1,0,0,0,0,0,0
45570,타락의 사제 (선 버스트),0,2,20,0,0,-6,0,0,0,0,0,50,46,-1,0,0,0,0,0,0
45572,화염의 아시타 지오 (물리 공격),0,1,100,0,0,-1,0,0,1,0,0,30,0,-1,0,0,0,0,0,0
45573,바포메트 (이 럽션),0,2,20,0,0,-6,0,0,0,0,0,20,45,-1,0,0,0,0,0,0
45574,친위대 장 카이트 (8 셀 원거리 특수 공격),0,2,80,0,0,-8,0,0,0,0,0,12,10104,-1,0,0,0,0,0,0
45575,죽음의 사제 서큐버스 (Recall),0,2,20,0,0,5,0,0,0,0,0,0,10057,-1,0,0,0,0,0,0
45575,죽음의 사제 서큐버스 (단체 마법),1,2,100,0,0,2,0,0,0,0,0,0,10058,-1,0,0,0,0,0,0
45575,죽음의 사제 서큐버스 (단체 마법),2,2,50,0,0,-1,0,0,0,0,0,0,10058,-1,0,0,0,0,0,0
45577,여단장 다크 팬더 (원거리 특수 공격),0,2,70,0,0,-6,0,0,0,0,0,0,10083,4630,0,0,0,0,0,0
45577,여단장 다크 팬더 (범위 특수 공격),1,2,30,0,0,-3,0,0,0,0,0,30,10084,-1,0,0,0,0,0,0
45579,발록의 베레스 (파이어 볼),0,2,20,0,0,-6,0,0,0,0,0,70,25,-1,0,0,0,0,0,0
45579,발록의 베레스 (물리 공격),1,1,100,0,0,-1,0,0,1,0,0,30,0,-1,0,0,0,0,0,0
45580,암흑의 서큐버스 퀸 (단품 마법),0,2,100,0,0,-6,5,0,0,0,0,20,10031,-1,0,0,0,0,0,0
45580,암흑의 서큐버스 퀸 (뱀파이어 릭 터치),1,2,20,0,0,-3,0,0,0,0,0,0,28,-1,0,0,0,0,0,0
45581,파트 제니스 퀸 (종합 마술),0,2,40,0,0,-6,0,0,0,0,0,10,10004,-1,0,0,0,0,0,0
45581,파트 제니스 퀸 (물리 공격),1,1,100,0,0,-2,0,0,2,0,0,30,0,-1,0,0,0,0,0,0
45582,타락의 사제 (범위 마법),0,2,20,0,0,-6,0,0,0,0,0,20,10047,-1,0,0,0,0,0,0
45583,베레스 (파이어 볼),0,2,20,0,0,-6,0,0,0,0,0,60,25,-1,0,0,0,0,0,0
45584,그레이트 미노타우르스 (어스 퀘이크),0,2,20,0,0,-3,0,0,0,0,0,40,62,-1,0,0,0,0,0,0
45584,그레이트 미노타우르스 (물리 공격),1,1,100,0,0,-1,0,0,1,0,0,30,0,-1,0,0,0,0,0,0
45586,시어 주니어 (마법),0,2,40,0,0,-6,0,0,0,0,0,15,10001,-1,0,0,0,0,0,0
45586,시어 주니어 (물리 공격),1,1,100,0,0,-1,0,0,1,0,0,40,0,-1,0,0,0,0,0,0
45588,사단장 싱클레어 (8 셀 원거리 특수 공격),0,2,80,0,0,-8,0,0,0,0,0,12,10106,-1,0,0,0,0,0,0
45588,사단장 싱클레어 (미티어 스트라이크),1,2,30,0,0,-15,0,0,0,0,0,30,10107,-1,0,0,0,0,0,0
45589,공포의 좀비로드 (종합 마술),0,2,30,0,0,-6,0,0,0,0,0,20,10000,-1,0,0,0,0,0,0
45589,공포의 좀비로드 (물리 공격),1,1,100,0,0,-2,0,0,2,0,0,30,0,-1,0,0,0,0,0,0
45591,심연의 물 요정 (뱀파이어 릭 터치),0,2,30,0,0,-2,0,0,0,0,0,15,28,-1,0,0,0,0,0,0
45591,심연의 물 요정 (콘 오브 콜드),1,2,100,0,0,-8,0,0,0,0,0,0,38,-1,0,0,0,0,0,0
45591,심연의 물 요정 (물리 공격),2,1,100,0,0,-1,0,0,1,0,0,0,0,-1,18,0,0,0,0,0
45592,심연의 땅의 정령 (Freeze),0,2,10,0,0,-2,0,0,0,0,0,25,10071,-1,0,0,0,0,0,0
45592,심연의 땅의 정령 (이 럽션),1,2,100,0,0,-8,0,0,0,0,0,0,45,-1,0,0,0,0,0,0
45593,심연 바람의 정령 (슬로우),0,2,10,0,0,-3,0,0,0,0,0,15,29,-1,0,0,0,0,0,0
45593,심연 바람의 정령 (콜 라이트닝),1,2,100,0,0,-8,0,0,0,0,0,0,34,-1,0,0,0,0,0,0
45594,심연의 불 요정 (마나 드레인),0,2,20,0,0,-3,0,0,0,0,0,0,39,-1,0,0,0,0,0,0
45594,심연의 불 요정 (선 버스트),1,2,100,0,0,-6,0,0,0,0,0,0,46,-1,0,0,0,0,0,0
45594,심연의 불 요정 (물리 공격),2,1,100,0,0,-1,0,0,1,0,0,0,0,-1,18,0,0,0,0,0
45595,아이리스 (토네이도),0,2,30,0,0,-4,0,0,0,0,0,80,53,-1,0,0,0,0,0,0
45595,아이리스 (물리 공격),1,1,100,0,0,-3,0,0,3,0,0,30,0,-1,0,0,0,0,0,0
45597,죽음의 사제 바포메트 (단체 마법),0,2,100,0,0,3,0,0,0,0,0,30,45,-1,0,0,0,0,0,0
45597,죽음의 사제 바포메트 (단체 마법),1,2,50,0,0,-2,0,0,0,0,0,30,45,-1,0,0,0,0,0,0
45598,죽음의 사제 베레스 (단체 마법),0,2,100,0,0,3,0,0,0,0,0,0,10059,-1,0,0,0,0,0,0
45598,죽음의 사제 베레스 (단체 마법),1,2,50,0,0,-2,0,0,0,0,0,0,10059,-1,0,0,0,0,0,0
45599,혼돈의 사제 : 기사 (쇼크 스턴),0,2,10,0,0,-1,0,0,0,0,0,0,87,-1,0,0,0,0,0,0
45600,커츠 (어스 퀘이크),0,2,20,0,0,-3,0,0,0,0,0,30,62,-1,0,0,0,0,0,0
45600,커츠 (물리 공격),1,1,100,0,0,-1,0,0,1,0,0,20,0,-1,0,0,0,0,0,0
45601,데스 나이트 (뱀파이어 릭 터치),0,2,20,0,0,-3,0,0,0,0,0,50,28,-1,0,0,0,0,0,0
45601,데스 나이트 (어스 퀘이크),1,2,60,0,0,-6,0,0,0,0,0,30,10056,-1,0,0,0,0,0,0
45601,데스 나이트 (소환 : 스파 토이),2,3,5,0,0,-3,0,0,0,0,0,0,0,-1,0,45161,1,3,0,0
45601,데스 나이트 (물리 공격),3,1,100,0,0,-1,0,0,1,0,0,20,0,-1,0,0,0,0,0,0
45602,마법 단장 카르 미엘 (8 셀 원거리 특수 공격),0,2,80,0,0,-8,0,0,0,0,0,12,10105,-1,0,0,0,0,0,0
45603,거대한 무덤 가디언 (act30),0,1,50,0,0,0,0,0,5,0,0,0,0,-1,30,0,0,0,0,0
45604,마르퀴스 뱀파이어 (마법),0,2,40,0,0,-6,0,0,0,0,0,10,10006,-1,0,0,0,0,0,0
45604,마르퀴스 뱀파이어 (뱀파이어 릭 터치),1,2,40,0,0,-3,0,0,0,0,0,60,28,-1,0,0,0,0,0,0
45604,마르퀴스 뱀파이어 (물리 공격),2,1,100,0,0,-1,0,0,1,0,0,30,0,-1,0,0,0,0,0,0
45606,공포의 뱀파이어 (소환 : 데드 해골 저격병),0,3,2,0,0,9,0,0,0,0,0,0,0,-1,0,45494,1,2,0,0
45606,공포의 뱀파이어 (소환 : 데드 해골 돌격 병),1,3,2,0,0,9,0,0,0,0,0,0,0,-1,0,45493,1,2,0,0
45606,공포의 뱀파이어 (소환 : 난폭 한 스파 토이),2,3,2,0,0,9,0,0,0,0,0,0,0,-1,0,45455,1,2,0,0
45606,공포의 뱀파이어 (마법),3,2,40,0,0,-6,0,0,0,0,0,10,10006,-1,0,0,0,0,0,0
45606,공포의 뱀파이어 (뱀파이어 릭 터치),4,2,40,0,0,-3,0,0,0,0,0,60,28,-1,0,0,0,0,0,0
45606,공포의 뱀파이어 (소환 : 박쥐),5,3,2,0,0,-3,0,0,0,0,0,0,0,-1,0,45290,1,3,0,0
45607,마수 단장 카이 바르 (원거리 특수 공격),0,2,70,0,0,-6,0,0,0,0,0,0,10083,4630,0,0,0,0,0,0
45607,마수 단장 카이 바르 (범위 특수 공격),1,2,30,0,0,-3,0,0,0,0,0,30,10084,-1,0,0,0,0,0,0
45608,용병 대장 메화이스토 (원거리 특수 공격),0,2,70,0,0,-6,0,0,0,0,0,0,10083,4630,0,0,0,0,0,0
45608,용병 대장 메화이스토 (범위 특수 공격),1,2,30,0,0,-3,0,0,0,0,0,30,10084,-1,0,0,0,0,0,0
45609,얼음 여왕 (블리자드),0,2,50,0,0,-15,0,0,0,0,0,40,10002,-1,0,0,0,0,0,0
45609,얼음 여왕 (물리 공격),1,1,100,0,0,-1,0,0,1,0,0,30,0,-1,0,0,0,0,0,0
45610,고대 거인 (어스 퀘이크),0,2,30,0,0,-15,0,0,0,0,0,30,10019,-1,0,0,0,0,0,0
45610,고대 거인 (물리 공격),1,1,100,0,0,-2,0,0,2,0,0,30,0,-1,0,0,0,0,0,0
45612,신 관장 바운티 (8 셀 원거리 특수 공격),0,2,80,0,0,-8,0,0,0,0,0,15,10103,-1,0,0,0,0,0,0
45614,거대 여왕 개미 (Recall),0,2,15,0,0,5,0,0,0,0,0,0,10057,-1,0,0,0,0,0,0
45614,거대 여왕 개미 (Freeze),1,2,10,0,0,-5,0,0,0,0,0,30,10071,-1,0,0,0,0,0,0
45614,거대 여왕 개미 (캔슬 레이션),2,2,10,0,0,-6,0,0,0,0,0,0,44,-1,0,0,0,0,0,0
45614,거대 여왕 개미 (땅이 갈라짐),3,2,50,0,0,-6,0,0,0,0,0,30,10056,-1,0,0,0,0,0,0
45614,거대 여왕 개미 (어스 퀘이크),4,2,50,0,0,-15,0,0,0,0,0,30,10019,-1,0,0,0,0,0,0
45614,거대 여왕 개미 (물리 공격),5,1,100,0,0,-3,0,0,3,0,0,30,0,-1,0,0,0,0,0,0
45615,명법 단장 쿠리화스 (원거리 특수 공격),0,2,70,0,0,-6,0,0,0,0,0,0,10083,4630,0,0,0,0,0,0
45615,명법 단장 쿠리화스 (범위 특수 공격),1,2,30,0,0,-3,0,0,0,0,0,30,10084,-1,0,0,0,0,0,0
45616,머미로드 (물리 공격),0,1,100,0,0,-1,0,0,1,0,0,40,0,-1,0,0,0,0,0,0
45617,피닉스 (원거리 화염),0,2,30,0,0,-6,0,0,0,0,0,50,10018,-1,0,0,0,0,0,0
45617,피닉스 (물리 공격),1,1,100,0,0,-2,0,0,2,0,0,40,0,-1,0,0,0,0,0,0
45617,피닉스 (자식 피닉스 소환),3,3,40,35,0,-3,0,0,0,0,0,0,0,-1,0,91432,2,6,0,0
45618,나이트 발드 (어스 퀘이크),0,2,30,0,0,-3,0,0,0,0,0,40,62,-1,0,0,0,0,0,0
45618,나이트 발드 (미티어 스트라이크),1,2,30,0,0,-15,0,0,0,0,0,30,74,-1,0,0,0,0,0,0
45618,나이트 발드 (소환 : 다크 블랙 나이트),2,3,5,80,0,-3,5,0,0,0,0,0,0,-1,0,45503,1,2,0,0
45618,나이트 발드 (물리 공격),3,1,100,0,0,-2,0,0,2,0,0,30,0,-1,0,0,0,0,0,0
45619,땅의 대 정령 (원거리 마법),0,2,30,0,0,-8,0,0,0,0,0,20,10020,-1,0,0,0,0,0,0
45619,땅의 대 정령 (물리 공격),1,1,100,0,0,-2,0,0,2,0,0,30,0,-1,0,0,0,0,0,0
45620,물의 대 정령 (원거리 마법),0,2,30,0,0,-8,0,0,0,0,0,20,10022,-1,0,0,0,0,0,0
45620,물의 대 정령 (물리 공격),1,1,100,0,0,-2,0,0,2,0,0,30,0,-1,0,0,0,0,0,0
45621,바람의 대 정령 (토네이도),0,2,30,0,0,-4,0,0,0,0,0,50,53,-1,0,0,0,0,0,0
45621,바람의 대 정령 (물리 공격),1,1,100,0,0,-2,0,0,2,0,0,30,0,-1,0,0,0,0,0,0
45622,불의 대 정령 (파이어 볼),0,2,30,0,0,-8,0,0,0,0,0,20,10021,-1,0,0,0,0,0,0
45622,불의 대 정령 (물리 공격),1,1,100,0,0,-2,0,0,2,0,0,30,0,-1,18,0,0,0,0,0
45624,야히의 근위병 데몬 (단체 마법),0,2,100,0,0,2,0,0,0,0,0,15,10060,-1,0,0,0,0,0,0
45624,야히의 근위병 데몬 (단체 마법),1,2,50,0,0,-1,0,0,0,0,0,15,10060,-1,0,0,0,0,0,0
45625,혼돈 (Recall),0,2,70,0,0,5,0,0,0,0,0,0,10057,-1,0,0,0,0,0,0
45625,혼돈 (캔슬 레이션),1,2,15,0,0,-6,0,0,0,0,0,0,44,-1,0,0,0,0,0,0
45625,혼돈 (쇼크 스턴),2,2,40,0,0,-1,0,0,1,0,0,0,87,-1,0,0,0,0,0,0
45625,혼돈 (이 럽션),3,2,15,0,0,-6,0,0,0,0,0,30,45,-1,0,0,0,0,0,0
45625,혼돈 (소환 : 혼돈의 사제 (A)),4,3,5,0,0,-3,0,0,0,0,0,0,0,-1,0,45227,2,2,0,0
45625,혼돈 (소환 : 혼돈의 사제 (B)),5,3,5,0,0,-3,0,0,0,0,0,0,0,-1,0,45576,2,2,0,0
45625,혼돈 (소환 : 혼돈의 사제 (C)),6,3,5,0,0,-3,0,0,0,0,0,0,0,-1,0,45627,2,2,0,0
45625,혼돈 (물리 공격),7,1,100,0,0,-1,0,0,1,0,0,30,0,-1,0,0,0,0,0,0
45627,혼돈의 사제 : 기사 (쇼크 스턴),0,2,10,0,0,-1,0,0,0,0,0,0,87,-1,0,0,0,0,0,0
45628,야히의 근위병 서큐버스 (Recall),0,2,20,0,0,5,0,0,0,0,0,0,10057,-1,0,0,0,0,0,0
45628,야히의 근위병 서큐버스 (단체 마법),1,2,100,0,0,2,0,0,0,0,0,20,10058,-1,0,0,0,0,0,0
45628,야히의 근위병 서큐버스 (단체 마법),2,2,50,0,0,-1,0,0,0,0,0,20,10058,-1,0,0,0,0,0,0
45629,야히의 근위병 바포메트 (단체 마법),0,2,100,0,0,3,0,0,0,0,0,30,45,-1,0,0,0,0,0,0
45629,야히의 근위병 바포메트 (단체 마법),1,2,50,0,0,-2,0,0,0,0,0,30,45,-1,0,0,0,0,0,0
45630,야히의 근위병 베레스 (단체 마법),0,2,100,0,0,3,0,0,0,0,0,15,10059,-1,0,0,0,0,0,0
45630,야히의 근위병 베레스 (단체 마법),1,2,50,0,0,-2,0,0,0,0,0,15,10059,-1,0,0,0,0,0,0
45631,야히의 근위병 기사 (쇼크 스턴),0,2,15,0,0,-1,0,0,0,0,0,0,87,-1,0,0,0,0,0,0
45642,땅의 대 정령 (원거리 마법),0,2,30,0,0,-8,0,0,0,0,0,20,10020,-1,0,0,0,0,0,0
45642,땅의 대 정령 (물리 공격),1,1,100,0,0,-2,0,0,2,0,0,30,0,-1,0,0,0,0,0,0
45643,물의 대 정령 (원거리 마법),0,2,30,0,0,-8,0,0,0,0,0,20,10022,-1,0,0,0,0,0,0
45643,물의 대 정령 (물리 공격),1,1,100,0,0,-2,0,0,2,0,0,30,0,-1,0,0,0,0,0,0
45644,바람의 대 정령 (토네이도),0,2,30,0,0,-4,0,0,0,0,0,50,53,-1,0,0,0,0,0,0
45644,바람의 대 정령 (물리 공격),1,1,100,0,0,-2,0,0,2,0,0,30,0,-1,0,0,0,0,0,0
45645,불의 대 정령 (파이어 볼),0,2,30,0,0,-8,0,0,0,0,0,20,10021,-1,0,0,0,0,0,0
45645,불의 대 정령 (물리 공격),1,1,100,0,0,-2,0,0,2,0,0,30,0,-1,18,0,0,0,0,0
45646,심연의 주요 (종합 마술),0,2,30,0,0,-6,0,0,0,0,0,20,10038,-1,0,0,0,0,0,0
45646,심연의 주요 (캔슬 레이션),1,2,10,0,0,-6,0,0,0,0,0,0,44,-1,0,0,0,0,0,0
45646,심연의 주요 (파이어 볼),2,2,30,0,0,-6,0,0,0,0,0,100,25,-1,0,0,0,0,0,0
45646,심연의 주요 (물리 공격),3,1,100,0,0,-3,0,0,3,0,0,30,0,-1,0,0,0,0,0,0
45647,발록의 데몬 (종합 마술),0,2,20,0,0,-6,0,0,0,0,0,30,10024,-1,0,0,0,0,0,0
45647,발록의 데몬 (파이어 볼),1,2,20,0,0,-6,0,0,0,0,0,100,25,-1,0,0,0,0,0,0
45647,발록의 데몬 (물리 공격),2,1,100,0,0,-1,0,0,1,0,0,30,0,-1,0,0,0,0,0,0
45649,데몬 (종합 마술),0,2,30,0,0,-6,0,0,0,0,0,20,10024,-1,0,0,0,0,0,0
45649,데몬 (파이어 볼),1,2,30,0,0,-6,0,0,0,0,0,100,25,-1,0,0,0,0,0,0
45649,데몬 (소환 : 고스트),2,3,2,0,0,-3,0,0,0,0,0,0,0,-1,0,46185,1,2,0,0
45649,데몬 (소환 : 해골 저격병),3,3,2,0,0,-3,0,0,0,0,0,0,0,-1,0,45270,1,2,0,0
45649,데몬 (소환 : 라바 골렘),4,3,2,0,0,-3,0,0,0,0,0,0,0,-1,0,45365,1,2,0,0
45649,데몬 (소환 : 아이언 골렘),5,3,2,0,0,-3,0,0,0,0,0,0,0,-1,0,46171,1,2,0,0
45649,데몬 (소환 : 혼 켈베로스),6,3,2,0,0,-3,0,0,0,0,0,0,0,-1,0,45341,1,2,0,0
45649,데몬 (소환 : 짐승),7,3,2,0,0,-3,0,0,0,0,0,0,0,-1,0,45373,1,2,0,0
45649,데몬 (소환 : 사이클롭스),8,3,2,0,0,-3,0,0,0,0,0,0,0,-1,0,45420,1,2,0,0
45649,데몬 (물리 공격),9,1,100,0,0,-1,0,0,1,0,0,30,0,-1,0,0,0,0,0,0
45649,데몬 (범위 캔슬 레이션),10,2,40,0,0,-1,0,0,0,0,0,0,501,-1,0,0,0,0,0,0
45650,데스 좀비로드 (종합 마술),0,2,30,0,0,-6,0,0,0,0,0,20,10000,-1,0,0,0,0,0,0
45650,데스 좀비로드 (물리 공격),1,1,100,0,0,-2,0,0,2,0,0,30,0,-1,0,0,0,0,0,0
45651,바란카 (범위),0,1,30,0,0,-6,0,0,6,6,6,50,0,-1,30,0,0,0,0,0
45651,바란카 (소환 : 블랙 타이거),1,3,5,0,0,-3,0,0,0,0,0,0,0,-1,0,45483,1,2,0,0
45651,바란카 (물리적 범위),2,1,100,0,0,-2,0,0,2,0,0,30,0,-1,0,0,0,0,0,0
45653,불사의 머미로드 (물리 공격),0,1,100,0,0,-1,0,0,1,0,0,40,0,-1,0,0,0,0,0,0
45654,냉혹 아이리스 (토네이도),0,2,30,0,0,-4,0,0,0,0,0,80,53,-1,0,0,0,0,0,0
45654,냉혹 아이리스 (물리 공격),1,1,100,0,0,-3,0,0,3,0,0,30,0,-1,0,0,0,0,0,0
45654,냉혹 아이리스 (소환 : 아이리스),2,3,7,0,0,-4,0,0,0,0,0,0,0,-1,0,45595,1,1,0,0
45664,다크 나이트 발드 (물리 공격),0,1,100,0,0,-2,0,0,2,0,0,45,0,-1,0,0,0,0,0,0
45671,아리 오크 (특수),0,2,50,0,0,-4,0,0,0,0,0,25,10039,-1,0,0,0,0,0,0
45671,아리 오크 (물리 공격),1,1,100,0,0,-6,0,0,6,6,6,30,0,-1,0,0,0,0,0,0
45672,영원히 리치 (종합 마술),0,2,50,0,0,-15,0,0,0,0,0,30,10010,-1,0,0,0,0,0,0
45672,영원히 리치 (원거리 마법),1,2,50,0,0,-8,0,0,0,0,0,30,10061,-1,0,0,0,0,0,0
45672,영원히 리치 (물리 공격),2,1,100,0,0,-2,0,0,2,0,0,50,0,-1,0,0,0,0,0,0
45673,그림 리퍼 (원거리 마법),0,2,60,0,0,-8,0,0,0,0,0,45,10062,-1,0,0,0,0,0,0
45673,그림 리퍼 (종합 마술),1,2,60,0,0,-15,0,0,0,0,0,40,10012,-1,0,0,0,0,0,0
45673,그림 리퍼 (물리 범위 공격),2,1,100,0,0,-2,0,0,2,2,1,80,0,-1,0,0,0,0,0,0
45674,죽음 (Recall),0,2,80,0,0,5,0,0,0,0,0,0,10057,-1,0,0,0,0,0,0
45674,죽음 (쇼크 스턴),1,2,50,0,0,-1,0,0,0,0,0,0,87,-1,0,0,0,0,0,0
45674,죽음 (캔슬 레이션),2,2,20,0,0,-4,0,0,0,0,0,0,44,-1,0,0,0,0,0,0
45674,죽음 (소환 : 레서 데몬),3,3,7,0,0,-4,0,0,0,0,0,0,0,-1,0,45536,1,1,0,0
45674,죽음 (소환 : 데몬),4,3,7,0,0,-4,0,0,0,0,0,0,0,-1,0,45542,1,1,0,0
45674,죽음 (소환 : 서큐버스),5,3,7,0,0,-4,0,0,0,0,0,0,0,-1,0,45575,1,1,0,0
45674,죽음 (소환 : 바포메트),6,3,7,0,0,-4,0,0,0,0,0,0,0,-1,0,45597,1,1,0,0
45674,죽음 (소환 : 베레스),7,3,7,0,0,-4,0,0,0,0,0,0,0,-1,0,45598,1,1,0,0
45674,죽음 (에너지 볼트),8,2,100,0,0,-1,0,0,0,0,0,80,4,-1,0,0,0,0,0,0
45674,죽음 (특수 공격),9,1,100,0,0,-5,0,0,5,0,0,50,0,-1,0,0,0,0,0,0
45675,야히 변신 전 (호흡),0,1,30,0,0,-3,0,0,3,2,2,40,0,-1,19,0,0,0,0,0
45675,야히 변신 전 (물리 공격),1,1,50,0,0,-2,0,0,2,0,0,50,0,-1,0,0,0,0,0,0
45675,야히 변신 전 (물리 공격 2),2,1,50,0,0,-2,0,0,2,1,0,30,0,-1,30,0,0,0,0,0
45676,명법 군왕 헬 바인 (소환 : 혈액 사악),0,3,5,0,0,-3,0,0,0,0,0,0,0,4540,0,45517,1,2,0,0
45676,명법 군왕 헬 바인 (소환 : 다크로드),1,3,5,0,0,-3,0,0,0,0,0,0,0,4540,0,45523,1,2,0,0
45676,명법 군왕 헬 바인 (미티어 스트라이크),2,2,30,0,0,-15,0,0,0,0,0,30,74,4538,0,0,0,0,0,0
45677,라이아 (아이스이 럽션),0,2,30,0,0,-9,0,0,0,0,0,30,10035,-1,0,0,0,0,0,0
45677,라이아 (강제 변신 : 오크),1,4,5,0,0,-9,0,0,0,0,0,0,0,-1,0,0,0,0,3906,0
45677,라이아 (소환 : 소환 엘리멘탈),2,3,5,0,0,-3,0,0,0,0,0,0,0,-1,0,45310,1,2,0,0
45678,케레니스 (풀 힐),0,2,80,0,90,-15,0,1,0,0,0,100,57,-1,0,0,0,0,0,0
45678,케레니스 (블리자드),1,2,30,0,0,-15,0,0,0,0,0,120,59,-1,0,0,0,0,0,0
45678,케레니스 (미티어 스트라이크),2,2,30,0,0,-15,0,0,0,0,0,30,74,-1,0,0,0,0,0,0
45680,켄라우헬 (범위 공격),0,1,30,0,0,-6,0,0,6,6,6,60,0,4223,0,0,0,0,0,0
45680,켄라우헬 (물리 공격),1,1,100,0,0,-1,0,0,1,0,0,30,0,-1,0,0,0,0,0,0
45681,린드 비 오르 (전격),0,2,100,25,0,-15,3,0,0,0,0,1300,10053,-1,0,0,0,0,0,0
45681,린드 비 오르 (안식),1,2,50,0,0,-20,0,0,0,0,0,50,10026,-1,0,0,0,0,0,0
45681,린드 비 오르 (전격 : 원거리),2,2,50,0,0,5,0,0,0,0,0,100,10053,-1,0,0,0,0,0,0
45681,린드 비 오르 (전격 : 근거리),3,2,50,0,0,-4,0,0,0,0,0,100,10053,-1,0,0,0,0,0,0
45681,린드 비 오르 (목회),4,1,10,0,0,-3,0,0,3,3,4,300,0,-1,1,0,0,0,0,0
45681,린드 비 오르 (오른손),5,1,10,0,0,-2,0,0,2,0,0,250,0,-1,5,0,0,0,0,0
45681,린드 비 오르 (왼손),6,1,10,0,0,-2,0,0,2,0,0,250,0,-1,12,0,0,0,0,0
45682,안타라스 (호흡),0,2,100,25,0,-15,3,0,0,0,0,1200,10054,-1,0,0,0,0,0,0
45682,안타라스 (안식),1,2,50,0,0,-20,0,0,0,0,0,0,10027,-1,0,0,0,0,0,0
45682,안타라스 (이 럽션),2,2,20,0,0,3,0,0,0,0,0,200,45,-1,0,0,0,0,0,0
45682,안타라스 (브레스 : 원거리),3,2,50,0,0,5,0,0,0,0,0,50,10054,-1,0,0,0,0,0,0
45682,안타라스 (브레스 : 근거리),4,2,50,0,0,-4,0,0,0,0,0,50,10054,-1,0,0,0,0,0,0
45682,안타라스 (목회),5,1,10,0,0,-3,0,0,3,3,4,200,0,-1,1,0,0,0,0,0
45682,안타라스 (오른손),6,1,10,0,0,-2,0,0,2,0,0,150,0,-1,5,0,0,0,0,0
45682,안타라스 (왼손),7,1,10,0,0,-2,0,0,2,0,0,150,0,-1,12,0,0,0,0,0
45683,파 푸리 온 (거품),0,2,100,25,0,-15,3,0,0,0,0,1000,10051,-1,0,0,0,0,0,0
45683,파 푸리 온 (거품 : 원거리),1,2,50,0,0,5,0,0,0,0,0,50,10051,-1,0,0,0,0,0,0
45683,파 푸리 온 (거품 : 근거리),2,2,50,0,0,0,0,0,0,0,0,50,10051,-1,0,0,0,0,0,0
45683,파 푸리 온 (아이스 브레스),3,2,10,0,0,-4,0,0,0,0,0,100,10050,-1,0,0,0,0,0,0
45683,파 푸리 온 (목회),4,1,10,0,0,-3,0,0,3,3,4,200,0,-1,1,0,0,0,0,0
45683,파 푸리 온 (오른손),5,1,10,0,0,-2,0,0,2,0,0,150,0,-1,5,0,0,0,0,0
45683,파 푸리 온 (왼손),6,1,10,0,0,-2,0,0,2,0,0,150,0,-1,12,0,0,0,0,0
45683,파 푸리 온 (꼬리),7,1,10,0,0,-3,0,0,3,3,4,200,0,-1,25,0,0,0,0,0
45683,파 푸리 온 (안식),8,2,50,0,0,-20,0,0,0,0,0,0,10029,-1,0,0,0,0,0,0
45684,발라카스 (메테오),0,2,100,25,0,-15,3,0,0,0,0,1500,10052,-1,0,0,0,0,0,0
45684,발라카스 (메테오 : 원거리),1,2,50,0,0,5,0,0,0,0,0,100,10052,-1,0,0,0,0,0,0
45684,발라카스 (메테오 : 근거리),2,2,50,0,0,0,0,0,0,0,0,100,10052,-1,0,0,0,0,0,0
45684,발라카스 (안식),3,2,50,0,0,-20,0,0,0,0,0,0,10028,-1,0,0,0,0,0,0
45684,발라카스 (목회),4,1,10,0,0,-3,0,0,3,3,4,250,0,-1,1,0,0,0,0,0
45684,발라카스 (오른손),5,1,10,0,0,-2,0,0,2,0,0,250,0,-1,5,0,0,0,0,0
45685,타락 (강제 변신 : 좀비),0,4,5,0,0,-9,0,0,0,0,0,0,0,-1,0,0,0,0,3872,0
45685,타락 (종합 마술),1,2,30,0,0,-4,0,0,0,0,0,30,10025,-1,0,0,0,0,0,0
45685,타락 (소환 : 타락의 사제),2,3,5,0,0,-3,0,0,0,0,0,0,0,-1,0,45570,1,3,0,0
45685,타락 (소환 : 타락의 사제),3,3,5,0,0,-3,0,0,0,0,0,0,0,-1,0,45571,1,3,0,0
45685,타락 (소환 : 타락의 사제),4,3,5,0,0,-3,0,0,0,0,0,0,0,-1,0,45582,1,3,0,0
45685,타락 (소환 : 타락의 사제),5,3,5,0,0,-3,0,0,0,0,0,0,0,-1,0,45587,1,3,0,0
45685,타락 (소환 : 타락의 사제),6,3,5,0,0,-3,0,0,0,0,0,0,0,-1,0,45605,1,3,0,0
45692,하이 비글 (스 탈락),0,2,100,0,0,-6,0,0,0,0,0,0,16,-1,18,0,0,0,0,0
45693,하이 세인트 버나드 (윈드 커터),0,2,100,0,0,-6,0,0,0,0,0,0,7,-1,18,0,0,0,0,0
45694,하이 폭스 (파이어 애로우),0,2,100,0,0,-6,0,0,0,0,0,0,15,-1,30,0,0,0,0,0
45695,하이 래빗 (콘 오브 콜드),0,2,100,0,0,-6,0,0,0,0,0,0,38,-1,30,0,0,0,0,0
45696,하이 캣 (칠 터치),0,2,100,0,0,-3,0,0,0,0,0,0,10,-1,18,0,0,0,0,0
45697,하이 라쿤 (데이지즈),0,2,100,0,0,-3,0,0,0,0,0,20,47,-1,18,0,0,0,0,0
45697,하이 라쿤 (위크 니스),1,2,100,0,0,-3,0,0,0,0,0,20,56,-1,18,0,0,0,0,0
45697,하이 라쿤 (슬로우),2,2,100,0,0,-6,0,0,0,0,0,20,29,-1,18,0,0,0,0,0
45701,분노한 고대인의 영혼 (라이트닝),0,2,40,0,0,-5,0,0,0,0,0,40,17,-1,0,0,0,0,0,0
45702,분노한 고대인의 영혼 (이 럽션),0,2,20,0,0,-6,0,0,0,0,0,14,45,-1,0,0,0,0,0,0
45703,분노한 고대인의 영혼 (파이어 볼),0,2,40,0,0,-6,0,0,0,0,0,40,25,-1,0,0,0,0,0,0
45704,분노한 고대인의 영혼 (에너지 볼트),0,2,40,0,0,-6,0,0,0,0,0,50,4,-1,0,0,0,0,0,0
45708,발록의 창조물 (화염 마법진),0,2,50,0,0,-2,0,0,0,0,0,0,10042,-1,0,0,0,0,0,0
45709,발록의 추종자 (종합 마술),0,2,20,0,0,-6,0,0,0,0,0,30,10024,-1,0,0,0,0,0,0
45709,발록의 추종자 (파이어 볼),1,2,20,0,0,-6,0,0,0,0,0,100,25,-1,0,0,0,0,0,0
45709,발록의 추종자 (물리 공격),2,1,100,0,0,-1,0,0,1,0,0,30,0,-1,0,0,0,0,0,0
45710,배틀 타이거 (원거리 마법),0,2,100,0,0,-6,0,0,1,0,0,0,10076,-1,0,0,0,0,0,0
45712,진돗개 (원거리 마법),0,2,100,0,0,-6,0,0,1,0,0,0,10077,-1,0,0,0,0,0,0
45720,익사 한 영혼 (2 셀 원거리 특수 공격),0,2,50,0,0,-2,0,0,0,0,0,0,10072,-1,0,0,0,0,0,0
45721,익사 한 영혼 (6 셀 원거리 마법 공격),0,2,30,0,0,6,0,0,0,0,0,0,10073,-1,0,0,0,0,0,0
45721,익사 한 영혼 (Freeze),1,2,30,0,0,3,0,0,0,0,0,20,10071,-1,0,0,0,0,0,0
45723,선박의 악령 (소환 : 배 악령의 소환물),0,3,5,0,0,-3,0,0,0,0,0,0,0,-1,0,45722,1,2,0,0
45727,심해의시 댄서 (10 셀 원거리 특수 공격),0,2,100,0,0,-10,0,0,0,0,0,18,10096,-1,0,0,0,0,0,0
45727,심해의시 댄서 (10 셀 토네이도),1,2,100,0,0,-10,0,0,0,0,0,20,10097,-1,0,0,0,0,0,0
45732,심해의 일 렉카 둠 (범위 특수 공격),0,1,80,0,0,-3,0,0,2,5,5,30,0,-1,18,0,0,0,0,0
45734,대왕 오징어 (종합 마술),0,2,30,0,0,-7,0,0,0,0,0,30,10075,-1,0,0,0,0,0,0
45736,레서 데몬 (화염 마법진),0,2,50,0,0,-2,0,0,0,0,0,0,10042,-1,0,0,0,0,0,0
45739,땅의 시버 (쇼크 스턴),0,2,15,0,0,-1,0,0,0,0,0,0,87,-1,0,0,0,0,0,0
45740,파도의 시버 인 (쇼크 스턴),0,2,15,0,0,-1,0,0,0,0,0,0,87,-1,0,0,0,0,0,0
45741,불의 시버 (쇼크 스턴),0,2,15,0,0,-1,0,0,0,0,0,0,87,-1,0,0,0,0,0,0
45742,바람의 시버 (쇼크 스턴),0,2,15,0,0,-1,0,0,0,0,0,0,87,-1,0,0,0,0,0,0
45743,모래 무덤 (물리 공격),0,1,30,0,0,-1,0,0,1,0,0,20,0,-1,18,0,0,0,0,0
45746,디앙 가스 (화염),0,2,20,0,0,-5,0,0,5,1,5,0,10067,-1,0,0,0,0,0,0
45747,앵거스 (불꽃),0,2,20,0,0,-5,0,0,5,1,5,0,10068,-1,0,0,0,0,0,0
45748,즈 (토네이도),0,2,20,0,0,-4,0,0,0,0,0,10,53,-1,0,0,0,0,0,0
45749,즈 (변신 후) (8 셀 원거리 특수 공격),0,2,100,0,0,-8,0,0,0,0,0,5,10065,-1,0,0,0,0,0,0
45750,파사 즈 (토네이도),0,2,20,0,0,-4,0,0,0,0,0,10,53,-1,0,0,0,0,0,0
45751,파사 즈 (변신 후) (8 셀 원거리 특수 공격),0,2,100,0,0,-8,0,0,0,0,0,5,10066,-1,0,0,0,0,0,0
45752,발록 (종합 마술),0,2,10,0,0,-4,0,0,0,0,0,20,10069,-1,0,0,0,0,0,0
45752,발록 (전체 범위 마법),1,2,10,0,0,-15,0,0,0,0,0,20,10070,-1,0,0,0,0,0,0
45752,발록 (쇼크 스턴),2,2,15,0,0,-1,0,0,0,0,0,0,87,-1,0,0,0,0,0,0
45753,발록 (변신 후) (종합 마술),0,2,30,0,0,-4,0,0,0,0,0,20,10069,-1,0,0,0,0,0,0
45753,발록 (변신 후) (전체 범위 마법),1,2,30,0,0,-15,0,0,0,0,0,20,10070,-1,0,0,0,0,0,0
45753,발록 (변신 후) (쇼크 스턴),2,2,15,0,0,-1,0,0,0,0,0,0,87,-1,0,0,0,0,0,0
45770,오염 된 오크 마법사 (파이어 볼),0,2,30,0,0,-6,0,0,0,0,0,20,25,-1,0,0,0,0,0,0
45771,오염 된 페어리 (콜 라이트닝),0,2,90,0,0,-8,0,0,0,0,0,0,34,-1,0,0,0,0,0,0
45772,오염 된 오크 투사 (소환 : 오염 된 오크 마법사),0,3,5,0,0,-3,0,0,0,0,0,0,0,-1,0,45770,1,3,0,0
45775,더러운 디프 꽃 (6 셀 원거리 공격),0,2,100,0,0,-6,0,0,6,0,0,0,10094,-1,0,0,0,0,0,0
45783,더러운 어둠의 대 정령 (뱀파이어 릭 터치),0,2,20,0,0,-3,0,0,0,0,0,0,28,-1,0,0,0,0,0,0
45783,더러운 어둠의 대 정령 (소환 : 더러운 어둠의 대 정령 소환물),1,3,5,0,0,-3,0,0,0,0,0,0,0,-1,0,45782,1,3,0,0
45784,더러운 빛의 대 정령 (콜 라이트닝),0,2,30,0,0,-8,0,0,0,0,0,20,34,-1,0,0,0,0,0,0
45785,더러운 땅의 대 정령 (원거리 마법),0,2,30,0,0,-8,0,0,0,0,0,20,10020,-1,0,0,0,0,0,0
45785,더러운 땅의 대 정령 (물리 공격),1,1,100,0,0,-2,0,0,2,0,0,30,0,-1,0,0,0,0,0,0
45786,더러운 불의 대 정령 (파이어 볼),0,2,30,0,0,-8,0,0,0,0,0,20,10021,-1,0,0,0,0,0,0
45786,더러운 불의 대 정령 (물리 공격),1,1,100,0,0,-2,0,0,2,0,0,30,0,-1,18,0,0,0,0,0
45787,더러운 바람의 대 정령 (토네이도),0,2,30,0,0,-4,0,0,0,0,0,50,53,-1,0,0,0,0,0,0
45787,더러운 바람의 대 정령 (물리 공격),1,1,100,0,0,-2,0,0,2,0,0,30,0,-1,0,0,0,0,0,0
45788,더러운 물의 대 정령 (원거리 마법),0,2,30,0,0,-8,0,0,0,0,0,20,10022,-1,0,0,0,0,0,0
45788,더러운 물의 대 정령 (물리 공격),1,1,100,0,0,-2,0,0,2,0,0,30,0,-1,0,0,0,0,0,0
45794,스피 리드의 소환물 (원거리 특수 공격),0,2,30,0,0,-6,0,0,0,0,0,0,10078,-1,0,0,0,0,0,0
45795,스피 리드 (원거리 특수 공격),0,2,30,0,0,-6,0,0,0,0,0,0,10079,-1,0,0,0,0,0,0
45795,스피 리드 (소환 : 스피 리드의 소환물),1,3,5,0,0,-3,0,0,0,0,0,0,0,-1,0,45794,1,3,0,0
45801,내 노 샤먼의 다이아 골렘 (디스),0,2,30,0,0,-10,0,0,0,0,0,30,77,-1,0,0,0,0,0,0
45802,내 노 셔먼 (콜 라이트닝),0,2,30,0,0,-10,0,0,0,0,0,100,34,-1,0,0,0,0,0,0
45802,내 노 셔먼 (라이트닝 스톰),1,2,30,0,0,-10,0,0,0,0,0,100,65,-1,0,0,0,0,0,0
45806,클럽 맨 (얼음 단검),0,2,30,0,0,-10,0,0,0,0,0,0,6,-1,0,0,0,0,0,0
45812,시 댄서 (10 셀 원거리 특수 공격),0,2,100,0,0,-10,0,0,10,0,0,0,10096,-1,0,0,0,0,0,0
45812,시 댄서 (10 셀 토네이도),1,2,100,0,0,-10,0,0,8,0,0,0,10097,-1,0,0,0,0,0,0
45823,크러스트 시안 (콘 오브 콜드),0,2,30,0,0,-8,0,0,0,0,0,0,38,-1,0,0,0,0,0,0
45828,도플 갱어 (블리자드),0,2,20,0,0,-15,0,0,0,0,0,0,59,-1,0,0,0,0,0,0
45828,도플 갱어 (파이어 스톰),1,2,20,0,0,-3,0,0,0,0,0,0,70,-1,0,0,0,0,0,0
45828,도플 갱어 (물리 공격),2,1,100,0,0,-1,0,0,1,0,0,30,0,-1,0,0,0,0,0,0
45829,바베이도스 (파이어 볼),0,2,30,0,0,-6,0,0,0,0,0,100,25,-1,0,0,0,0,0,0
45831,저주받은 다크 엘프 기사 (원거리 특수 공격),0,2,30,0,0,-6,0,0,0,0,0,5,10081,5722,0,0,0,0,0,0
45831,저주받은 다크 엘프 기사 (범위 특수 공격),1,2,30,0,0,-4,0,0,0,0,0,5,10082,5635,0,0,0,0,0,0
45832,저주받은 다크 엘프 기사 (원거리 특수 공격),0,2,30,0,0,-6,0,0,0,0,0,5,10081,5722,0,0,0,0,0,0
45832,저주받은 다크 엘프 기사 (범위 특수 공격),1,2,30,0,0,-4,0,0,0,0,0,5,10082,5635,0,0,0,0,0,0
45833,저주받은 다크 엘프 기사 (원거리 특수 공격),0,2,30,0,0,-6,0,0,0,0,0,5,10081,5722,0,0,0,0,0,0
45833,저주받은 다크 엘프 기사 (범위 특수 공격),1,2,30,0,0,-4,0,0,0,0,0,5,10082,5635,0,0,0,0,0,0
45834,저주받은 다크 엘프 기사 (원거리 특수 공격),0,2,30,0,0,-6,0,0,0,0,0,5,10081,5722,0,0,0,0,0,0
45834,저주받은 다크 엘프 기사 (범위 특수 공격),1,2,30,0,0,-4,0,0,0,0,0,5,10082,5635,0,0,0,0,0,0
45835,저주받은 다크 엘프 파이터 (쇼크 스턴),0,2,15,0,0,-1,0,0,0,0,0,0,87,-1,0,0,0,0,0,0
45836,블랙 타이거 (물리 공격),0,1,50,0,0,-2,0,0,2,0,0,0,0,-1,30,0,0,0,0,0
45837,라스타바드 조련사 (물리 공격),0,1,50,0,0,-2,0,0,2,0,0,2,0,-1,30,0,0,0,0,0
45839,저주받은 다크 엘프 기사 (원거리 특수 공격),0,2,30,0,0,-6,0,0,0,0,0,5,10081,5722,0,0,0,0,0,0
45839,저주받은 다크 엘프 기사 (범위 특수 공격),1,2,30,0,0,-4,0,0,0,0,0,5,10082,5635,0,0,0,0,0,0
45840,저주받은 다크 엘프 파이터 (쇼크 스턴),0,2,15,0,0,-1,0,0,0,0,0,0,87,-1,0,0,0,0,0,0
45842,저주받은 다크 엘프 기사 (원거리 특수 공격),0,2,30,0,0,-6,0,0,0,0,0,5,10081,5722,0,0,0,0,0,0
45842,저주받은 다크 엘프 기사 (범위 특수 공격),1,2,30,0,0,-4,0,0,0,0,0,5,10082,5635,0,0,0,0,0,0
45843,저주받은 다크 엘프 파이터 (쇼크 스턴),0,2,15,0,0,-1,0,0,0,0,0,0,87,-1,0,0,0,0,0,0
45845,다크 엘리멘탈리스트 (3 셀 범위 마법),0,2,100,0,0,-3,4,0,3,0,0,0,10091,-1,0,0,0,0,0,0
45847,저주받은 다크 엘프 마법사 (물리 공격),0,1,30,0,0,-1,0,0,1,0,0,5,0,-1,1,0,0,0,0,0
45847,저주받은 다크 엘프 마법사 (물리 공격),1,1,30,0,0,-1,0,0,1,0,0,5,0,-1,30,0,0,0,0,0
45847,저주받은 다크 엘프 마법사 (단체 마법),2,2,30,0,0,-1,0,0,0,0,0,5,10085,-1,0,0,0,0,0,0
45849,저주받은 다크 엘프 파이터 (쇼크 스턴),0,2,15,0,0,-1,0,0,0,0,0,0,87,-1,0,0,0,0,0,0
45850,어둠 숲지기 (6 셀 원거리 공격),0,2,100,0,0,-6,5,0,6,0,0,0,10093,-1,0,0,0,0,0,0
45851,어둠 숲지기 (6 셀 원거리 공격),0,2,100,0,0,-6,5,0,6,0,0,0,10093,-1,0,0,0,0,0,0
45852,다크 엘리멘탈리스트 (3 셀 범위 마법),0,2,100,0,0,-3,4,0,3,0,0,0,10091,-1,0,0,0,0,0,0
45853,저주받은 다크 엘프 마법사 (물리 공격),0,1,30,0,0,-1,0,0,1,0,0,5,0,-1,1,0,0,0,0,0
45853,저주받은 다크 엘프 마법사 (물리 공격),1,1,30,0,0,-1,0,0,1,0,0,5,0,-1,30,0,0,0,0,0
45853,저주받은 다크 엘프 마법사 (단체 마법),2,2,30,0,0,-1,0,0,0,0,0,5,10085,-1,0,0,0,0,0,0
45859,저주받은 다크 엘프 마법사 (물리 공격),0,1,30,0,0,-1,0,0,1,0,0,5,0,-1,1,0,0,0,0,0
45859,저주받은 다크 엘프 마법사 (물리 공격),1,1,30,0,0,-1,0,0,1,0,0,5,0,-1,30,0,0,0,0,0
45859,저주받은 다크 엘프 마법사 (단체 마법),2,2,30,0,0,-1,0,0,0,0,0,5,10085,-1,0,0,0,0,0,0
45860,저주받은 다크 엘프 마법사 (물리 공격),0,1,30,0,0,-1,0,0,1,0,0,5,0,-1,1,0,0,0,0,0
45860,저주받은 다크 엘프 마법사 (물리 공격),1,1,30,0,0,-1,0,0,1,0,0,5,0,-1,30,0,0,0,0,0
45860,저주받은 다크 엘프 마법사 (단체 마법),2,2,30,0,0,-1,0,0,0,0,0,5,10085,-1,0,0,0,0,0,0
45861,저주받은 다크 엘프 파이터 (쇼크 스턴),0,2,15,0,0,-1,0,0,0,0,0,0,87,-1,0,0,0,0,0,0
45862,저주받은 다크 엘프 파이터 (쇼크 스턴),0,2,15,0,0,-1,0,0,0,0,0,0,87,-1,0,0,0,0,0,0
45863,마령 군왕 라이아 (아이스이 럽션),0,2,30,0,0,-9,0,0,0,0,0,30,10035,-1,0,0,0,0,0,0
45863,마령 군왕 라이아 (강제 변신 : 오크),1,4,5,0,0,-9,0,0,0,0,0,0,0,-1,0,0,0,0,3906,0
45863,마령 군왕 라이아 (그레이터 힐),2,2,80,0,90,-15,0,1,0,0,0,100,35,-1,0,0,0,0,0,0
45864,저주받은 다크 엘프 마법사 (물리 공격),0,1,30,0,0,-1,0,0,1,0,0,5,0,-1,1,0,0,0,0,0
45864,저주받은 다크 엘프 마법사 (물리 공격),1,1,30,0,0,-1,0,0,1,0,0,5,0,-1,30,0,0,0,0,0
45864,저주받은 다크 엘프 마법사 (단체 마법),2,2,30,0,0,-1,0,0,0,0,0,5,10085,-1,0,0,0,0,0,0
45865,저주받은 다크 엘프 기사 (원거리 특수 공격),0,2,30,0,0,-6,0,0,0,0,0,5,10081,5722,0,0,0,0,0,0
45865,저주받은 다크 엘프 기사 (범위 특수 공격),1,2,30,0,0,-4,0,0,0,0,0,5,10082,5635,0,0,0,0,0,0
45866,저주받은 다크 엘프 기사 (원거리 특수 공격),0,2,30,0,0,-6,0,0,0,0,0,5,10081,5722,0,0,0,0,0,0
45866,저주받은 다크 엘프 기사 (범위 특수 공격),1,2,30,0,0,-4,0,0,0,0,0,5,10082,5635,0,0,0,0,0,0
45867,저주받은 다크 엘프 파이터 (쇼크 스턴),0,2,15,0,0,-1,0,0,0,0,0,0,87,-1,0,0,0,0,0,0
45869,저주받은 다크 엘프 마법사 (물리 공격),0,1,30,0,0,-1,0,0,1,0,0,5,0,-1,1,0,0,0,0,0
45869,저주받은 다크 엘프 마법사 (물리 공격),1,1,30,0,0,-1,0,0,1,0,0,5,0,-1,30,0,0,0,0,0
45869,저주받은 다크 엘프 마법사 (단체 마법),2,2,30,0,0,-1,0,0,0,0,0,5,10085,-1,0,0,0,0,0,0
45870,저주받은 다크 엘프 기사 (원거리 특수 공격),0,2,30,0,0,-6,0,0,0,0,0,5,10081,5722,0,0,0,0,0,0
45870,저주받은 다크 엘프 기사 (범위 특수 공격),1,2,30,0,0,-4,0,0,0,0,0,5,10082,5635,0,0,0,0,0,0
45871,저주받은 다크 엘프 기사 (원거리 특수 공격),0,2,30,0,0,-6,0,0,0,0,0,5,10081,5722,0,0,0,0,0,0
45871,저주받은 다크 엘프 기사 (범위 특수 공격),1,2,30,0,0,-4,0,0,0,0,0,5,10082,5635,0,0,0,0,0,0
45874,용감한 리자드 맨 (힐),0,2,30,0,50,-15,0,1,0,0,0,0,1,-1,0,0,0,0,0,0
45874,용감한 리자드 맨 (6 셀 특수 공격),1,2,30,0,0,6,0,0,0,0,0,0,10080,-1,0,0,0,0,0,0
45899,다크 엘프 패잔병 (콘 오브 콜드),0,2,80,0,0,-8,0,0,0,0,0,15,38,-1,0,0,0,0,0,0
45906,다크 엘프 패잔병 (콘 오브 콜드),0,2,80,0,0,-8,0,0,0,0,0,15,38,-1,0,0,0,0,0,0
45907,다크 엘리멘탈리스트 (3 셀 범위 마법),0,2,100,0,0,-3,4,0,3,0,0,0,10091,-1,0,0,0,0,0,0
45907,다크 엘리멘탈리스트 (소환 : 다크 엘리멘탈),1,3,5,0,0,-3,1,0,3,0,0,0,0,-1,0,45911,1,2,0,0
45926,저주받은 비홀더 (커스 패럴 라이즈),0,2,50,0,0,-2,0,0,0,0,0,0,10101,-1,18,0,0,0,0,0
45931,물의 정령 (아이스 단검),0,2,30,0,0,-10,0,0,0,0,0,30,6,-1,0,0,0,0,0,0
45931,물의 정령 (소환 : 물의 정령 소환물),1,3,50,0,0,-2,0,0,0,0,0,0,0,-1,0,45932,2,2,0,0
45935,저주받은 메두사 (커스 패럴 라이즈),0,2,50,0,0,-2,0,0,0,0,0,0,10101,-1,18,0,0,0,0,0
45936,에바시 댄서 (10 셀 원거리 특수 공격),0,2,100,0,0,-10,0,0,10,0,0,0,10096,-1,0,0,0,0,0,0
45936,에바시 댄서 (10 셀 토네이도),1,2,100,0,0,-10,0,0,8,0,0,0,10097,-1,0,0,0,0,0,0
45938,에바 일 렉카 둠 (범위 특수 공격),0,1,80,0,0,-3,0,0,2,5,5,20,0,-1,18,0,0,0,0,0
45941,저주받은 무녀 사엘 (범위 마법),0,2,50,0,0,-1,0,0,1,0,0,10,10100,-1,0,0,0,0,0,0
45942,저주받은 물의 대 정령 (콘 오브 콜드),0,2,60,0,0,-6,0,0,0,0,0,0,38,-1,0,0,0,0,0,0
45943,카프 (이 럽션),0,2,50,0,0,-8,0,0,0,0,0,0,10098,-1,0,0,0,0,0,0
45944,자이언트 웜 (특수 범위 공격 1),0,1,50,0,0,-2,0,0,1,7,7,60,0,5792,1,0,0,0,0,0
45944,자이언트 웜 (특수 범위 공격 2),1,2,50,0,0,-2,0,0,0,0,0,50,10099,-1,1,0,0,0,0,0
45945,자이언트 웜 (특수 범위 공격 3),2,1,100,1,0,-1,0,0,1,7,7,300,0,5793,0,0,0,0,0,0
45952,거대 수호 개미 (어스 퀘이크),0,2,30,0,0,-15,0,0,0,0,0,5,10090,-1,0,0,0,0,0,0
45952,거대 수호 개미 (물리 공격),1,1,100,0,0,-3,0,0,3,0,0,15,0,-1,30,0,0,0,0,0
45955,대법관 케이 (8 셀 원거리 특수 공격),0,2,60,0,0,-8,0,0,0,0,0,0,10113,-1,0,0,0,0,0,0
45955,대법관 케이 (5 셀 범위 특수 공격),1,2,15,0,0,-5,0,0,0,0,0,0,10117,-1,0,0,0,0,0,0
45955,대법관 케이 (물리 공격),2,1,100,0,0,-2,0,0,2,0,0,20,0,-1,1,0,0,0,0,0
45956,대법관 비아 타스 (5 셀 범위 특수 공격),0,2,15,0,0,-5,0,0,0,0,0,0,10116,-1,0,0,0,0,0,0
45956,대법관 비아 타스 (물리 공격),1,1,100,0,0,-2,0,0,2,0,0,20,0,5367,1,0,0,0,0,0
45957,대법관 바로 메스 (5 셀 범위 특수 공격),0,2,10,0,0,-5,0,0,0,0,0,7,10109,-1,0,0,0,0,0,0
45957,대법관 바로 메스 (7 셀 범위 특수 공격),1,2,10,0,0,-7,0,0,0,0,0,8,10115,-1,0,0,0,0,0,0
45957,대법관 바로 메스 (물리 공격),2,1,100,0,0,-1,0,0,0,0,0,20,0,5480,1,0,0,0,0,0
45958,대법관 엔디 아스 (5 셀 범위 특수 공격),0,2,15,0,0,-5,0,0,0,0,0,0,10114,-1,0,0,0,0,0,0
45958,대법관 엔디 아스 (물리 공격),1,1,100,0,0,-8,0,0,8,0,0,20,0,-1,1,0,0,0,0,0
45959,대법관 이데아 (8 셀 원거리 특수 공격),0,2,60,0,0,-8,0,0,0,0,0,0,10113,-1,0,0,0,0,0,0
45959,대법관 이데아 (물리 공격),1,1,100,0,0,-2,0,0,2,0,0,30,0,-1,1,0,0,0,0,0
45960,대법관 티아 메스 (8 셀 원거리 특수 공격),0,2,60,0,0,-8,0,0,0,0,0,0,10111,-1,0,0,0,0,0,0
45960,대법관 티아 메스 (다크 미티어 스트라이크),1,2,15,0,0,-15,0,0,0,0,0,30,10112,-1,0,0,0,0,0,0
45960,대법관 티아 메스 (물리 공격),2,1,100,0,0,-1,0,0,1,0,0,30,0,-1,1,0,0,0,0,0
45961,대법관 라미 아스 (5 셀 범위 특수 공격),0,2,30,0,0,-5,0,0,0,0,0,0,10110,-1,0,0,0,0,0,0
45961,대법관 라미 아스 (소환 : 블랙 타이거),1,3,20,50,0,-3,10,0,0,0,0,0,0,-1,0,45483,1,1,0,0
45961,대법관 라미 아스 (소환 : 헬 하운드),2,3,20,50,0,-3,10,0,0,0,0,0,0,-1,0,45512,1,1,0,0
45961,대법관 라미 아스 (물리 공격),3,1,100,0,0,-1,0,0,1,0,0,30,0,-1,1,0,0,0,0,0
45962,대법관 바로 드 (8 셀 원거리 특수 공격),0,2,60,0,0,-8,0,0,0,0,0,0,10108,-1,0,0,0,0,0,0
45962,대법관 바로 드 (5 셀 범위 특수 공격),1,2,10,0,0,-5,0,0,0,0,0,0,10109,-1,0,0,0,0,0,0
45962,대법관 바로 드 (물리 공격),2,1,100,0,0,-1,0,0,1,0,0,20,0,-1,1,0,0,0,0,0
45963,부제 사장 카산드라 (8 셀 원거리 특수 공격),0,2,80,0,0,-8,0,0,0,0,0,12,10104,-1,0,0,0,0,0,0
45978,딥 플라워 (6 셀 원거리 공격),0,2,100,0,0,-6,0,0,6,0,0,0,10094,-1,0,0,0,0,0,0
45980,라스타바드 조련사 (물리 공격),0,1,50,0,0,-2,0,0,2,0,0,2,0,-1,30,0,0,0,0,0
45982,어둠 숲지기 (6 셀 원거리 공격),0,2,100,0,0,-6,5,0,6,0,0,0,10093,-1,0,0,0,0,0,0
45991,다크 엘리멘탈리스트 (3 셀 범위 마법),0,2,100,0,0,-3,4,0,3,0,0,0,10091,-1,0,0,0,0,0,0
45994,장로 수행원 (A) (8 셀 원거리 특수 공격),0,2,80,0,0,-8,0,0,0,0,0,0,10102,-1,0,0,0,0,0,0
45995,장로 수행원 (B) (8 셀 원거리 특수 공격),0,2,80,0,0,-8,0,0,0,0,0,0,10103,-1,0,0,0,0,0,0
45998,장로 수행원 (C) (8 셀 원거리 특수 공격),0,2,80,0,0,-8,0,0,0,0,0,0,10102,-1,0,0,0,0,0,0
45999,장로 수행원 (D) (8 셀 원거리 특수 공격),0,2,80,0,0,-8,0,0,0,0,0,11,10103,-1,0,0,0,0,0,0
46002,장로 수행원 (E) (8 셀 원거리 특수 공격),0,2,80,0,0,-8,0,0,0,0,0,9,10102,-1,0,0,0,0,0,0
46003,장로 수행원 (F) (8 셀 원거리 특수 공격),0,2,80,0,0,-8,0,0,0,0,0,0,10103,-1,0,0,0,0,0,0
46004,장로 수행원 (G) (8 셀 원거리 특수 공격),0,2,80,0,0,-8,0,0,0,0,0,11,10103,-1,0,0,0,0,0,0
46007,장로 수행원 (H) (8 셀 원거리 특수 공격),0,2,80,0,0,-8,0,0,0,0,0,0,10103,-1,0,0,0,0,0,0
46018,블랙 위자드 (원거리 마법 1),0,2,80,0,0,0,0,0,0,0,0,10,10044,-1,0,0,0,0,0,0
46018,블랙 위자드 (원거리 마법 2),1,2,50,0,0,0,0,0,0,0,0,10,10092,-1,0,0,0,0,0,0
46021,그리 디 마법사 (파이어 볼),0,2,30,0,0,-6,0,0,0,0,0,20,25,-1,0,0,0,0,0,0
46021,그리 디 마법사 (파이어 스톰),1,2,20,0,0,-3,0,0,0,0,0,25,70,-1,0,0,0,0,0,0
46025,타로스 백작 (범위 특수 공격),0,1,50,0,0,-4,0,0,1,0,0,50,0,4853,0,0,0,0,0,0
46025,타로스 백작 (범위 특수 공격),1,1,50,0,0,-6,0,0,1,0,0,50,0,4858,0,0,0,0,0,0
46026,마몬 (범위 특수 공격),0,1,30,0,0,-6,0,0,1,0,0,100,0,4792,0,0,0,0,0,0
46026,마몬 (범위 특수 공격),1,1,50,0,0,-4,0,0,1,0,0,50,0,4795,0,0,0,0,0,0
46033,많은 좀비 마법사 (콘 오브 콜드),0,2,70,0,0,-8,0,0,0,0,0,10,38,-1,0,0,0,0,0,0
46033,많은 좀비 마법사 (매스 슬로우),1,2,10,0,0,-3,0,0,0,0,0,0,76,-1,0,0,0,0,0,0
46034,많은 좀비 제너럴 (이 럽션),0,2,20,0,0,-6,0,0,0,0,0,10,45,-1,0,0,0,0,0,0
46035,많은 좀비로드 (범위 특수 공격),0,2,20,0,0,-6,0,0,0,0,0,20,10000,-1,0,0,0,0,0,0
46036,부패한 해골 나이트 (원거리 특수 공격),0,2,20,0,0,-6,0,0,0,0,0,70,7,-1,0,0,0,0,0,0
46036,부패한 해골 나이트 (범위 특수 공격),1,1,20,0,0,-4,0,0,1,0,0,20,0,3680,0,0,0,0,0,0
46037,검은 마술사 마야 (파이어 볼),0,2,30,0,0,-6,0,0,0,0,0,100,25,-1,0,0,0,0,0,0
46037,검은 마술사 마야 (범위 특수 공격),1,1,50,0,0,-4,0,0,1,0,0,80,0,5215,0,0,0,0,0,0
46037,검은 마술사 마야 (범위 특수 공격),2,1,50,0,0,-6,0,0,1,0,0,80,0,5216,0,0,0,0,0,0
46037,검은 마술사 마야 (소환 : 마야의 소환물),3,3,20,0,0,-3,1,0,0,0,0,0,0,-1,0,46038,1,1,0,0
46037,검은 마술사 마야 (소환 : 마야의 소환물),4,3,20,0,0,-3,1,0,0,0,0,0,0,-1,0,46039,1,1,0,0
46037,검은 마술사 마야 (소환 : 마야의 소환물),5,3,20,0,0,-3,1,0,0,0,0,0,0,-1,0,46040,1,1,0,0
46042,아기 캥거루 (불꽃 펀치),0,2,50,0,0,-1,0,0,1,0,0,0,15,6327,18,0,0,0,0,0
46043,버닝 캥거루 (불꽃 펀치),0,2,50,0,0,-1,0,0,1,0,0,0,15,6324,18,0,0,0,0,0
46044,아기 팬더 (AC 다운),0,2,50,0,0,-6,0,0,6,0,0,0,47,6317,18,0,0,0,0,0
46045,피아노 팬더 (AC 다운),0,2,50,0,0,-6,0,0,6,0,0,0,47,6317,18,0,0,0,0,0
46046,골드 드래곤 (근거리 마법),0,2,50,0,0,-2,0,0,0,0,0,0,10162,-1,0,0,0,0,0,0
46046,골드 드래곤 (원거리 마법),1,2,50,0,0,-6,0,0,0,0,0,0,10163,-1,0,0,0,0,0,0
46053,선박의 악령 (소환 : 배 악령의 소환물),0,3,5,0,0,-3,0,0,0,0,0,0,0,-1,0,45722,1,2,0,0
46062,저주받은 다크 엘프 파이터 (쇼크 스턴),0,2,15,0,0,-1,0,0,0,0,0,0,87,-1,0,0,0,0,0,0
46062,저주받은 다크 엘프 파이터 (6 셀 원거리 특수 공격),1,2,60,0,0,-6,0,0,0,0,0,0,10119,-1,0,0,0,0,0,0
46063,저주받은 다크 엘프 마법사 (10 셀 원거리 특수 공격),0,2,60,0,0,-10,0,0,0,0,0,0,10120,-1,0,0,0,0,0,0
46064,저주받은 다크 엘프 기사 (6 셀 원거리 특수 공격),0,2,15,0,0,-6,0,0,0,0,0,0,10121,-1,0,0,0,0,0,0
46064,저주받은 다크 엘프 기사 (7 셀 범위 특수 공격),1,2,15,0,0,-7,0,0,0,0,0,0,10122,-1,0,0,0,0,0,0
46064,저주받은 다크 엘프 기사 (4 셀 범위 공격),2,2,15,0,0,-4,0,0,0,0,0,0,10123,-1,0,0,0,0,0,0
46065,오튜 (8 셀 원거리 특수 공격),0,2,60,0,0,-8,0,0,0,0,0,0,10124,-1,0,0,0,0,0,0
46066,튜폰 (5 셀 범위 특수 공격),0,2,30,0,0,-5,0,0,0,0,0,0,10125,-1,0,0,0,0,0,0
46067,와이번 (토네이도),0,2,30,0,0,-4,0,0,0,0,0,20,53,-1,0,0,0,0,0,0
46069,선택받지 못한 자 (모래 무덤) (물리 공격),0,1,30,0,0,-1,0,0,1,0,0,10,0,-1,18,0,0,0,0,0
46070,선택받지 못한 자 (파즈) (토네이도),0,2,20,0,0,-4,0,0,0,0,0,5,53,-1,0,0,0,0,0,0
46071,선택받지 못한 자 (파즈) (변신 후) (8 셀 원거리 특수 공격),0,2,100,0,0,-8,0,0,0,0,0,2,10065,-1,0,0,0,0,0,0
46072,선택받지 못한 자 (파사 즈) (토네이도),0,2,20,0,0,-4,0,0,0,0,0,5,53,-1,0,0,0,0,0,0
46073,선택받지 못한 자 (파사 즈) (변신 후) (8 셀 원거리 특수 공격),0,2,100,0,0,-8,0,0,0,0,0,2,10066,-1,0,0,0,0,0,0
46078,선택받지 못한 자 (디앙 가스) (불꽃),0,2,20,0,0,-5,0,0,5,1,5,0,10067,-1,0,0,0,0,0,0
46079,선택받지 못한 자 (앵거스) (불꽃),0,2,20,0,0,-5,0,0,5,1,5,0,10068,-1,0,0,0,0,0,0
46082,순찰병 1 (레서 데몬) (화염 마법진),0,2,50,0,0,-2,0,0,0,0,0,0,10042,-1,0,0,0,0,0,0
46082,순찰병 1 (레서 데몬) (물리 공격),1,1,100,0,0,-1,0,0,1,0,0,10,0,-1,0,0,0,0,0,0
46083,순찰병 2 (레서 데몬) (화염 마법진),0,2,50,0,0,-2,0,0,0,0,0,0,10042,-1,0,0,0,0,0,0
46083,순찰병 2 (레서 데몬) (물리 공격),1,1,100,0,0,-1,0,0,1,0,0,10,0,-1,0,0,0,0,0,0
46084,순찰병 3 (레서 데몬) (화염 마법진),0,2,50,0,0,-2,0,0,0,0,0,0,10042,-1,0,0,0,0,0,0
46084,순찰병 3 (레서 데몬) (물리 공격),1,1,100,0,0,-1,0,0,1,0,0,10,0,-1,0,0,0,0,0,0
46085,순찰병 4 (레서 데몬) (화염 마법진),0,2,50,0,0,-2,0,0,0,0,0,0,10042,-1,0,0,0,0,0,0
46085,순찰병 4 (레서 데몬) (물리 공격),1,1,100,0,0,-1,0,0,1,0,0,10,0,-1,0,0,0,0,0,0
46086,순찰병 5 (레서 데몬) (화염 마법진),0,2,50,0,0,-2,0,0,0,0,0,0,10042,-1,0,0,0,0,0,0
46086,순찰병 5 (레서 데몬) (물리 공격),1,1,100,0,0,-1,0,0,1,0,0,10,0,-1,0,0,0,0,0,0
46087,순찰병 6 (레서 데몬) (화염 마법진),0,2,50,0,0,-2,0,0,0,0,0,0,10042,-1,0,0,0,0,0,0
46087,순찰병 6 (레서 데몬) (물리 공격),1,1,100,0,0,-1,0,0,1,0,0,10,0,-1,0,0,0,0,0,0
46088,순찰병 7 (레서 데몬) (화염 마법진),0,2,50,0,0,-2,0,0,0,0,0,0,10042,-1,0,0,0,0,0,0
46088,순찰병 7 (레서 데몬) (물리 공격),1,1,100,0,0,-1,0,0,1,0,0,10,0,-1,0,0,0,0,0,0
46089,순찰병 8 (레서 데몬) (화염 마법진),0,2,50,0,0,-2,0,0,0,0,0,0,10042,-1,0,0,0,0,0,0
46089,순찰병 8 (레서 데몬) (물리 공격),1,1,100,0,0,-1,0,0,1,0,0,10,0,-1,0,0,0,0,0,0
46090,순찰병 9 (레서 데몬) (화염 마법진),0,2,50,0,0,-2,0,0,0,0,0,0,10042,-1,0,0,0,0,0,0
46090,순찰병 9 (레서 데몬) (물리 공격),1,1,100,0,0,-1,0,0,1,0,0,10,0,-1,0,0,0,0,0,0
46091,보초병 (레서 데몬) (화염 마법진),0,2,50,0,0,-2,0,0,0,0,0,0,10042,-1,0,0,0,0,0,0
46091,보초병 (레서 데몬) (물리 공격),1,1,100,0,0,-1,0,0,1,0,0,10,0,-1,0,0,0,0,0,0
46093,선택받지 못한 자 (데몬) (단체 마법),0,2,100,0,0,2,0,0,0,0,0,0,10060,-1,0,0,0,0,0,0
46094,선택받지 못한 자 (바포메트) (단체 마법),0,2,100,0,0,3,0,0,0,0,0,10,45,-1,0,0,0,0,0,0
46095,선택받지 못한 자 (베레스) (단체 마법),0,2,100,0,0,3,0,0,0,0,0,0,10059,-1,0,0,0,0,0,0
46096,선택받지 못한 자 (서큐버스) (Recall),0,2,20,0,0,5,0,0,0,0,0,0,10057,-1,0,0,0,0,0,0
46096,선택받지 못한 자 (서큐버스) (단체 마법),1,2,100,0,0,2,0,0,0,0,0,0,10058,-1,0,0,0,0,0,0
46111,테베카루비스 (물리 공격),0,1,30,0,0,-1,0,0,1,0,0,15,0,-1,30,0,0,0,0,0
46112,테베카루비스 (물리 공격),0,1,10,0,0,-1,0,0,1,0,0,15,0,-1,30,0,0,0,0,0
46113,테베 오벨리스크 (토네이도),0,2,10,0,0,-4,0,0,0,0,0,20,10131,-1,0,0,0,0,0,0
46113,테베 오벨리스크 (물리 공격),1,1,30,0,0,-1,0,0,1,0,0,15,0,-1,1,0,0,0,0,0
46114,테베 오벨리스크 (토네이도),0,2,10,0,0,-4,0,0,0,0,0,20,10131,-1,0,0,0,0,0,0
46114,테베 오벨리스크 (물리 공격),1,1,30,0,0,-1,0,0,1,0,0,15,0,-1,1,0,0,0,0,0
46115,테베 스핑크스 (물리 공격),0,1,30,0,0,-1,0,0,1,0,0,15,0,-1,30,0,0,0,0,0
46115,테베 스핑크스 (범위 마법),1,2,15,0,0,-2,0,0,0,0,0,10,10132,-1,3,0,0,0,0,0
46116,테베 스핑크스 (물리 공격),0,1,30,0,0,-1,0,0,1,0,0,15,0,-1,30,0,0,0,0,0
46116,테베 스핑크스 (범위 마법),1,2,15,0,0,-2,0,0,0,0,0,10,10132,-1,0,0,0,0,0,0
46117,테베니호스 황 (6 셀 원거리 특수 공격),0,2,20,0,0,-6,0,0,0,0,0,12,10137,-1,0,0,0,0,0,0
46118,테베니호스 파랑 (6 셀 원거리 특수 공격),0,2,20,0,0,-6,0,0,0,0,0,12,10137,-1,0,0,0,0,0,0
46119,테베니아무스 검정 (물리 공격),0,1,10,0,0,-2,0,0,2,0,0,5,0,-1,30,0,0,0,0,0
46120,테베니아무스 빨강 (물리 공격),0,1,10,0,0,-2,0,0,2,0,0,5,0,-1,30,0,0,0,0,0
46121,테베니바스 황 (라이트닝 스톰),0,2,30,0,0,-10,0,0,0,0,0,20,65,-1,0,0,0,0,0,0
46121,테베니아무스 황 (물리 공격),1,1,20,0,0,-1,0,0,1,0,0,5,0,-1,30,0,0,0,0,0
46122,테베니바스 보라색 (라이트닝 스톰),0,2,30,0,0,-10,0,0,0,0,0,20,65,-1,0,0,0,0,0,0
46122,테베니아무스 보라색 (물리 공격),1,1,20,0,0,-1,0,0,1,0,0,5,0,-1,30,0,0,0,0,0
46123,테베 호루스 (6 셀 원거리 특수 공격),0,2,25,0,0,-6,0,0,0,0,0,6,10138,-1,0,0,0,0,0,0
46123,테베 호루스 (4 셀 특수 공격),1,2,10,0,0,-4,0,0,0,0,0,8,10140,-1,0,0,0,0,0,0
46123,테베 호루스 (물리 공격),2,1,20,0,0,-1,0,0,1,0,2,10,0,-1,30,0,0,0,0,0
46123,테베 호루스 (소환 : 테베니호스 파랑),3,3,10,0,0,-3,3,0,0,0,0,0,0,-1,18,46118,2,2,0,0
46124,테베 아누비스 (6 셀 원거리 특수 공격),0,2,25,0,0,-6,0,0,0,0,0,6,10139,-1,0,0,0,0,0,0
46124,테베 아누비스 (4 셀 특수 공격),1,2,10,0,0,-4,0,0,0,0,0,8,10141,-1,0,0,0,0,0,0
46124,테베 아누비스 (물리 공격),2,1,10,0,0,-1,0,0,1,0,2,10,0,-1,30,0,0,0,0,0
46124,테베 아누비스 (소환 : 테베니아무스 빨강),3,3,10,0,0,-3,3,0,0,0,0,0,0,-1,18,46120,2,2,0,0
46124,테베 아누비스 (소환 : 테베니바스 보라색),4,3,10,0,0,-3,3,0,0,0,0,0,0,-1,18,46122,2,2,0,0
46141,얼음 여왕 (프리 징 블리자드),0,2,33,0,0,-10,0,0,0,0,0,20,80,-1,19,0,0,0,0,0
46141,얼음 여왕 (디스),1,2,33,0,0,-10,0,0,0,0,0,35,77,-1,19,0,0,0,0,0
46141,얼음 여왕 (콘 오브 콜드),2,2,33,0,0,-6,0,0,0,0,0,40,38,-1,18,0,0,0,0,0
46141,얼음 여왕 (물리 공격),3,1,33,0,0,-1,0,0,1,0,0,40,0,-1,1,0,0,0,0,0
46142,아이스 데몬 (아이스이 럽션),0,2,0,0,0,-6,0,0,0,0,0,40,10035,-1,18,0,0,0,0,0
46142,아이스 데몬 (토네이도),1,2,0,0,0,-4,0,0,0,0,0,40,53,-1,19,0,0,0,0,0
46142,아이스 데몬 (라이트닝 스톰),2,2,0,0,0,-10,0,0,0,0,0,40,65,-1,19,0,0,0,0,0
46142,아이스 데몬 (쇼크 스턴),3,2,0,0,0,-1,0,0,0,0,0,0,87,-1,30,0,0,0,0,0
46142,아이스 데몬 (물리 공격),4,1,0,0,0,-1,0,0,1,0,0,50,0,-1,1,0,0,0,0,0
46156,서큐버스 퀸 UB 보스 (단체 마법),0,2,100,0,0,-6,0,0,0,0,0,35,10031,-1,0,0,0,0,0,0
46156,서큐버스 퀸 UB 보스 (물리 공격),1,1,0,0,0,-1,0,0,1,0,0,100,0,-1,1,0,0,0,0,0
46177,엘더 (콜 라이트닝),0,2,30,0,0,-5,0,0,5,0,0,0,17,-1,18,0,0,0,0,0
46179,라미아 녹색 (Freeze),0,2,10,0,0,-3,0,0,0,0,0,15,10071,-1,0,0,0,0,0,0
46180,라미아 파랑 (Freeze),0,2,10,0,0,-3,0,0,0,0,0,15,10071,-1,0,0,0,0,0,0
46181,흑 장로 (토네이도),0,2,20,0,0,-4,0,0,0,0,0,20,53,-1,0,0,0,0,0,0
46181,흑 장로 (원거리 마법),1,2,50,0,0,-8,0,0,0,0,0,0,10061,-1,0,0,0,0,0,0
46182,블랙 위자드 (파이어 볼),0,2,30,0,0,-5,0,0,5,0,0,0,25,-1,18,0,0,0,0,0
46182,블랙 위자드 (소환),1,3,5,0,0,0,3,0,0,0,0,0,0,-1,18,46038,1,2,0,0
46182,블랙 위자드 (소환 : 마야의 소환물),2,3,20,0,0,-3,1,0,0,0,0,0,0,-1,0,46039,1,1,0,0
46182,블랙 위자드 (소환 : 마야의 소환물),3,3,20,0,0,-3,1,0,0,0,0,0,0,-1,0,46040,1,1,0,0
46183,데스 (윈드 셰클),0,2,30,0,0,-1,0,0,1,0,0,0,167,-1,0,0,0,0,0,0
46187,베레스의 분신 (파이어 볼),0,2,20,0,0,-6,0,0,0,0,0,70,25,-1,0,0,0,0,0,0
46187,베레스의 분신 (물리 공격),1,1,100,0,0,-1,0,0,1,0,0,30,0,-1,0,0,0,0,0,0
46187,베레스의 분신 (소환 : 해골),2,3,5,0,0,-3,0,0,0,0,0,0,0,-1,0,81088,5,5,0,0
46188,발록의 추종자 (6 셀 공격),0,2,80,0,0,-6,0,0,6,0,0,0,0,1160,18,0,0,0,0,0
46189,레서 데몬 (화염 마법진),0,2,50,0,0,-2,0,0,0,0,0,0,10042,-1,0,0,0,0,0,0
46189,레서 데몬 (물리 공격),1,1,100,0,0,-1,0,0,1,0,0,20,0,-1,0,0,0,0,0,0
46189,레서 데몬 (디지 즈),2,2,20,0,0,-1,0,0,1,0,0,0,56,-1,19,0,0,0,0,0
46190,바포메트 (이 럽션),0,2,20,0,0,-6,0,0,0,0,0,20,45,-1,0,0,0,0,0,0
46190,바포메트의 분신 (소환 : 해골),1,3,5,0,0,-3,0,0,0,0,0,0,0,-1,0,91266,5,5,0,0
46192,파사 즈 (토네이도),0,2,20,0,0,-4,0,0,0,0,0,10,53,-1,0,0,0,0,0,0
46193,파사 즈 (변신 후) (8 셀 원거리 특수 공격),0,2,100,0,0,-8,0,0,0,0,0,5,10066,-1,0,0,0,0,0,0
46194,발록의 분신 (어스 퀘이크),0,2,50,0,0,-6,0,0,0,0,0,25,10056,-1,0,0,0,0,0,0
46195,데몬의 분신 (종합 마술),0,2,30,0,0,-6,0,0,0,0,0,20,10038,-1,0,0,0,0,0,0
46195,데몬의 분신 (캔슬 레이션),1,2,10,0,0,-6,0,0,0,0,0,0,44,-1,0,0,0,0,0,0
46195,데몬의 분신 (파이어 볼),2,2,30,0,0,-6,0,0,0,0,0,100,25,-1,0,0,0,0,0,0
46195,데몬의 분신 (물리 공격),3,1,100,0,0,-3,0,0,3,0,0,30,0,-1,0,0,0,0,0,0
46196,하딘의 분신 (4 셀),0,2,30,0,0,-4,0,0,4,4,4,20,0,7467,19,0,0,0,0,0
46196,하딘의 분신 (6 셀 특수),1,2,50,0,0,-6,0,0,6,0,0,30,0,7466,18,0,0,0,0,0
46220,우구누스 (특수),0,2,50,0,0,-4,0,0,0,0,0,25,10039,-1,0,0,0,0,0,0
46220,우구누스 (물리 공격),1,1,100,0,0,-6,0,0,6,6,6,30,0,-1,0,0,0,0,0,0
46291,세루만 (원거리 물리 공격),0,2,100,0,0,-8,0,0,8,0,0,10,10153,-1,1,0,0,0,0,0
46291,세루만 (원거리 마법 공격),1,2,100,0,0,-12,0,0,12,0,0,10,10154,-1,0,0,0,0,0,0
46291,세루만 (소환 : 자이언트 히드라),2,3,20,30,0,-3,0,0,0,0,0,0,0,-1,0,46292,2,3,0,0
46292,자이언트 히드라 (원거리 특수 공격),0,2,100,0,0,-8,0,0,8,0,0,10,10155,-1,0,0,0,0,0,0
46293,카프 (소환시),0,0,100,0,0,0,0,0,0,0,0,0,0,-1,11,0,0,0,0,0
46293,카프 (이 럽션),1,2,50,0,0,-8,0,0,0,0,0,0,10098,-1,0,0,0,0,0,0
51001,紅蓮(火炎魔方陣),0,2,100,0,0,-2,0,0,0,0,0,0,11001,-1,0,0,0,0,0,0
51002,劫火(ファイアーボール),0,2,100,0,0,-6,0,0,0,0,0,0,11002,-1,0,0,0,0,0,0
51003,業火(炎),0,2,100,0,0,-2,0,0,2,1,2,0,11003,2380,16,0,0,0,0,0
51004,爆炎(広範囲魔法),0,2,100,0,0,-6,0,0,0,0,0,0,11004,-1,0,0,0,0,0,0
51004,爆炎(ファイアーボール),1,2,100,0,0,-6,0,0,0,0,0,0,11002,-1,0,0,0,0,0,0
51005,邪炎(広範囲魔法),0,2,100,0,0,-15,0,0,0,0,0,0,11009,-1,0,0,0,0,0,0
51005,邪炎(サンバースト),1,2,100,0,0,-5,0,0,0,0,0,0,11008,-1,0,0,0,0,0,0
51006,灼熱(槍投げ),0,2,100,0,0,-6,0,0,0,0,0,0,11005,-1,0,0,0,0,0,0
51007,焦熱(アースクエイク),0,2,100,0,0,-6,0,0,0,0,0,0,11006,-1,0,0,0,0,0,0
51008,炎帝(遠距離火炎),0,2,100,0,0,-6,0,0,0,0,0,0,11007,-1,0,0,0,0,0,0
51010,獣炎(ファイアーボール),0,2,100,0,0,-5,0,0,0,0,0,0,11002,-1,0,0,0,0,0,0
51011,角炎(サンバースト),0,2,100,0,0,-5,0,0,0,0,0,0,11008,-1,0,0,0,0,0,0
60563,하이네 성 근위병 (10 셀 원거리 공격),0,2,100,0,0,-10,0,0,10,0,0,0,10145,-1,0,0,0,0,0,0
70857,하이네 가드 (10 셀 원거리 공격),0,2,100,0,0,-10,0,0,10,0,0,0,10145,-1,0,0,0,0,0,0
80030,포이즌 스네이크 마법사 (그레이터 힐),0,2,80,0,80,-15,0,1,0,0,0,100,35,-1,30,0,0,0,0,0
80030,포이즌 스네이크 마법사 (FS),1,2,30,0,0,-1,0,0,2,0,0,0,70,-1,18,0,0,0,0,0
80031,다크 어쌔신 (중거리),0,2,20,0,0,-6,0,0,6,0,0,0,97012,-1,30,0,0,0,0,0
81081,파 푸리 온의 추종자 (에너지 볼트),0,2,20,0,0,-6,0,0,0,0,0,40,4,-1,0,0,0,0,0,0
81082,야히 변신 후 (변신),0,1,100,0,0,-15,1,0,15,0,0,20,0,-1,4,0,0,0,0,0
81082,야히 변신 후 (강제 변신 : 좀비),1,4,15,0,0,-10,0,0,0,0,0,0,0,-1,0,0,0,0,3872,0
81082,야히 변신 후 (원거리 마법),2,2,30,0,0,-10,0,0,0,0,0,35,10063,-1,0,0,0,0,0,0
81082,야히 변신 후 (범위 마법),3,2,100,0,0,-10,0,0,0,0,0,35,10064,-1,0,0,0,0,0,0
81103,S 도플 갱어 (아이스이 럽션),0,2,30,0,0,-6,0,0,0,0,0,0,10035,-1,0,0,0,0,0,0
81103,S 도플 갱어 (스라탓쿠),1,2,30,0,0,-6,0,0,0,0,0,30,16,-1,0,0,0,0,0,0
81103,S 도플 갱어 (물리 공격),2,1,100,0,0,-1,0,0,1,0,0,30,0,-1,0,0,0,0,0,0
81163,기르 타스 (블루 장애인),0,2,100,18,0,-15,0,0,0,0,0,40,10130,-1,0,0,0,0,0,0
81163,기르 타스 (모래 폭풍),1,2,10,0,0,-15,0,0,0,0,0,150,10126,-1,0,0,0,0,0,0
81163,기르 타스 (아이스 브레스),2,2,20,0,0,0,0,0,0,0,0,25,10128,-1,0,0,0,0,0,0
81163,기르 타스 (독무),3,2,20,0,0,0,0,0,0,0,0,30,10129,-1,0,0,0,0,0,0
81163,기르 타스 (어스 퀘이크),4,2,20,0,0,0,0,0,0,0,0,80,10127,-1,0,0,0,0,0,0
81163,기르 타스 (물리 공격 1),5,1,60,0,0,0,0,0,3,0,0,60,0,-1,5,0,0,0,0,0
81163,기르 타스 (물리 공격 2),6,1,100,0,0,0,0,0,3,0,0,60,0,-1,1,0,0,0,0,0
81176,흑 장로 (토네이도),0,2,20,0,0,-4,0,0,0,0,0,20,53,-1,0,0,0,0,0,0
81176,흑 장로 (원거리 마법),1,2,50,0,0,-8,0,0,0,0,0,0,10061,-1,0,0,0,0,0,0
81224,하이 리자드 맨 (6 셀 원거리 특수 공격),0,2,100,0,0,-6,0,0,0,0,0,0,10135,-1,0,0,0,0,0,0
81231,거대 수호 개미 (물리 공격),0,1,100,0,0,-3,0,0,3,0,0,15,0,-1,30,0,0,0,0,0
81236,오튜 (8 셀 원거리 특수 공격),0,2,60,0,0,-8,0,0,0,0,0,0,10124,-1,0,0,0,0,0,0
81237,헬 바운드 (불꽃),0,1,100,0,0,2,2,0,2,0,0,30,0,4646,3,0,0,0,0,0
81238,S 도플 갱어 (아이스이 럽션),0,2,30,0,0,-6,0,0,0,0,0,0,10035,-1,0,0,0,0,0,0
81238,S 도플 갱어 (스라탓쿠),1,2,30,0,0,-6,0,0,0,0,0,30,16,-1,0,0,0,0,0,0
81238,S 도플 갱어 (물리 공격),2,1,30,0,0,-1,0,0,1,0,0,30,0,-1,0,0,0,0,0,0
81239,그레이트 미노타우르스 (물리 공격),1,1,30,0,0,-1,0,0,1,0,0,30,0,-1,0,0,0,0,0,0
91157,유니 드래곤 (지),0,2,50,0,0,-2,0,0,2,0,0,30,16,2510,18,0,0,0,0,0
91158,유니 드래곤 (불),0,2,50,0,0,-2,0,0,2,0,0,30,15,2510,18,0,0,0,0,0
91159,유니 드래곤 (물),0,2,50,0,0,-2,0,0,2,0,0,30,6,2510,18,0,0,0,0,0
91160,유니 드래곤 (바람),0,2,50,0,0,-2,0,0,2,0,0,30,7,2510,18,0,0,0,0,0
91161,테라 드래곤 (땅) (토네이도),0,2,50,0,0,-4,0,0,0,0,0,0,53,-1,19,0,0,0,0,0
91161,테라 드래곤 (땅),1,2,50,0,0,-2,0,0,2,0,0,50,16,2510,18,0,0,0,0,0
91162,테라 드래곤 (화) (토네이도),0,2,50,0,0,-4,0,0,0,0,0,0,53,-1,19,0,0,0,0,0
91162,테라 드래곤 (불),1,2,50,0,0,-2,0,0,2,0,0,50,15,2510,18,0,0,0,0,0
91163,테라 드래곤 (물) (토네이도),0,2,50,0,0,-4,0,0,0,0,0,0,53,-1,19,0,0,0,0,0
91163,테라 드래곤 (물),1,2,50,0,0,-2,0,0,2,0,0,50,6,2510,18,0,0,0,0,0
91164,테라 드래곤 (바람) (토네이도),0,2,50,0,0,-4,0,0,0,0,0,0,53,-1,19,0,0,0,0,0
91164,테라 드래곤 (바람),1,2,50,0,0,-2,0,0,2,0,0,50,7,2510,18,0,0,0,0,0
91165,스컬 드래곤,0,2,70,0,0,-2,0,0,0,0,0,80,6,2510,18,0,0,0,0,0
91174,크림슨 해츨링 (불 덩어리),0,2,50,0,0,-6,0,0,6,0,0,0,15,7367,18,0,0,0,0,0
91176,하이 크림슨 해츨링 (불 덩어리),0,2,50,0,0,-6,0,0,6,0,0,0,15,7367,18,0,0,0,0,0
91177,슈퍼 멍키 (원거리 마법),0,2,100,0,0,-6,0,0,1,0,0,0,10152,-1,0,0,0,0,0,0
91183,드워프 셔먼 (地 팀 刺),0,2,50,0,0,-3,0,0,0,0,0,0,62,2510,19,0,0,0,0,0
91183,드워프 셔먼 (빛 분말 噴灑),1,2,50,0,0,-2,0,0,2,0,0,25,6,2510,18,0,0,0,0,0
91200,안타라스 Lv1 (범위 스턴),0,2,40,0,0,-1,0,0,0,0,0,0,500,-1,18,0,0,0,0,7903
91200,안타라스 Lv1 (범위 독),1,2,10,0,0,-1,0,0,0,0,0,0,502,-1,18,0,0,0,0,7862
91200,안타라스 Lv1 (호흡),2,2,20,0,0,-1,0,0,15,15,15,50,0,-1,18,0,0,0,0,7863
91200,안타라스 Lv1 (오른쪽),3,2,10,0,0,-4,0,0,4,0,0,50,0,-1,5,0,0,0,0,7906
91200,안타라스 Lv1 (왼쪽),4,2,10,0,0,-4,0,0,4,0,0,50,0,-1,12,0,0,0,0,7905
91200,안타라스 Lv1 (꼬리),5,2,10,0,0,-5,0,0,5,5,5,80,0,-1,25,0,0,0,0,7914
91200,안타라스 Lv1 (웨폰 브레이크),6,2,20,0,0,-6,0,0,0,0,0,30,27,-1,0,0,0,0,0,7913
91201,안타라스 Lv2 (범위 스턴),0,2,30,0,0,-1,0,0,0,0,0,0,500,-1,18,0,0,0,0,7903
91201,안타라스 Lv2 (범위 독),2,2,20,0,0,-1,0,0,0,0,0,0,502,-1,18,0,0,0,0,7862
91201,안타라스 Lv2 (호흡),3,2,30,0,0,-1,0,0,15,15,15,120,0,-1,18,0,0,0,0,7863
91201,안타라스 Lv2 (오른쪽),4,2,20,0,0,-4,0,0,4,0,0,120,0,-1,5,0,0,0,0,7906
91201,안타라스 Lv2 (왼쪽),5,2,20,0,0,-4,0,0,4,0,0,120,0,-1,12,0,0,0,0,7905
91201,안타라스 Lv2 (꼬리),6,2,20,0,0,-5,0,0,5,5,5,180,0,-1,25,0,0,0,0,7914
91201,안타라스 Lv2 (웨폰 브레이크),7,2,20,0,0,-6,0,0,0,0,0,60,27,-1,0,0,0,0,0,7913
91202,안타라스 Lv3 (범위 스턴),0,2,30,0,0,-1,0,0,0,0,0,0,500,-1,19,0,0,0,0,7915
91202,안타라스 Lv3 (범위 캔슬 레이션),1,2,10,0,0,-1,0,0,0,0,0,0,501,-1,19,0,0,0,0,7915
91203,안타라스 Lv3 (범위 독),2,2,20,0,0,-1,0,0,0,0,0,0,502,-1,18,0,0,0,0,7904
91203,안타라스 Lv3 (호흡),3,2,30,0,0,-1,0,0,15,15,15,500,0,-1,18,0,0,0,0,7863
91203,안타라스 Lv3 (점프),4,2,30,0,0,-1,0,0,15,15,15,1800,0,7617,20,0,0,0,0,7904
91203,안타라스 Lv3 (오른쪽),5,2,50,0,0,-4,0,0,4,0,0,500,0,-1,5,0,0,0,0,7906
91203,안타라스 Lv3 (왼쪽),6,2,50,0,0,-4,0,0,4,0,0,500,0,-1,12,0,0,0,0,7905
91203,안타라스 Lv3 (꼬리),7,2,30,0,0,-5,0,0,5,5,5,800,0,-1,25,0,0,0,0,7914
91203,안타라스 Lv3 (유니 드래곤 소환),8,3,35,0,0,-1,0,0,0,0,0,0,0,-1,41,91157,2,4,0,7948
91203,안타라스 Lv3 (웨폰 브레이크),9,2,20,0,0,-6,0,0,0,0,0,100,27,-1,0,0,0,0,0,7913
91203,안타라스 Lv3 (메테오),10,2,10,0,0,-5,0,0,5,5,5,200,91202,-1,30,0,0,0,0,0
91259,케레니스 (프리 징 블리자드) 기밀 담,0,2,33,0,0,-10,0,0,0,0,0,15,80,-1,19,0,0,0,0,0
91273,마계의 켈베로스 (불꽃),0,2,100,0,0,-2,5,0,2,0,0,15,10142,-1,0,0,0,0,0,0
91280,마계의 서큐버스,0,2,100,0,0,-6,5,0,0,0,0,0,10030,-1,0,0,0,0,0,0
91280,마계의 서큐버스,1,2,20,0,0,-3,0,0,0,0,0,0,28,-1,0,0,0,0,0,0
91283,마계의 레서 데몬 (화염 마법진),0,2,50,0,0,-2,0,0,0,0,0,0,10042,-1,0,0,0,0,0,0
91283,마계의 레서 데몬 (물리 공격),1,1,100,0,0,-1,0,0,1,0,0,20,0,-1,0,0,0,0,0,0
91284,마계의 혼 켈베로스 (불꽃),0,2,100,0,0,-2,8,0,2,0,0,0,10144,-1,0,0,0,0,0,0
91284,마계의 혼 켈베로스 (박치기),1,1,100,0,0,-1,0,0,1,0,0,0,0,-1,30,0,0,0,0,0
91285,마계의 이프리트 (투창),0,2,80,0,0,-6,0,0,0,0,0,5,10014,-1,0,0,0,0,0,0
91286,마계의 본 드래곤 (불꽃),0,2,100,0,0,-2,0,0,2,1,2,15,10009,2411,16,0,0,0,0,0
91289,마계의 시어 (마법),0,2,40,0,0,-6,0,0,0,0,0,15,10001,-1,0,0,0,0,0,0
91289,마계의 시어 (물리 공격),1,1,100,0,0,-1,0,0,1,0,0,30,0,-1,0,0,0,0,0,0
91291,데스 나이트 (뱀파이어 릭 터치) 기밀 담,0,2,20,0,0,-3,0,0,0,0,0,50,28,-1,0,0,0,0,0,0
91291,데스 나이트 (물리 공격) 기밀 담,3,1,100,0,0,-1,0,0,1,0,0,20,0,-1,0,0,0,0,0,0
91292,마계의 그레이트 미노타우르스 (물리 공격) 기밀 담,1,1,100,0,0,-1,0,0,1,0,0,30,0,-1,0,0,0,0,0,0
91293,피닉스 (원거리 화염) 기밀 담,0,2,30,0,0,-6,0,0,0,0,0,40,10018,-1,0,0,0,0,0,0
91293,피닉스 (물리 공격) 기밀 담,1,1,100,0,0,-2,0,0,2,0,0,30,0,-1,0,0,0,0,0,0
91294,바포메트 (이 럽션) 기밀 담,0,2,20,0,0,-6,0,0,0,0,0,20,45,-1,0,0,0,0,0,0
91295,케레니스 기밀 담 프리 징 블리자드,0,0,0,0,0,0,0,0,0,0,0,0,0,-1,0,0,0,0,0,0
91295,케레니스 (콘 오브 콜드) 기밀 담,1,2,33,0,0,-6,0,0,0,0,0,30,38,-1,18,0,0,0,0,0
91295,케레니스 (물리 공격) 기밀 담,2,1,33,0,0,-1,0,0,1,0,0,30,0,-1,1,0,0,0,0,0
91296,케레니스 (프리 징 블리자드) 기밀 담,0,2,33,0,0,-10,0,0,0,0,0,15,80,-1,19,0,0,0,0,0
91296,케레니스 (콘 오브 콜드) 기밀 담,1,2,33,0,0,-6,0,0,0,0,0,30,38,-1,18,0,0,0,0,0
91296,케레니스 (물리 공격) 기밀 담,2,1,33,0,0,-1,0,0,1,0,0,30,0,-1,1,0,0,0,0,0
91420,파우스트 (범위),0,2,20,0,0,-4,0,0,4,0,0,10,91420,-1,18,0,0,0,0,0
91432,자식 피닉스 (불꽃),0,2,30,0,0,-4,0,0,0,0,0,20,81254,-1,0,0,0,0,0,0
91506,오색 진주,0,2,100,0,80,-1,0,1,15,0,0,30,57,-1,0,0,0,0,0,0
91506,오색 진주,1,2,0,0,0,-2,0,0,0,0,0,30,44,-1,0,0,0,0,0,0
91507,신비한 오색 진주,0,2,100,0,80,-1,0,1,15,0,0,30,43,-1,0,0,0,0,0,0
91507,신비한 오색 진주,1,2,0,0,0,-2,0,0,0,0,0,30,44,-1,0,0,0,0,0,0
91514,파 푸리 온 Lv1 (오른쪽),0,1,50,0,0,-1,0,0,2,0,0,50,0,-1,5,0,0,0,0,8458
91514,파 푸리 온 Lv1 (왼쪽),1,1,50,0,0,-1,0,0,2,0,0,50,0,-1,12,0,0,0,0,8459
91514,파 푸리 온 Lv1 (꼬리),2,1,30,0,0,-1,0,0,10,10,10,50,0,-1,25,0,0,0,0,8457
91514,파 푸리 온 Lv1 (포효),3,1,20,0,0,-1,0,0,15,15,15,100,0,-1,19,0,0,0,0,8464
91514,파 푸리 온 Lv1 (호흡),4,2,30,0,0,-1,0,0,0,0,0,100,4018,-1,18,0,0,0,0,8456
91514,파 푸리 온 Lv1 (파 푸리 온 데스 힐),5,2,30,0,0,-1,0,0,0,0,0,0,4015,-1,51,0,0,0,0,8457
91514,파 푸리 온 Lv1 (파 푸리 온 데스 포션),6,2,30,0,0,-1,0,0,0,0,0,0,4016,-1,51,0,0,0,0,8458
91514,파 푸리 온 Lv1 (파 푸리 온 리 듀스 힐),7,2,30,0,0,-1,0,0,0,0,0,0,4017,-1,51,0,0,0,0,8456
91515,파 푸리 온 Lv2 (오른쪽),0,1,60,0,0,-1,0,0,2,0,0,120,0,-1,5,0,0,0,0,8458
91515,파 푸리 온 Lv2 (왼쪽),1,1,60,0,0,-1,0,0,2,0,0,120,0,-1,12,0,0,0,0,8459
91515,파 푸리 온 Lv2 (꼬리),2,1,40,0,0,-1,0,0,10,10,10,150,0,-1,25,0,0,0,0,8457
91515,파 푸리 온 Lv2 (포효),3,1,40,0,0,-1,0,0,15,15,15,300,0,-1,19,0,0,0,0,8464
91515,파 푸리 온 Lv2 (호흡),4,2,50,0,0,-1,0,0,0,0,0,300,4018,-1,18,0,0,0,0,8456
91515,파 푸리 온 Lv2 (범위 캔슬 레이션),5,2,20,0,0,-1,0,0,0,0,0,0,501,-1,19,0,0,0,0,7864
91515,파 푸리 온 Lv2 (범위),6,2,20,0,0,-1,0,0,15,15,15,250,0,-1,20,0,0,0,0,8462
91515,파 푸리 온 Lv2 (파 푸리 온 데스 힐),7,2,40,0,0,-1,0,0,0,0,0,0,4015,-1,51,0,0,0,0,8457
91515,파 푸리 온 Lv2 (파 푸리 온 데스 포션),8,2,40,0,0,-1,0,0,0,0,0,0,4016,-1,51,0,0,0,0,8458
91515,파 푸리 온 Lv2 (파 푸리 온 리 듀스 힐),9,2,40,0,0,-1,0,0,0,0,0,0,4017,-1,51,0,0,0,0,8456
91516,파 푸리 온 Lv3 (오른쪽),0,1,70,0,0,-1,0,0,2,0,0,600,0,-1,5,0,0,0,0,8458
91516,파 푸리 온 Lv3 (왼쪽),1,1,70,0,0,-1,0,0,2,0,0,600,0,-1,12,0,0,0,0,8459
91516,파 푸리 온 Lv3 (꼬리),2,1,60,0,0,-1,0,0,10,10,10,800,0,-1,25,0,0,0,0,8457
91516,파 푸리 온 Lv3 (포효),3,1,50,0,0,-1,0,0,15,15,15,1000,0,-1,19,0,0,0,0,8463
91516,파 푸리 온 Lv3 (호흡),4,2,60,0,0,-1,0,0,0,0,0,1000,4018,-1,18,0,0,0,0,8456
91516,파 푸리 온 Lv3 (범위 캔슬 레이션),5,2,30,0,0,-1,0,0,0,0,0,0,501,-1,19,0,0,0,0,7864
91516,파 푸리 온 Lv3 (범위),6,2,40,0,0,-1,0,0,15,15,15,1800,0,-1,20,0,0,0,0,8462
91516,파 푸리 온 Lv3 (오색 진주 소환),7,3,30,0,0,-1,0,0,0,0,0,0,0,-1,41,91506,2,4,0,8467
91516,파 푸리 온 Lv3 (신비한 오색 진주 소환),8,3,30,0,0,-1,0,0,0,0,0,0,0,-1,41,91507,2,4,0,8467
91516,파 푸리 온 Lv3 (카프 소환) 본래는 토루나루도 소환,9,3,30,0,0,-1,0,0,0,0,0,0,0,-1,41,91508,2,4,0,8454
91516,파 푸리 온 Lv3 (파 푸리 온 데스 힐),10,2,50,0,0,-1,0,0,0,0,0,0,4015,-1,51,0,0,0,0,8457
91516,파 푸리 온 Lv3 (파 푸리 온 데스 포션),11,2,50,0,0,-1,0,0,0,0,0,0,4016,-1,51,0,0,0,0,8458
91516,파 푸리 온 Lv3 (파 푸리 온 리 듀스 힐),12,2,50,0,0,-1,0,0,0,0,0,0,4017,-1,51,0,0,0,0,8456
91603,린드 비 오르 Lv1 : 오른손,0,1,50,0,0,-2,0,0,2,0,0,50,0,-1,5,0,0,0,0,0
91603,린드 비 오르 Lv1 : 왼손,1,1,50,0,0,-2,0,0,2,0,0,50,0,-1,12,0,0,0,0,0
91603,린드 비 오르 Lv1 : 꼬리,2,1,30,0,0,-2,0,0,3,3,3,100,0,-1,25,0,0,0,0,0
91603,린드 비 오르 Lv1 : 호흡,3,2,30,0,0,-2,0,0,3,5,3,100,0,-1,18,0,0,0,0,0
91603,린드 비 오르 Lv1 : 引寄,4,2,50,0,0,-15,0,3,15,0,0,0,10057,-1,19,0,0,0,0,0
91603,린드 비 오르 Lv1 : 범위 윈드 셰클,5,2,10,30,0,-2,0,0,0,0,0,0,503,-1,19,0,0,0,0,13422
91603,린드 비 오르 Lv1 : 에어리어 오브 사일런스,6,2,10,30,0,-2,0,0,0,0,0,0,707,-1,19,0,0,0,0,0
91603,린드 비 오르 Lv1 : 번개,7,2,50,0,0,-15,0,3,15,0,0,10,91603,-1,59,0,0,0,0,10164
91603,린드 비 오르 Lv1 : 작은 용,8,2,20,0,0,-15,0,3,15,0,0,10,91605,-1,51,0,0,0,0,10150
91603,린드 비 오르 Lv1 : 메탈 골렘 (수),9,3,10,0,0,-2,3,0,0,0,0,0,0,-1,41,91611,2,4,0,10156
91603,린드 비 오르 Lv1 : 메탈 골렘 (바람),10,3,10,0,0,-2,3,0,0,0,0,0,0,-1,41,91612,2,4,0,10156
91603,린드 비 오르 Lv1 : 메탈 골렘 (화),11,3,10,0,0,-2,3,0,0,0,0,0,0,-1,41,91613,2,4,0,10156
91603,린드 비 오르 Lv1 : 메탈 골렘 (地),12,3,10,0,0,-2,3,0,0,0,0,0,0,-1,41,91614,2,4,0,10156
91603,린드 비 오르 Lv1 : 웨더,13,2,50,25,0,-2,0,0,0,0,0,10,91606,-1,20,0,0,0,0,10161
91603,린드 비 오르 Lv1 : 스몰 럽션,14,2,25,0,0,-6,0,3,6,0,0,10,91600,-1,47,0,0,0,0,10158
91603,린드 비 오르 Lv1 : 럽션,15,2,25,0,0,-8,0,3,8,0,0,10,91601,-1,47,0,0,0,0,10159
91603,린드 비 오르 Lv1 : 탈출,16,0,50,33,0,0,0,0,0,0,0,0,0,-1,13,0,0,0,0,10152
91603,린드 비 오르 Lv1 : 낙하 충격,17,1,100,0,0,-1,0,0,0,15,15,10,91598,-1,0,0,0,0,0,0
91603,린드 비 오르 Lv1 : 토네이도,18,2,25,0,0,-2,0,0,5,0,0,10,91604,-1,55,0,0,0,0,10165
91604,린드 비 오르 Lv2 : 오른손,0,1,30,0,0,-6,0,0,6,0,0,100,0,-1,5,0,0,0,0,0
91604,린드 비 오르 Lv2 : 왼손,1,1,30,0,0,-6,0,0,6,0,0,100,0,-1,12,0,0,0,0,0
91604,린드 비 오르 Lv2 : 범위 화살,2,2,20,0,0,-15,0,3,15,5,5,30,91602,-1,30,0,0,0,0,10163
91604,린드 비 오르 Lv2 : 호흡,3,2,30,0,0,-8,0,0,8,7,5,150,0,-1,18,0,0,0,0,0
91604,린드 비 오르 Lv2 : 범위 윈드 셰클,4,2,10,0,0,-15,0,0,15,0,0,0,503,-1,19,0,0,0,0,13422
91604,린드 비 오르 Lv2 : 에어리어 오브 사일런스,5,2,10,0,0,-15,0,0,15,0,0,0,707,-1,19,0,0,0,0,0
91604,린드 비 오르 Lv2 : 번개,6,2,50,0,0,-15,0,3,15,0,0,30,91603,-1,19,0,0,0,0,10164
91604,린드 비 오르 Lv2 : 작은 용,7,2,30,0,0,-15,0,3,15,0,0,30,91605,-1,51,0,0,0,0,10150
91604,린드 비 오르 Lv2 : 구름의 대 정령,8,3,20,0,0,-4,0,0,10,0,0,0,0,-1,41,91615,1,2,0,13436
91604,린드 비 오르 Lv2 : 웨더,9,2,70,50,0,-6,0,0,0,0,0,30,91606,-1,20,0,0,0,0,10161
91605,린드 비 오르 Lv3 : 오른손,0,1,50,0,0,-2,0,0,2,0,0,150,0,-1,5,0,0,0,0,0
91605,린드 비 오르 Lv3 : 왼손,1,1,50,0,0,-2,0,0,2,0,0,150,0,-1,12,0,0,0,0,0
91605,린드 비 오르 Lv3 : 꼬리,2,1,30,0,0,-5,0,0,5,5,5,150,0,-1,25,0,0,0,0,0
91605,린드 비 오르 Lv3 : 호흡,3,2,30,0,0,-5,0,0,5,8,5,200,0,-1,18,0,0,0,0,0
91605,린드 비 오르 Lv3 : 범위 윈드 셰클,4,2,20,0,0,-15,0,0,0,0,0,0,503,-1,19,0,0,0,0,13422
91605,린드 비 오르 Lv3 : 에어리어 오브 사일런스,5,2,20,0,0,-15,0,0,0,0,0,0,707,-1,19,0,0,0,0,0
91605,린드 비 오르 Lv3 : 번개,6,2,35,0,0,-15,0,3,15,0,0,50,91603,-1,59,10164,0,0,0,0
91605,린드 비 오르 Lv3 : 작은 용,7,2,30,0,0,-15,0,3,15,0,0,50,91605,-1,51,0,0,0,0,10150
91605,린드 비 오르 Lv3 : 구름의 대 정령,8,3,20,0,0,-2,0,0,0,0,0,0,0,-1,41,91615,2,4,0,13436
91605,린드 비 오르 Lv3 : 웨더,9,2,100,50,0,-2,0,0,0,0,0,50,91606,-1,20,0,0,0,0,10161
91605,린드 비 오르 Lv3 : 진정한 힘,10,2,50,20,0,-1,0,0,15,0,0,100,91599,-1,30,0,0,0,0,13385
91605,린드 비 오르 Lv3 : 탈출,11,0,10,0,0,-2,0,0,0,0,0,0,0,-1,13,0,0,0,0,10152
91605,린드 비 오르 Lv3 : 낙하 충격,12,1,100,0,0,-15,0,0,0,15,15,20,91598,-1,11,0,0,0,0,0
91605,린드 비 오르 Lv3 : 引寄,13,2,50,0,0,-15,0,3,15,0,0,0,10057,-1,19,0,0,0,0,0
91605,린드 비 오르 Lv3 : 범위 화살,14,2,20,0,0,-15,0,3,15,5,5,50,91602,-1,19,0,0,0,0,10163
91605,린드 비 오르 Lv3 : 스몰 럽션,15,2,25,0,0,-10,0,3,10,0,0,50,91600,-1,19,0,0,0,0,10158
91605,린드 비 오르 Lv3 : 럽션,16,2,25,0,0,-10,0,3,10,0,0,50,91601,-1,19,0,0,0,0,10159
91605,린드 비 오르 Lv3 : 탈출,17,0,50,33,0,0,0,0,0,0,0,0,0,-1,13,0,0,0,0,10152
91605,린드 비 오르 Lv3 : 낙하 충격,18,1,100,0,0,-1,0,0,0,15,15,20,91598,-1,0,0,0,0,0,0
91605,린드 비 오르 Lv3 : 토네이도,19,2,25,0,0,-5,0,0,5,5,5,50,91604,-1,55,0,0,0,0,10165
91606,뻬루뻬루 (차기),0,1,20,0,0,-1,0,0,1,0,0,50,0,-1,30,0,0,0,0,0
91607,코트 로트 (원거리 마법),0,2,30,0,0,-6,0,0,6,0,0,10,91607,-1,18,0,0,0,0,0
91607,코트 로트 (범위 마법),1,2,20,0,0,-3,0,0,4,3,3,50,0,-1,19,0,0,0,0,0
91608,페르 티아 가루다 A (원거리 마법),0,2,50,0,0,-8,0,0,8,0,0,0,91608,-1,18,0,0,0,0,0
91608,페르 티아 가루다 A (범위),1,2,20,0,0,-2,0,0,4,4,4,50,91609,-1,19,0,0,0,0,0
91608,페르 티아 가루다 A (강타),2,1,30,0,0,-1,0,0,1,0,0,30,0,7943,30,0,0,0,0,0
91609,페르 티아 가루다 B (원거리 마법),0,2,50,0,0,-8,0,0,8,0,0,0,91608,-1,18,0,0,0,0,0
91609,페르 티아 가루다 B (범위),1,2,20,0,0,-2,0,0,4,4,4,50,91609,-1,19,0,0,0,0,0
91609,페르 티아 가루다 B (강타),2,1,30,0,0,-1,0,0,1,0,0,30,0,7943,30,0,0,0,0,0
91610,페르 티아 가루다 C (원거리 마법),0,2,60,0,0,-8,0,0,8,0,0,0,91608,-1,18,0,0,0,0,0
91610,페르 티아 가루다 C (범위),1,2,20,0,0,-2,0,0,4,4,4,50,91609,-1,19,0,0,0,0,0
91610,페르 티아 가루다 C (강타),2,1,30,0,0,-1,0,0,1,0,0,30,0,7943,30,0,0,0,0,0
91611,메탈 골렘 (수) (원거리 마법),0,2,20,0,0,-6,0,0,6,0,0,0,91611,-1,18,0,0,0,0,0
91611,메탈 골렘 (수) (회전),1,2,10,0,0,-3,0,0,3,3,3,15,91610,-1,19,0,0,0,0,0
91611,메탈 골렘 (수) (강타),2,1,20,0,0,-1,0,0,1,0,0,50,0,4196,30,0,0,0,0,0
91612,메탈 골렘 (바람) (원거리 마법),0,2,20,0,0,-6,0,0,6,0,0,0,91612,-1,18,0,0,0,0,0
91612,메탈 골렘 (바람) (회전),1,2,10,0,0,-3,0,0,3,3,3,10,91610,-1,19,0,0,0,0,0
91612,메탈 골렘 (바람) (강타),2,1,20,0,0,-1,0,0,1,0,0,50,0,4196,30,0,0,0,0,0
91613,메탈 골렘 (화) (원거리 마법),0,2,20,0,0,-6,0,0,6,0,0,0,91613,-1,18,0,0,0,0,0
91613,메탈 골렘 (화) (회전),1,2,10,0,0,-3,0,0,3,3,3,0,91610,-1,19,0,0,0,0,0
91613,메탈 골렘 (화) (강타),2,1,20,0,0,-1,0,0,1,0,0,50,0,4196,30,0,0,0,0,0
91614,메탈 골렘 (地) (원거리 마법),0,2,20,0,0,-6,0,0,6,0,0,0,91614,-1,18,0,0,0,0,0
91614,메탈 골렘 (地) (회전),1,2,10,0,0,-3,0,0,3,3,3,5,91610,-1,19,0,0,0,0,0
91614,메탈 골렘 (地) (강타),2,1,20,0,0,-1,0,0,1,0,0,50,0,4196,30,0,0,0,0,0
91615,구름의 대 정령 (원거리),0,2,50,0,0,-8,0,0,8,0,0,10,0,8091,18,0,0,0,0,0
91615,구름의 대 정령 (범위 브레스),1,2,30,0,0,-3,0,0,3,3,0,30,0,8095,19,0,0,0,0,0
91615,구름의 대 정령 (수상한 먹구름 소환),2,3,10,0,0,-2,0,0,0,0,0,0,0,-1,30,91616,2,4,0,0
91615,구름의 대 정령 (힘 마술),3,2,20,0,0,-4,0,0,4,4,4,20,91615,-1,19,0,0,0,0,0
91621,サンドワーム(サンド イラプション),0,60,0,0,0,0,0,10,0,0,150,704,0,30,0,0,0,0,0,0
91621,サンドワーム(触手召還),1,100,50,0,0,0,0,0,0,0,0,0,0,19,100185,4,6,0,0,0
91621,サンドワーム(強打),2,30,0,0,0,0,0,2,0,0,100,0,0,30,0,0,0,0,0,0
91621,サンドワーム(フォグオブスリーピング),3,20,0,0,0,0,0,0,0,0,50,66,0,18,0,0,0,0,0,0
91621,サンドワーム(範囲毒),4,20,0,0,0,0,0,0,0,0,50,502,0,18,0,0,0,0,0,10251
91621,サンドワーム(ダーク サンド スコーピオン召還),5,10,0,0,0,0,0,0,0,0,0,0,0,19,100186,2,5,0,0,0
91622,エルジャベ(エリア サイレンス),0,2,10,0,0,-2,0,0,0,0,0,20,707,-1,18,0,0,0,0,0
91622,エルジャベ(範囲ワンキル),1,2,10,0,0,-2,0,0,2,0,0,10,708,-1,47,0,0,0,0,10250
91622,エルジャベ(範囲強打),2,2,20,0,0,-2,0,0,2,0,0,10,709,-1,30,0,0,0,0,10250
91622,エルジャベ(召還),3,3,15,0,0,-5,0,0,0,0,0,0,0,-1,25,350097,2,4,0,10253
91622,エルジャベ(サンドイラプション),4,2,70,0,0,-8,0,0,8,0,0,60,704,-1,18,0,0,0,0,0
91622,エルジャベ(範囲毒),5,2,20,0,0,-1,0,0,0,0,0,20,502,-1,41,0,0,0,0,10251
91622,エルジャベ(吹き飛ばし),6,2,10,0,0,0,0,0,0,0,0,0,713,-1,19,0,0,0,0,10252
91623,ダーク デザート フラワー(サンド イラプション),0,2,60,0,0,-10,0,0,10,0,0,50,704,-1,1,0,0,0,0,0
91634,ダーク デザート フラワー(サンド イラプション),0,2,60,0,0,-10,0,0,10,0,0,30,704,-1,1,0,0,0,0,0
91639,デザート フローティング アイ,0,2,30,0,0,0,0,0,1,0,0,10,33,-1,19,0,0,0,0,0
91640,疾風のシャスキ(強打),0,1,90,0,0,-2,0,0,2,0,0,10,0,-1,30,0,0,0,0,0
91640,疾風のシャスキ(範囲),1,2,30,0,0,-5,0,0,5,0,0,10,91640,-1,0,0,0,0,0,0
91641,狂風のシャスキ(強打),0,1,90,0,0,-2,0,0,2,0,0,10,0,-1,30,0,0,0,0,0
91641,狂風のシャスキ(範囲),1,2,30,0,0,-5,0,0,5,0,0,10,91640,-1,0,0,0,0,0,0
91642,ビック フット マヨ(アイスイラプション),0,2,50,0,0,-4,0,0,4,0,0,30,91642,-1,0,0,0,0,0,0
91642,ビック フット マヨ,1,1,50,0,0,-2,0,0,2,0,0,50,0,-1,30,0,0,0,0,0
99001,울 솥 (박치기),0,1,100,0,0,-1,0,0,1,0,0,10,99001,-1,0,0,0,0,0,0
99002,성난 울 솥 (박치기),0,1,100,0,0,-1,0,0,1,0,0,10,99001,-1,0,0,0,0,0,0
99002,성난 울 솥 (범위),1,2,30,0,0,-1,0,0,1,0,0,10,99002,-1,0,0,0,0,0,0
99003,카마 이타치 (범위),0,2,20,0,0,-2,0,0,2,0,0,10,99003,-1,0,0,0,0,0,0
99003,카마 이타치 (강타),1,1,20,0,0,-2,0,0,2,0,0,10,0,-1,18,0,0,0,0,0
99004,카마 이타치 맏형 (범위),0,2,30,0,0,-2,0,0,2,0,0,20,99003,-1,0,0,0,0,0,0
99004,카마 이타치 맏형 (강타),1,1,20,0,0,-2,0,0,2,0,0,15,0,-1,18,0,0,0,0,0
99005,갓파 (강타),0,1,30,0,0,-1,0,0,1,0,0,15,0,-1,18,0,0,0,0,0
99005,갓파 (특수),1,2,30,0,0,-1,0,0,2,0,0,10,99005,-1,19,0,0,0,0,0
99007,우귀 (타격),0,1,100,0,0,-1,0,0,1,0,0,10,0,-1,1,0,0,0,0,0
99007,우귀 (강타),1,1,20,0,0,-2,0,0,2,0,0,30,0,-1,30,0,0,0,0,14710
99007,우귀 (소 악마 새끼 소환),2,3,10,0,0,-7,0,0,0,0,0,0,0,-1,18,99008,2,4,0,14712
99007,우귀 (범위 독),3,2,10,0,0,-1,0,0,0,0,0,0,502,-1,19,0,0,0,0,14711
99024,코마유무,0,2,50,0,0,-8,0,0,8,0,0,0,99024,-1,18,0,0,0,0,0
99025,코마신,0,2,50,0,0,-8,0,0,8,0,0,0,99025,-1,18,0,0,0,0,0
99028,짐승 (헤이스트),0,2,30,0,0,-10,1,2,0,0,0,0,43,-1,7,0,0,0,0,0
99029,코마 쿰 (4 셀 특수 공격),0,2,10,0,0,-4,0,0,4,0,0,16,10140,-1,19,0,0,0,0,0
99029,코마 쿰 (원거리 공격),1,2,20,0,0,-6,0,0,6,0,0,10,99029,-1,18,0,0,0,0,0
99030,서큐버스 (단체 마법),0,2,100,0,0,-6,5,0,0,0,0,10,10030,-1,0,0,0,0,0,0
99030,서큐버스 (뱀파이어 릭 터치),1,2,20,0,0,-3,0,0,0,0,0,5,28,-1,0,0,0,0,0,0
99031,서큐버스 퀸 (단품 마법),0,2,100,0,0,-6,5,0,0,0,0,10,10031,-1,0,0,0,0,0,0
99031,서큐버스 퀸 (뱀파이어 릭 터치),1,2,20,0,0,-3,0,0,0,0,0,5,28,-1,0,0,0,0,0,0
99032,테라 드래곤 (화) (토네이도),0,2,50,0,0,-4,0,0,0,0,0,0,53,-1,19,0,0,0,0,0
99032,테라 드래곤 (불),1,2,50,0,0,-2,0,0,2,0,0,50,15,2510,18,0,0,0,0,0
99033,바모스 (호흡),0,2,100,25,0,-15,3,0,0,0,0,100,10054,-1,0,0,0,0,0,0
99033,바모스 (어스 퀘이크),1,2,60,0,0,-6,0,0,0,0,0,60,10056,-1,0,0,0,0,0,0
99033,바모스 (이 럽션),2,2,20,0,0,3,0,0,0,0,0,60,45,-1,0,0,0,0,0,0
99033,바모스 (브레스 : 원거리),3,2,50,0,0,5,0,0,0,0,0,10,10054,-1,0,0,0,0,0,0
99033,바모스 (브레스 : 근거리),4,2,50,0,0,-4,0,0,0,0,0,10,10054,-1,0,0,0,0,0,0
99033,바모스 (목회),5,1,10,0,0,-3,0,0,3,3,4,10,0,-1,1,0,0,0,0,0
99033,바모스 (오른손),6,1,10,0,0,-2,0,0,2,0,0,15,0,-1,5,0,0,0,0,0
99033,바모스 (왼손),7,1,10,0,0,-2,0,0,2,0,0,15,0,-1,12,0,0,0,0,0
99034,샌드웜 (샌드 럽션),0,2,60,0,0,-10,0,0,10,0,0,150,704,-1,30,0,0,0,0,0
99034,샌드웜 (촉수 소환),1,3,0,50,0,0,3,0,0,0,0,0,0,-1,18,100185,4,6,0,0
99035,다크 디저트 플라워 (샌드 럽션),0,2,60,0,0,-10,0,0,10,0,0,30,704,-1,1,0,0,0,0,0
99037,리카 온 (강타),0,2,20,0,0,0,0,0,0,0,0,50,0,-1,18,0,0,0,0,0
99037,리카 온 (강타 2),1,2,10,0,0,0,0,0,0,0,0,100,0,-1,30,0,0,0,0,0
99046,듀엘 그 셔먼 (원거리),0,2,80,0,0,-8,0,0,8,0,0,20,15,-1,18,0,0,0,0,0
99047,세화루 (4 셀),0,2,30,0,0,-4,0,0,4,0,0,0,99047,-1,0,0,0,0,0,0
99052,오쿠메이지 (파이어 볼),0,2,30,0,0,-6,0,0,0,0,0,30,25,-1,18,0,0,0,0,0
99053,네쿠로스 (강타),0,2,30,0,0,-2,0,0,2,0,0,50,0,-1,30,0,0,0,0,0
99053,네쿠로스 (강타 2),1,2,30,0,0,-2,0,0,2,0,0,100,0,-1,30,0,0,0,0,0
99058,보노 스 오크 주술사 (에너지 볼트),0,2,50,0,0,-8,0,0,8,0,0,30,4,-1,18,0,0,0,0,0
99059,오루쿠스 (강타),0,2,30,0,0,-2,0,0,2,0,0,20,99059,-1,18,0,0,0,0,0
99059,오루쿠스 (외침),1,2,30,0,0,-2,0,0,2,0,0,20,99060,-1,19,0,0,0,0,0
99060,변절자 장로 (콜 라이트닝),0,2,80,0,0,-8,0,0,8,0,0,30,34,-1,18,0,0,0,0,0
99060,변절자 장로 (토네이도),1,2,80,0,0,-8,0,0,8,0,0,30,53,-1,18,0,0,0,0,0
99061,교활한 괴물 눈 (커스 패럴 라이즈),0,2,20,0,0,0,0,0,0,0,0,10,33,-1,19,0,0,0,0,0
99062,교활한 장로 (콜 라이트닝),0,2,80,0,0,0,0,0,0,0,0,30,34,-1,18,0,0,0,0,0
99064,교활한 웅 골리 언트 (헤이스트),0,2,20,0,0,-10,1,2,0,0,0,0,43,-1,18,0,0,0,0,0
99065,아루비오 (원거리),0,2,80,0,0,-8,0,0,8,0,0,30,99065,-1,17,0,0,0,0,0
99065,아루비오 (범위 강타),1,2,50,0,0,0,0,0,4,4,4,60,0,10698,18,0,0,0,0,0
99065,아루비오 (범위 스턴),2,2,30,0,0,0,0,0,8,8,8,0,500,-1,19,0,0,0,0,0
99071,흑기사 최고 (강타),0,2,30,0,0,0,0,0,0,0,0,30,0,-1,18,0,0,0,0,0
99071,흑기사 최고 (강타 2),1,2,10,0,0,0,0,0,0,0,0,60,0,-1,30,0,0,0,0,0
99072,부패한 해골 나이트 (원거리 특수 공격),0,2,20,0,0,-6,0,0,0,0,0,70,7,-1,0,0,0,0,0,0
99072,부패한 해골 나이트 (범위 특수 공격),1,1,20,0,0,-4,0,0,1,0,0,20,0,3680,0,0,0,0,0,0
99077,부식 된 좀비 제너럴 (이 럽션),0,2,20,0,0,-6,0,0,0,0,0,10,45,-1,0,0,0,0,0,0
99078,부식 된 좀비 마법사 (콘 오브 콜드),0,2,70,0,0,-8,0,0,0,0,0,10,38,-1,0,0,0,0,0,0
99078,부식 된 좀비 마법사 (매스 슬로우),1,2,10,0,0,-3,0,0,0,0,0,0,76,-1,0,0,0,0,0,0
99079,발록의 추종자 (종합 마술),0,2,20,0,0,-6,0,0,0,0,0,20,10024,-1,0,0,0,0,0,0
99079,발록의 추종자 (파이어 볼),1,2,20,0,0,-6,0,0,0,0,0,70,25,-1,0,0,0,0,0,0
99079,발록의 추종자 (물리 공격),2,1,80,0,0,-1,0,0,1,0,0,50,0,-1,0,0,0,0,0,0
99080,바포메트 (이 럽션),0,2,20,0,0,-6,0,0,0,0,0,80,45,-1,0,0,0,0,0,0
99085,강풍 샤스키 (강타),0,1,90,0,0,-2,0,0,2,0,0,10,0,-1,30,0,0,0,0,0
99085,강풍 샤스키 (범위),1,2,30,0,0,-5,0,0,5,0,0,10,99085,-1,0,0,0,0,0,0
99086,광풍의 샤스키 (강타),0,1,90,0,0,-2,0,0,2,0,0,10,0,-1,30,0,0,0,0,0
99086,광풍의 샤스키 (범위),1,2,30,0,0,-5,0,0,5,0,0,10,99085,-1,0,0,0,0,0,0
99087,빅 풋 마요 (아이스이 럽션),0,2,50,0,0,-4,0,0,4,0,0,30,99087,-1,0,0,0,0,0,0
99087,빅 풋 마요,1,1,50,0,0,-2,0,0,2,0,0,50,0,-1,30,0,0,0,0,0
99089,에루쟈베 (에어리어 오브 사일런스),0,2,10,0,0,-2,0,0,0,0,0,20,707,-1,18,0,0,0,0,0
99089,에루쟈베 (범위 원킬),1,1,10,0,0,-2,0,0,2,0,0,10,708,-1,47,0,0,0,0,10250
99089,에루쟈베 (범위 강타),2,1,20,0,0,-2,0,0,2,0,0,10,709,-1,30,0,0,0,0,10250
99089,에루쟈베 (소환),3,3,15,0,0,-5,0,0,0,0,0,0,0,-1,25,350097,2,4,0,10253
99089,에루쟈베 (샌드 럽션),4,2,70,0,0,-8,0,0,8,0,0,60,704,-1,18,0,0,0,0,0
99089,에루쟈베 (범위 독),5,2,20,0,0,-1,0,0,0,0,0,20,502,-1,41,0,0,0,0,10251
99089,에루쟈베 (날려),6,2,10,0,0,0,0,0,0,0,0,0,713,-1,19,0,0,0,0,10252
99108,디저트 괴물 눈,0,2,30,0,0,0,0,0,1,0,0,10,33,-1,19,0,0,0,0,0
99150,죽음 (Recall),0,2,80,0,0,5,0,0,0,0,0,0,10057,-1,0,0,0,0,0,0
99150,죽음 (쇼크 스턴),1,2,50,0,0,-1,0,0,0,0,0,0,87,-1,0,0,0,0,0,0
99150,죽음 (캔슬 레이션),2,2,20,0,0,-4,0,0,0,0,0,0,44,-1,0,0,0,0,0,0
99150,죽음 (소환 : 레서 데몬),3,3,7,0,0,-4,0,0,0,0,0,0,0,-1,0,45536,1,1,0,0
99150,죽음 (소환 : 데몬),4,3,7,0,0,-4,0,0,0,0,0,0,0,-1,0,45542,1,1,0,0
99150,죽음 (소환 : 서큐버스),5,3,7,0,0,-4,0,0,0,0,0,0,0,-1,0,45575,1,1,0,0
99150,죽음 (소환 : 바포메트),6,3,7,0,0,-4,0,0,0,0,0,0,0,-1,0,45597,1,1,0,0
99150,죽음 (소환 : 베레스),7,3,7,0,0,-4,0,0,0,0,0,0,0,-1,0,45598,1,1,0,0
99150,죽음 (에너지 볼트),8,2,100,0,0,-1,0,0,0,0,0,80,4,-1,0,0,0,0,0,0
99150,죽음 (특수 공격),9,1,100,0,0,-5,0,0,5,0,0,50,0,-1,0,0,0,0,0,0
99151,타락 (강제 변신 : 좀비),0,4,5,0,0,-9,0,0,0,0,0,0,0,-1,0,0,0,0,5112,0
99151,타락 (종합 마술),1,2,30,0,0,-4,0,0,0,0,0,30,10025,-1,0,0,0,0,0,0
99151,타락 (소환 : 타락의 사제),2,3,5,0,0,-3,0,0,0,0,0,0,0,-1,0,350202,1,3,0,0
99151,타락 (소환 : 타락의 사제),3,3,5,0,0,-3,0,0,0,0,0,0,0,-1,0,350203,1,3,0,0
99151,타락 (소환 : 타락의 사제),4,3,5,0,0,-3,0,0,0,0,0,0,0,-1,0,350204,1,3,0,0
99151,타락 (소환 : 타락의 사제),5,3,5,0,0,-3,0,0,0,0,0,0,0,-1,0,350205,1,3,0,0
99186,엘모어 마법사,0,2,100,0,0,-6,0,0,0,0,0,10,38,-1,0,0,0,0,0,0
99188,다크 엘모어 마법사,0,2,100,0,0,-6,0,0,0,0,0,20,38,-1,0,0,0,0,0,0
99188,다크 엘모어 마법사,1,2,100,0,0,-6,0,0,0,0,0,10,22,-1,0,0,0,0,0,0
99202,저주받은 다크 엘프 파이터 (쇼크 스턴),0,2,15,0,0,-1,0,0,0,0,0,0,87,-1,0,0,0,0,0,0
99203,저주받은 다크 엘프 마법사 (물리 공격),1,1,30,0,0,-1,0,0,1,0,0,10,0,-1,30,0,0,0,0,0
99203,저주받은 다크 엘프 마법사 (단체 마법),2,2,30,0,0,-1,0,0,0,0,0,10,10085,-1,0,0,0,0,0,0
99204,저주받은 다크 엘프 기사 (원거리 특수 공격),0,2,30,0,0,-6,0,0,0,0,0,10,10081,5722,0,0,0,0,0,0
99204,저주받은 다크 엘프 기사 (범위 특수 공격),1,2,30,0,0,-4,0,0,0,0,0,10,10082,5635,0,0,0,0,0,0
99212,다크 엘프 마법사 (콘 오브 콜드),0,2,80,0,0,-8,0,0,0,0,0,20,38,-1,0,0,0,0,0,0
99212,다크 엘프 마법사 (토네이도),1,2,80,0,0,-4,0,0,0,0,0,20,53,-1,3,0,0,0,0,0
99213,어둠 숲지기 (6 셀 원거리 공격),0,2,100,0,0,-6,5,0,6,0,0,10,10093,-1,0,0,0,0,0,0
99216,튜폰 (5 셀 범위 특수 공격),0,2,30,0,0,-5,0,0,0,0,0,10,10125,-1,0,0,0,0,0,0
99217,오튜 (8 셀 원거리 특수 공격),0,2,60,0,0,-8,0,0,0,0,0,10,10124,-1,0,0,0,0,0,0
99218,와이번 (토네이도),0,2,30,0,0,-4,0,0,0,0,0,25,53,-1,0,0,0,0,0,0
99223,블랙 타이거 (물리 공격),0,1,50,0,0,-2,0,0,2,0,0,10,0,-1,30,0,0,0,0,0
99224,헬 바운드 (불꽃),0,1,100,0,0,2,2,0,2,0,0,40,0,4646,3,0,0,0,0,0
99225,다크로드 (원거리 특수 공격),0,2,70,0,0,-8,0,0,0,0,0,0,10088,-1,0,0,0,0,0,0
99225,다크로드 (범위 특수 공격),1,2,30,0,0,-7,0,0,0,0,0,0,10089,-1,0,0,0,0,0,0
99234,대법관 케이 (8 셀 원거리 특수 공격),0,2,60,0,0,-8,0,0,0,0,0,10,10113,-1,0,0,0,0,0,0
99234,대법관 케이 (5 셀 범위 특수 공격),1,2,15,0,0,-5,0,0,0,0,0,10,10117,-1,0,0,0,0,0,0
99234,대법관 케이 (물리 공격),2,1,100,0,0,-2,0,0,2,0,0,30,0,-1,1,0,0,0,0,0
99235,대법관 비아 타스 (5 셀 범위 특수 공격),0,2,15,0,0,-5,0,0,0,0,0,10,10116,-1,0,0,0,0,0,0
99235,대법관 비아 타스 (물리 공격),1,1,100,0,0,-2,0,0,2,0,0,30,0,5367,1,0,0,0,0,0
99236,대법관 바로 메스 (5 셀 범위 특수 공격),0,2,10,0,0,-5,0,0,0,0,0,15,10109,-1,0,0,0,0,0,0
99236,대법관 바로 메스 (7 셀 범위 특수 공격),1,2,10,0,0,-7,0,0,0,0,0,20,10115,-1,0,0,0,0,0,0
99236,대법관 바로 메스 (물리 공격),2,1,100,0,0,-1,0,0,0,0,0,30,0,5480,1,0,0,0,0,0
99237,대법관 엔디 아스 (5 셀 범위 특수 공격),0,2,15,0,0,-5,0,0,0,0,0,10,10114,-1,0,0,0,0,0,0
99237,대법관 엔디 아스 (물리 공격),1,1,100,0,0,-8,0,0,8,0,0,30,0,-1,1,0,0,0,0,0
99238,대법관 이데아 (8 셀 원거리 특수 공격),0,2,60,0,0,-8,0,0,0,0,0,10,10113,-1,0,0,0,0,0,0
99238,대법관 이데아 (물리 공격),1,1,100,0,0,-2,0,0,2,0,0,40,0,-1,1,0,0,0,0,0
99239,대법관 티아 메스 (8 셀 원거리 특수 공격),0,2,60,0,0,-8,0,0,0,0,0,10,10111,-1,0,0,0,0,0,0
99239,대법관 티아 메스 (다크 미티어 스트라이크),1,2,15,0,0,-15,0,0,0,0,0,40,10112,-1,0,0,0,0,0,0
99239,대법관 티아 메스 (물리 공격),2,1,100,0,0,-1,0,0,1,0,0,40,0,-1,1,0,0,0,0,0
99240,대법관 라미 아스 (5 셀 범위 특수 공격),0,2,30,0,0,-5,0,0,0,0,0,10,10110,-1,0,0,0,0,0,0
99240,대법관 라미 아스 (소환 : 블랙 타이거),1,3,20,50,0,-3,10,0,0,0,0,0,0,-1,0,350331,1,1,0,0
99240,대법관 라미 아스 (소환 : 헬 하운드),2,3,20,50,0,-3,10,0,0,0,0,0,0,-1,0,350332,1,1,0,0
99240,대법관 라미 아스 (물리 공격),3,1,100,0,0,-1,0,0,1,0,0,40,0,-1,1,0,0,0,0,0
99241,대법관 바로 드 (8 셀 원거리 특수 공격),0,2,60,0,0,-8,0,0,0,0,0,10,10108,-1,0,0,0,0,0,0
99241,대법관 바로 드 (5 셀 범위 특수 공격),1,2,10,0,0,-5,0,0,0,0,0,10,10109,-1,0,0,0,0,0,0
99241,대법관 바로 드 (물리 공격),2,1,100,0,0,-1,0,0,1,0,0,30,0,-1,1,0,0,0,0,0
99242,여단장 다크 팬더 (원거리 특수 공격),0,2,70,0,0,-6,0,0,0,0,0,10,10083,4630,0,0,0,0,0,0
99242,여단장 다크 팬더 (범위 특수 공격),1,2,30,0,0,-3,0,0,0,0,0,40,10084,-1,0,0,0,0,0,0
99246,명법 단장 쿠리화스 (원거리 특수 공격),0,2,70,0,0,-6,0,0,0,0,0,10,10083,4630,0,0,0,0,0,0
99246,명법 단장 쿠리화스 (범위 특수 공격),1,2,30,0,0,-3,0,0,0,0,0,40,10084,-1,0,0,0,0,0,0
99247,명법 군왕 헬 바인 (소환 : 혈액 사악),0,3,5,0,0,-3,0,0,0,0,0,0,0,4540,0,45517,1,2,0,0
99247,명법 군왕 헬 바인 (소환 : 다크로드),1,3,5,0,0,-3,0,0,0,0,0,0,0,4540,0,350333,1,2,0,0
99247,명법 군왕 헬 바인 (미티어 스트라이크),2,2,30,0,0,-15,0,0,0,0,0,40,74,4538,0,0,0,0,0,0
99248,친위대 장 카이트 (8 셀 원거리 특수 공격),0,2,80,0,0,-8,0,0,0,0,0,20,10104,-1,0,0,0,0,0,0
99252,마법 단장 카르 미엘 (8 셀 원거리 특수 공격),0,2,80,0,0,-8,0,0,0,0,0,25,10105,-1,0,0,0,0,0,0
99253,마령 군왕 라이아 (아이스이 럽션),0,2,30,0,0,-9,0,0,0,0,0,40,10035,-1,0,0,0,0,0,0
99253,마령 군왕 라이아 (강제 변신 : 오크),1,4,5,0,0,-9,0,0,0,0,0,0,0,-1,0,0,0,0,56,0
99253,마령 군왕 라이아 (소환 : 소환 엘리멘탈),2,3,5,0,0,-3,0,0,0,0,0,0,0,-1,0,45310,1,2,0,0
